published_iso,published_ts,title,description,web_url,podcast_title,podcast_url,player_url,id
2019-08-26T07:06:05+00:00,1566803165,"Un mur, trois révolutions, comment les événements de 1989 ont-ils changé la façon d’écrire l’histoire ?","Que s’est-il passé exactement le 9 novembre 1989 ? Ce jour-là, à 18 heures, lors d'une conférence de presse, Gunter Schabowski, porte-parole du parti communiste est-allemand, annonce qu'il est désormais possible de franchir le mur grâce à des visas distribués sans conditions préalables. 
",https://www.franceculture.fr/franceculture/podcasts/le-cours-de-l-histoire/un-mur-trois-revolutions-comment-les-evenements-de-1989-ont-ils-change-la-facon-d-ecrire-l-histoire-3783020,,,,25e5c6f1-582b-4be8-9110-723465317330_5
2019-08-27T07:06:05+00:00,1566889565,La RDA par elle-même,"En 1990 l’Allemagne de l’Est disparaît, son rattachement à la RFA signe la disparition d’un Etat qui avait tenté de mettre en application une utopie du socialisme politique. Comment les Allemands de l’Est se représentaient-ils et ont-ils ou non défendu leur pays si vite effacé ?",https://www.franceculture.fr/franceculture/podcasts/le-cours-de-l-histoire/la-rda-par-elle-meme-6120789,,,,d69ff1f1-a950-4999-a77a-4d8cfdf91c49_5
2019-08-28T07:06:05+00:00,1566975965,"Trente ans après, comment agissent encore les archives de la Stasi sur la société allemande ?","Ouvertes au lendemain de la chute du mur, les archives de la police politique est-allemande ont révélé une société sous surveillance. Trente ans après, qu'a-t-on appris de ces révélations et comment agissent-elles encore aujourd'hui sur la société allemande ?",https://www.franceculture.fr/franceculture/podcasts/le-cours-de-l-histoire/trente-ans-apres-comment-agissent-encore-les-archives-de-la-stasi-sur-la-societe-allemande-1703127,,,,cc1c7fd9-0707-413a-bb22-a0e74a24371e_5
2019-08-29T07:06:05+00:00,1567062365,La querelle des images ou l’art allemand après la chute du mur de Berlin,"Construit au cours de l’été 1961, le mur de Berlin qui séparait physiquement et politiquement le monde bipolaire de la Guerre froide tombe le 9 novembre 1989. En à peine une année, l’Allemagne de l’Est, la RDA, est rattachée à l’Allemagne de l’Ouest, la RFA. Reste à imaginer un avenir commun.",https://www.franceculture.fr/franceculture/podcasts/le-cours-de-l-histoire/la-querelle-des-images-ou-l-art-allemand-apres-la-chute-du-mur-de-berlin-8615670,,,,2585f180-dbd9-47e6-a269-50f4bb203ecb_5
2019-08-30T07:06:05+00:00,1567148765,Berlin à la trace  ,"30 ans après la chute du mur de Berlin, l'ex RDA est toujours présente à travers ses ruines et ses lieux abandonnés. On explore aujourd'hui ce passé de l'Allemagne de l'Est avec l'historien Nicolas Offenstadt lors d'une promenade berlinoise.",https://www.franceculture.fr/franceculture/podcasts/le-cours-de-l-histoire/berlin-a-la-trace-4505062,,,,c46c8692-2c91-465c-bba4-51079bdd7147_5
2019-09-02T07:06:05+00:00,1567407965,Pourquoi les paradis perdus nous fascinent-ils tant ?,"Comment expliquer l’attrait que suscitent chez nous les civilisations perdues ? Nous essaierons de répondre à cette question en nous penchant sur le « mystère étrusque », sur une civilisation aux traits singuliers dont les origines et la langue fascinent depuis l’Antiquité.",https://www.franceculture.fr/franceculture/podcasts/le-cours-de-l-histoire/pourquoi-les-paradis-perdus-nous-fascinent-ils-tant-1218149,,,,9a08682c-0336-45ca-83d6-178ed1722b7b_5
2019-09-03T07:06:05+00:00,1567494365,Comment les nationalismes puisent dans les civilisations perdues ou inventées pour se construire ? ,"Les civilisations perdues sont parfois des civilisations inventées. Retour sur cette fabrication mythique, qui fait souvent écho aux aspirations contemporaines et aux besoins contemporains.",https://www.franceculture.fr/franceculture/podcasts/le-cours-de-l-histoire/comment-les-nationalismes-puisent-dans-les-civilisations-perdues-ou-inventees-pour-se-construire-6554416,,,,1f9d73c5-0b11-4f0c-9653-126262191f1b_5
2019-09-04T07:06:05+00:00,1567580765,Quand l’Afrique rêve ses civilisations passées,"L’imaginaire, individuel et collectif, est parfois le lieu de prédilection des civilisations perdues qui deviennent des civilisations rêvées, et des moyens de se reconnaître et de se construire. Qu'en est-il de l'Afrique ? ",https://www.franceculture.fr/franceculture/podcasts/le-cours-de-l-histoire/quand-l-afrique-reve-ses-civilisations-passees-8224046,,,,4a23e8cc-4d64-431f-917a-da8a0b8a0416_5
2019-09-05T07:06:05+00:00,1567667165,Les nazis et le pillage des civilisations passées,Dans quelle mesure l’idéologie nazie peut-elle être définie comme un ensemble d’emprunts à différentes civilisations ? C’est ce que nous verrons aujourd’hui ; en interrogeant le rôle de l’archéologie et de l’histoire comme instruments de propagande.,https://www.franceculture.fr/franceculture/podcasts/le-cours-de-l-histoire/les-nazis-et-le-pillage-des-civilisations-passees-9378825,,,,f9a37061-914e-4f4a-a37c-62ebc40a23de_5
2019-09-06T07:06:05+00:00,1567753565,Histoire-Géographie : demandez le programme !,"Chaque vendredi, le Cours de l'histoire passe au présent et met en lumière les liens entre histoire et actualité.",https://www.franceculture.fr/franceculture/podcasts/le-cours-de-l-histoire/histoire-geographie-demandez-le-programme-3919263,,,,61642b4d-e87e-4825-982d-dd89ba73e094_5
2019-09-09T07:06:05+00:00,1568012765,"Pour le roi, la faim justifierait-elle les moyens ? ","Avec les nouveaux moyens des sciences du climat et de la terre est réapparu un drôle de déterminisme naturel en histoire : les grands changements de civilisation seraient la conséquence de facteurs ""naturels"", de catastrophes climatiques… Mais n'est-ce pas là une conclusion un peu trop simpliste ?",https://www.franceculture.fr/franceculture/podcasts/le-cours-de-l-histoire/pour-le-roi-la-faim-justifierait-elle-les-moyens-9774900,,,,4346a4bf-10de-4cd3-a1bb-e338ef49f0d4_5
2019-09-10T07:06:05+00:00,1568099165,La nature et le Capital ,"Loin d’une histoire naturelle déconnectée des hommes et extérieure aux sociétés, l’histoire environnementale s’applique à révéler les pratiques et les rapports de force qui lient depuis toujours les sociétés humaines à leur environnement.",https://www.franceculture.fr/franceculture/podcasts/le-cours-de-l-histoire/la-nature-et-le-capital-3737622,,,,860009d0-ad7e-4a59-96f3-45f843507643_5
2019-09-11T07:06:05+00:00,1568185565,La colonisation par la racine ,"Des racines à l’écorce, en passant par les feuilles, par les fleurs ou encore par les graines, les plantes sont porteuses vertus curatives. Nos ancêtres l’ont bien compris et quand ils ont colonisé le monde, ils se sont accaparés les plantes médicinales. ",https://www.franceculture.fr/franceculture/podcasts/le-cours-de-l-histoire/la-colonisation-par-la-racine-5430275,,,,90dfef5c-4eb7-4ffd-934a-e6ed80fd216c_5
2019-09-12T07:06:05+00:00,1568271965,"La guerre industrielle, matrice de toutes les pollutions ? ","Champs minés, plages polluées par de vieux obus... Les pollutions engendrées par les guerres sont innombrables et durables, mais ce sont souvent des guerres et des complexes militaro-industriels que naissent les pollutions à venir. A tuer les hommes, on tue inévitablement la nature ? ",https://www.franceculture.fr/franceculture/podcasts/le-cours-de-l-histoire/la-guerre-industrielle-matrice-de-toutes-les-pollutions-8948550,,,,1d1dc16c-785a-4a8f-8bfb-3c29a4da42a6_5
2019-09-13T07:06:05+00:00,1568358365,"Actualités : Jeanne et ""L'Amérique Fantôme""","Et si l'histoire de France s'écrivait à travers le parcours singulier de certaines personnalités ? De Jeanne d'Arc aux coureurs des bois français en Amérique du Nord, une certaine histoire française se dessine.",https://www.franceculture.fr/franceculture/podcasts/le-cours-de-l-histoire/actualites-jeanne-et-l-amerique-fantome-8271158,,,,db17dc0e-fcc5-47f4-a405-6e1989e75025_5
2019-09-16T07:06:05+00:00,1568617565,Réinventer le récit médiéval ,"Quelles connexions existent entre le Moyen Âge et notre époque contemporaine, et comment réinventer le récit historique afin de mettre en lumière cette présence médiévale ? ",https://www.franceculture.fr/franceculture/podcasts/le-cours-de-l-histoire/reinventer-le-recit-medieval-4205218,,,,a141a753-5026-4521-b195-d469b4d153e8_5
2019-09-17T07:06:05+00:00,1568703965,Les oubliés du Moyen Âge sortent du bois,"Ces dernières années ont été l’occasion d’une réhabilitation du Moyen Âge. Toutefois, certaines périodes restent mal connues et victimes d’idées reçues...",https://www.franceculture.fr/franceculture/podcasts/le-cours-de-l-histoire/les-oublies-du-moyen-age-sortent-du-bois-7717800,,,,f6cc8b2e-3ac5-4fc4-9d3e-9da6a6a52950_5
2019-09-18T07:06:05+00:00,1568790365,Retrouver le Moyen Âge par la légende,"Peuplé de rois et de reines, de chevaliers et de druides, le Moyen Âge fait rêver. Et si la légende était aussi une façon de rencontrer cette période ? ",https://www.franceculture.fr/franceculture/podcasts/le-cours-de-l-histoire/retrouver-le-moyen-age-par-la-legende-6537705,,,,02abf925-ca4f-43a0-9234-c6af5cddacd2_5
2019-09-19T07:06:05+00:00,1568876765,"Histoire politique sans couronne, comment raconter l’histoire du Moyen Âge par le bas ?","Le Moyen Âge est une succession d’images d’Epinal, événements très présents dans l’imaginaire collectif. Souvent rappelés et réinterrogés, ces micro-histoires sont l’occasion d’appréhender des réalités politiques, sociales et culturelles plus globales.",https://www.franceculture.fr/franceculture/podcasts/le-cours-de-l-histoire/histoire-politique-sans-couronne-comment-raconter-l-histoire-du-moyen-age-par-le-bas-3476485,,,,eb740782-da87-42db-bb71-1bd7e8f07953_5
2019-09-20T07:06:05+00:00,1568963165,"Actualités : ""Les revers de l'amour"" et les actes du colloque ""Mémoire de la guerre d'Algérie en 2019""","Aujourd'hui nous parlerons de l'histoire des ruptures, thème peu courant dans l'historiographie, mais ô combien connu de tous. Nous aborderons également la question de la mémoire de la guerre d'Algérie, et de la place qu'y occupent les archives nationales et internationales.",https://www.franceculture.fr/franceculture/podcasts/le-cours-de-l-histoire/actualites-les-revers-de-l-amour-et-les-actes-du-colloque-memoire-de-la-guerre-d-algerie-en-2019-5811206,,,,43152021-bca4-4a33-956e-6b50beee4a82_5
2019-09-23T07:06:05+00:00,1569222365,"La vieillesse, entre expérience vécue et représentations ","Quelles représentations de la vieillesse cohabitent au 20e siècle, et que disent-elles de l’évolution de nos sociétés ? Du vieillard miséreux au retraité doré, en passant par la figure du centenaire et l’invention du ""troisième âge"", nous explorons la palette des imaginaires de la vieillesse.",https://www.franceculture.fr/franceculture/podcasts/le-cours-de-l-histoire/la-vieillesse-entre-experience-vecue-et-representations-7726770,,,,6edcee6a-7366-44f4-94db-e80235f412df_5
2019-09-24T07:06:05+00:00,1569308765,"Les ancêtres de nos ancêtres, la vieillesse dans l’Antiquité",Vivait-on vraiment moins vieux dans l’Antiquité ? A quel âge était-on considéré comme âgé ? Les âges de la vie étaient-ils les mêmes dans le monde grec qu’actuellement ? Nous dressons aujourd'hui le portrait des ancêtres de nos ancêtres.,https://www.franceculture.fr/franceculture/podcasts/le-cours-de-l-histoire/les-ancetres-de-nos-ancetres-la-vieillesse-dans-l-antiquite-2821994,,,,7bc14f29-0c60-4e2a-aa03-e9c280d5ab20_5
2019-09-25T07:06:05+00:00,1569395165,"Loin des yeux, près du cœur ? ","Si l’hospice a certes été un lieu d’enfermement et de solitude, il a aussi été et est toujours beaucoup plus que cela : un lieu de socialisation, un lieu de confort mais aussi de travail… ",https://www.franceculture.fr/franceculture/podcasts/le-cours-de-l-histoire/loin-des-yeux-pres-du-coeur-6005126,,,,1c10b7dc-224e-42fe-be11-21294b354946_5
2019-09-26T07:06:05+00:00,1569481565,"Assurer la vieillesse, la longue histoire des retraites ","Une histoire de la protection sociale, et notamment de la retraite, en cette période où elle est en cours de redéfinition. Quand a émergé ce concept, sous l’effet de quelles politiques, et avec quels enjeux ? ",https://www.franceculture.fr/franceculture/podcasts/le-cours-de-l-histoire/assurer-la-vieillesse-la-longue-histoire-des-retraites-5133032,,,,c0351a4e-e207-4036-bfd4-edbd701d8639_5
2019-09-27T07:06:05+00:00,1569567965,"Jacques Chirac, bête politique","Au lendemain de la mort de Jacques Chirac, Le Cours de l'histoire revient sur l'homme politique qui en quarante ans de carrière en passa douze au sommet de l'Etat, après avoir été président du RPR, maire de Paris, député, ministre, et premier ministre.",https://www.franceculture.fr/franceculture/podcasts/le-cours-de-l-histoire/jacques-chirac-bete-politique-3138613,,,,221411c9-6ce8-45d5-b714-da1c466c2de8_5
2019-09-30T07:06:05+00:00,1569827165,Aux origines du judaïsme,"Comment et où est née la religion juive ? Quelle est l’historicité des récits qui fondent les premiers temps d’une religion ? Le judaïsme est-il la première religion monothéiste ? Aujourd'hui, Le Cours de l'histoire remonte aux origines du judaïsme.",https://www.franceculture.fr/franceculture/podcasts/le-cours-de-l-histoire/aux-origines-du-judaisme-3707894,,,,069f5c75-0e19-456a-966e-c6c596a8a828_5
2019-10-01T07:06:05+00:00,1569913565,"L’invention de l’Eglise, la religion perpétuellement réinventée ","Entre le Moyen Âge et l’époque moderne, l’Eglise comme institution n’a eu de cesse de se réinventer, de se mettre en récit au gré des besoins du temps présent. ",https://www.franceculture.fr/franceculture/podcasts/le-cours-de-l-histoire/l-invention-de-l-eglise-la-religion-perpetuellement-reinventee-6434354,,,,6591be02-253c-44fd-a670-e9cbefcc7046_5
2019-10-02T07:06:05+00:00,1569999965,Aux origines de l’Islam,Comment l’Islam est-il né ? Les origines de cette religion sont-elles inséparables d’un certain modèle d’organisation politique et de vie en société ? Aujourd'hui Le Cours de l'histoire remonte aux origines de l'Islam.,https://www.franceculture.fr/franceculture/podcasts/le-cours-de-l-histoire/aux-origines-de-l-islam-5786760,,,,c31aaeae-1c6a-4097-8221-b57bea7bc1ce_5
2019-10-03T07:06:05+00:00,1570086365,"Les dieux meurent aussi, la fin des idoles","Comment les savoirs religieux se sont élaborés, enracinés, transformés, perpétués et pourquoi ils ont disparu ? Quatrième et dernier volet de notre série d'émissions consacrées à la naissance des religions avec leur disparition.",https://www.franceculture.fr/franceculture/podcasts/le-cours-de-l-histoire/les-dieux-meurent-aussi-la-fin-des-idoles-8814748,,,,ba4459e1-7220-416f-8924-211836481b24_5
2019-10-04T07:06:05+00:00,1570172765,"Actualités : ""La république de Chine"" et ""Les prisons de la foi""","Le Cours de l'histoire se consacre aujourd'hui à l'actualité des essais, avec Natalia Muchnik et Xavier Paulès.",https://www.franceculture.fr/franceculture/podcasts/le-cours-de-l-histoire/actualites-la-republique-de-chine-et-les-prisons-de-la-foi-2100178,,,,b3880575-804e-4281-bf37-cd183d842579_5
2019-10-07T07:06:05+00:00,1570431965,Pour une autre histoire de l'exploration du monde,"Comment la notion de grandes découvertes peut-elle encore être opérante aujourd’hui en histoire ? ""Le Cours de l'histoire"" du 30 mars 2020 questionne trois historiens. ",https://www.franceculture.fr/franceculture/podcasts/le-cours-de-l-histoire/pour-une-autre-histoire-de-l-exploration-du-monde-7098975,,,,0dd0df01-8f2b-4a55-a7b4-b80d6fcdad95_5
2019-10-08T07:06:05+00:00,1570518365,Histoire d’une rencontre : le miroir des Grandes Découvertes ,"Comment les Amérindiens ont vu, perçu, et vécu l'arrivée des Occidentaux et la colonisation ? Ce 31 mars 2020, ""Le Cours de l'histoire"" aborde l'effet miroir de la colonisation. ",https://www.franceculture.fr/franceculture/podcasts/le-cours-de-l-histoire/histoire-d-une-rencontre-le-miroir-des-grandes-decouvertes-4927397,,,,d6b3c980-bac5-40bf-8f78-42fb9431af74_5
2019-10-09T07:06:05+00:00,1570604765,Diabolique Amérique : de Christophe Colomb à Vladimir Maïakovski  ,"Il n’y a pas un mais plusieurs Christophe Colomb, de nombreuses vies au gré des siècles qui ont suivi la date fatidique de 1492. Mais qui était-il vraiment, comment s’approcher de ce que ce contemporain du XVème siècle a vraiment pensé et vécu ? En avril 2020, ""Le Cours de l'histoire"" s'interroge. ",https://www.franceculture.fr/franceculture/podcasts/le-cours-de-l-histoire/diabolique-amerique-de-christophe-colomb-a-vladimir-maiakovski-3693083,,,,c3bf3863-7210-4f32-9620-e34340f9e989_5
2019-10-10T07:06:05+00:00,1570691165,La conquête de l’Est,"Alors que les Occidentaux ont déjà rallié l’Amérique, une autre aventure commence : la conquête de la Sibérie, de ses terres gelées et de ses précieuses ressources. Comment s’est déroulée cette autre « Grande découverte » ? ",https://www.franceculture.fr/franceculture/podcasts/le-cours-de-l-histoire/la-conquete-de-l-est-2645682,,,,c7512e56-2a03-4493-bc77-730d469db853_5
2019-10-11T07:06:05+00:00,1570777565,Emission spéciale en direct des Rendez-vous de l’Histoire de Blois,"Le Cours de l'histoire s'installe dans l'auditorium de la bibliothèque de l'Abbé Grégoire pour une émission spéciale en direct des Rendez-vous de l’Histoire de Blois. Au sommaire, une histoire des historiens par les historiens et les secrets de cette superstar qu'est la Joconde. ",https://www.franceculture.fr/franceculture/podcasts/le-cours-de-l-histoire/emission-speciale-en-direct-des-rendez-vous-de-l-histoire-de-blois-6738469,,,,3e38352a-03d6-4d76-af9f-83f0d2468bc1_5
2019-10-14T07:06:05+00:00,1571036765,Les Lumières sont-elles à l’origine de la Révolution ?,"La Révolution française n’est pas un coup de tonnerre dans un ciel serein, il semble qu’elle soit le produit de son siècle... Mais quelle en est l'origine intellectuelle ? Le terreau de la Révolution française est-il à rechercher dans la philosophie des Lumières ?  ",https://www.franceculture.fr/franceculture/podcasts/le-cours-de-l-histoire/les-lumieres-sont-elles-a-l-origine-de-la-revolution-3286225,,,,9a46a073-eb42-4ba4-8f96-ff5b8646961c_5
2019-10-15T07:06:05+00:00,1571123165,Vivre la Révolution,"La Révolution, c’est l’avènement du peuple souverain. Mais que désire précisément ce peuple, et quelles formes prennent ses revendications politiques, sociales et économiques ? ",https://www.franceculture.fr/franceculture/podcasts/le-cours-de-l-histoire/vivre-la-revolution-3133247,,,,5a5064cb-2e7f-4653-8e69-e882d4f10a97_5
2019-10-16T07:06:05+00:00,1571209565,"Le Roi est mort, et la Reine aussi ! ","Si l’image du roi guillotiné cristallise à elle seule les plus grandes heures de la Révolution, cela n’en est pas moins vrai de la mort de la reine. Entre déni et stratégies d’évitement, histoire d’une reine de France face à la mort d’un régime.",https://www.franceculture.fr/franceculture/podcasts/le-cours-de-l-histoire/le-roi-est-mort-et-la-reine-aussi-7008330,,,,c5854b97-8a65-4371-a148-7c61e271a567_5
2019-10-17T07:06:05+00:00,1571295965,La Contre-Révolution,"La Révolution est un torrent qui a tout balayé sur son passage et fait triompher les idées de liberté et d'égalité. Or elle a suscité des résistances : à la Révolution s'est opposée, dès 1789, la Contre-révolution. Qui étaient les contre-révolutionnaires ? Que défendaient-ils ? ",https://www.franceculture.fr/franceculture/podcasts/le-cours-de-l-histoire/la-contre-revolution-6554474,,,,23c69589-7bad-4e49-817b-294bead79928_5
2019-10-18T07:06:05+00:00,1571382365,"Actualités : ""Quand les artistes dessinaient les cartes"" et ""Règnes de Cendres"" ","Au sommaire de notre émission aujourd'hui, l'exposition ""Quand les artistes dessinaient les cartes"" au musée des Archives Nationales de Paris et le projet de série sur Catherine de Médicis.",https://www.franceculture.fr/franceculture/podcasts/le-cours-de-l-histoire/actualites-quand-les-artistes-dessinaient-les-cartes-et-regnes-de-cendres-4765000,,,,fdb64432-4ff5-4d1d-b452-3eb227623d9f_5
2019-10-21T07:06:05+00:00,1571641565, Pétrole et convoitises : l’importance de l'or noir dans les conflits du XXe siècle,L’essence a été l'un des moteurs des deux guerres mondiales. Comment l’usage intensif du pétrole a-t-il orienté les intérêts géopolitiques lors des grands conflits mondiaux survenus au XXe siècle ?,https://www.franceculture.fr/franceculture/podcasts/le-cours-de-l-histoire/petrole-et-convoitises-l-importance-geopolitique-et-geostrategique-du-petrole-dans-les-conflits-du-xxeme-siecle-1658590,,,,6779a592-11ae-4ef4-a009-2056486ff83c_5
2019-10-22T07:06:05+00:00,1571727965,Paysages noirs : pétrole et pollution,"Comment le pétrole et dans son sillage les gisements, les fuites, le gaz de schiste, ont impacté nos paysages ainsi que notre santé ? Comment réagir face à l'arrivée de cette ""nouvelle pollution"" ?",https://www.franceculture.fr/franceculture/podcasts/le-cours-de-l-histoire/paysages-noirs-petrole-et-pollution-5025758,,,,f5cb41c8-e5a7-4f7f-bd0f-2522825b039c_5
2019-10-23T07:06:05+00:00,1571814365,Tous pétro-addicts ?,"Comment, surtout, la culture américaine est-elle devenue une culture de l’automobile au point qu’elle y soit « addict », et de ne plus pouvoir s’en passer (elle soulève les foules si
l’essence vient à manquer) ? Cela s’est-il ensuite généralisé au reste du monde ?",https://www.franceculture.fr/franceculture/podcasts/le-cours-de-l-histoire/tous-petro-addicts-3507482,,,,acb87e99-4a04-4ed4-8765-992937c515cb_5
2019-10-24T07:06:05+00:00,1571900765,1001 usages du pétrole : des sociétés pétro-façonnées jusque dans leur moindre recoin,"Comment le pétrole s’est-il insinué dans chaque recoin de notre vie quotidienne, des emballages alimentaires jusqu'à l'art contemporain ?",https://www.franceculture.fr/franceculture/podcasts/le-cours-de-l-histoire/1001-usages-du-petrole-des-societes-petro-faconnees-jusque-dans-leur-moindre-recoin-9641115,,,,94d55755-67cf-4704-b32d-40234f941cfb_5
2019-10-25T07:06:05+00:00,1571987165,Michelle Perrot sur le chemin des femmes,"Le Cours de l'histoire reçoit aujourd'hui l'historienne Michelle Perrot pour son nouvel ouvrage ""Le Chemin des femmes"", ainsi qu'Anaïs Flechet et Valérie Hannin, qui viendront toutes deux présenter le nouveau numéro du magazine L'Histoire.",https://www.franceculture.fr/franceculture/podcasts/le-cours-de-l-histoire/michelle-perrot-sur-le-chemin-des-femmes-4451677,,,,52e6f9bd-dd53-4912-bf7a-01370ff3f352_5
2019-10-28T08:06:05+00:00,1572249965,"L’esclavage, moteur de la démocratie antique ?",L’esclavagisme est indissociable de l’idée démocratique telle qu’elle existe dans la Grèce antique. Quel était le travail de ces hommes-marchandises essentiels à la société athénienne ?,https://www.franceculture.fr/franceculture/podcasts/le-cours-de-l-histoire/l-esclavage-moteur-de-la-democratie-antique-4052125,,,,58eda0f6-3904-4de2-b634-d7766e3ef964_5
2019-10-29T08:06:05+00:00,1572336365," Le servage et son abolition, la Russie entre deux mondes","L’abolition du servage en Russie signe la fin de l’organisation de la société et du travail telle que l’a connue la Russie impériale. Qui étaient ces serfs, et comment comprendre aujourd’hui le moment charnière de l’abolition ?",https://www.franceculture.fr/franceculture/podcasts/le-cours-de-l-histoire/le-servage-et-son-abolition-la-russie-entre-deux-mondes-7608108,,,,ddbb9886-605e-4d5c-bb3e-4225c3d92609_5
2019-10-30T08:06:05+00:00,1572422765,"Benjamin Lay, un abolitionniste au temps des Lumières","Entretien avec Marcus Rediker, à l’occasion de la publication de sa biographie de Benjamin Lay, grande figure de l’abolitionnisme à l’époque moderne. ",https://www.franceculture.fr/franceculture/podcasts/le-cours-de-l-histoire/benjamin-lay-un-abolitionniste-au-temps-des-lumieres-8713150,,,,b0e516d0-a3d4-4401-9c0a-9c878c2ea4ed_5
2019-10-31T08:06:05+00:00,1572509165,Quand les esclaves reprennent le travail ,"Suite à l’abolition de l’esclavage de 1848, le gouvernement français met en place l’immigration de travailleurs sous contrat d’engagement de travail : l'engagisme. Comment un système de domination s’est perpétué selon de nouvelles modalités ?",https://www.franceculture.fr/franceculture/podcasts/le-cours-de-l-histoire/quand-les-esclaves-reprennent-le-travail-7254170,,,,7a0501ff-9bd4-4ebe-9aa8-d9edd8b8bfdc_5
2019-11-04T08:06:05+00:00,1572854765,"Administrateurs, administrés ","Depuis 1884, les maires sont élus par leurs concitoyens. Comment ces figures politiques sont-elles devenues indispensables pour la population locale et pour l'Etat ? ",https://www.franceculture.fr/franceculture/podcasts/le-cours-de-l-histoire/administrateurs-administres-8174460,,,,f0254132-c7b9-4d28-b393-0bfcc162d442_5
2019-11-05T08:06:05+00:00,1572941165,De pierre et d’os : la matière de nos villes ,"La pierre fait-elle la ville ? Une ville en pierre est-elle plus ancienne, plus importante, plus influente, qu’une ville en bois ou en briques par exemple ? La pétrification des villes va-t-elle de pair avec leur pérennité ? Le Cours de l'histoire explore aujourd'hui la matière de nos villes. ",https://www.franceculture.fr/franceculture/podcasts/le-cours-de-l-histoire/de-pierre-et-d-os-la-matiere-de-nos-villes-8269790,,,,d5a42374-1447-4a44-a2ac-8f4d6222bde6_5
2019-11-06T08:06:05+00:00,1573027565,Quand la ville surgit,"En 1860, les quartiers de l’ancienne petite banlieue sont annexés à Paris par Haussmann. Mais ces quartiers n’ont-ils fait partie de Paris que lorsqu’ils sont entrés officiellement dans la capitale, ou peut-on dire, qu’avant d’être annexés, ces quartiers formaient une autre ville ? ",https://www.franceculture.fr/franceculture/podcasts/le-cours-de-l-histoire/quand-la-ville-surgit-5203298,,,,4afb0166-17f7-45ec-8fa5-afa55d9ba56b_5
2019-11-07T08:06:05+00:00,1573113965,Rêves et cauchemars architecturaux,Comment l’armée française s’est-elle servie de l’architecture comme d’une arme pour empêcher toutes tentatives révolutionnaires lors de la guerre d’Algérie ? Aujourd'hui Le Cours de l'histoire explore les rêves et cauchemars liés à l’architecture.,https://www.franceculture.fr/franceculture/podcasts/le-cours-de-l-histoire/reves-et-cauchemars-architecturaux-7791319,,,,241a43f6-ccc4-4303-bd7d-6153b0fc5177_5
2019-11-08T08:06:05+00:00,1573200365,"Actualités : ""1989"" et ""Apocalypse, la guerre des mondes""","Aujourd'hui Le Cours de l'histoire replonge dans les années de la guerre froide en compagnie de Pierre Grosser, Isabelle Clarke et Daniel Costelle.",https://www.franceculture.fr/franceculture/podcasts/le-cours-de-l-histoire/actualites-1989-et-apocalypse-la-guerre-des-mondes-1080199,,,,bb8c516f-a0eb-4f3c-a577-0cff1168cf76_5
2019-11-11T08:06:05+00:00,1573459565,"La Première Guerre mondiale, une guerre des images ? ","La Première Guerre mondiale est le premier conflit de l’histoire à avoir été aussi largement filmé, photographié, diffusé. Comment comprendre cette abondante production visuelle, quels en furent les effets et en quoi ont-ils fait de cette guerre une guerre des images ? ",https://www.franceculture.fr/franceculture/podcasts/le-cours-de-l-histoire/la-premiere-guerre-mondiale-une-guerre-des-images-4051584,,,,beae5df8-e403-463f-a5f4-f0afa0661796_5
2019-11-12T08:06:05+00:00,1573545965,L’expérience enfantine du premier conflit mondial : entre désir de guerre et propagande,"Trop âgés pour être forcés d’aller à l’école mais trop jeunes encore pour partir au front, quel fut le destin des adolescents-combattants de la Première Guerre mondiale ? ",https://www.franceculture.fr/franceculture/podcasts/le-cours-de-l-histoire/l-experience-enfantine-du-premier-conflit-mondial-entre-desir-de-guerre-et-propagande-9169691,,,,a32b0271-2383-49cb-8e21-8a8976449369_5
2019-11-13T08:06:05+00:00,1573632365,Un désir de neutralité ,"Comment rester neutre dans un monde en guerre ? Le Cours de l'histoire revient aujourd'hui sur la position des Etats-Unis dans la Première Guerre mondiale, de la neutralité à la prise de position en 1917.",https://www.franceculture.fr/franceculture/podcasts/le-cours-de-l-histoire/un-desir-de-neutralite-2927164,,,,f73f4599-5617-4c7f-901d-e76067a9ec2a_5
2019-11-14T08:06:05+00:00,1573718765,Reconstruire et raconter : que faire de la guerre après la guerre ?,"Une fois la guerre terminée et l’Armistice signé le 11 novembre 1918, que faire ? Comment réparer les désastres de la guerre ? Les Alliés, lors du traité de Versailles, décident de se « partager l’Allemagne ». Le Cours de l'histoire se penche sur l’occupation de la Rhénanie par les Français.",https://www.franceculture.fr/franceculture/podcasts/le-cours-de-l-histoire/reconstruire-et-raconter-que-faire-de-la-guerre-apres-la-guerre-9736617,,,,6361365c-f1d3-46b0-af7f-a235e5bc9505_5
2019-11-15T08:06:05+00:00,1573805165,"Emission en direct du Théatre Municipal d'Orléans, Cannes 1939","Le 1er septembre 1939 doit s’ouvrir à Cannes le premier Festival international du Film, qui a pour ambition de concurrencer la Mostra de Venise et sa propagande fasciste. L’entrée en guerre interrompt brutalement le projet, et la première édition du Festival n’aura finalement lieu qu’en 1946. ",https://www.franceculture.fr/franceculture/podcasts/le-cours-de-l-histoire/emission-en-direct-du-theatre-municipal-d-orleans-cannes-1939-7594626,,,,bb8d2a5e-e2ac-4c6a-8ab8-9dbf4bade44f_5
2019-11-18T08:06:05+00:00,1574064365,"""J'accuse !"" de Roman Polanski, qu’en pensent les historiennes et les historiens ?","Le 13 novembre dernier sortait ""J'accuse !"" le nouveau film réalisé par Roman Polanski qui revient sur la fameuse ""Affaire Dreyfus"" mais avec un point de vu singulier, celui du lieutenant-colonel Georges Picquart. ",https://www.franceculture.fr/franceculture/podcasts/le-cours-de-l-histoire/j-accuse-de-roman-polanski-qu-en-pensent-les-historiennes-et-les-historiens-7712676,,,,4e36a5ce-5e56-4306-96f6-e876b98f2d04_5
2019-11-19T08:06:05+00:00,1574150765,"Le film historique, ou la revanche du décor","Le décor de cinéma, souvent relégué au statut de toile de fond, est d’une importance capitale dans les films historiques. Comment participe-t-il activement de la mise en récit de l’histoire, comment façonne-t-il nos représentations historiques et nos discours ? ",https://www.franceculture.fr/franceculture/podcasts/le-cours-de-l-histoire/le-film-historique-ou-la-revanche-du-decor-2041838,,,,67fa8dc6-e110-4695-94fd-60e27b1ca145_5
2019-11-20T08:06:05+00:00,1574237165,Âges sombres et salles obscures,"Monstres, invasions extraterrestres, projets scientifiques fous et apocalypses ont peuplé les écrans dès la fin du Second conflit mondial. Comment le cinéma de science-fiction s’est-il fait l’écho des inquiétudes du siècle ?",https://www.franceculture.fr/franceculture/podcasts/le-cours-de-l-histoire/ages-sombres-et-salles-obscures-3806527,,,,27f77b89-6008-4ed2-b68b-a4da4a57d9bb_5
2019-11-21T08:06:05+00:00,1574323565,"Chili, un cinéma toujours en lutte ?","46 ans après le coup d’Etat dirigé par le général d’armée Augusto Pinochet contre le président démocratiquement élu Salvador Allende, comment le Chili, un pays meurtrit par des années de dictature, perpétue-t-il la lutte ? ",https://www.franceculture.fr/franceculture/podcasts/le-cours-de-l-histoire/chili-un-cinema-toujours-en-lutte-3121489,,,,1e2a48f1-a1cf-441d-badf-104bf844a72a_5
2019-11-22T08:06:05+00:00,1574409965,"Actualités : ""Faire musée d’une histoire commune"" et ""Il était une fois les révolutions""",Comment préfigurer la nouvelle exposition permanente du Musée national de l’histoire de l’immigration ? ,https://www.franceculture.fr/franceculture/podcasts/le-cours-de-l-histoire/actualites-faire-musee-d-une-histoire-commune-et-il-etait-une-fois-les-revolutions-7933196,,,,91e5de60-2735-4d89-ade5-160620f882ce_5
2019-11-27T08:06:05+00:00,1574841965,"Mon nom, ma bataille","Existe-t-il une logique de reproduction sociale au Moyen Âge ? Nous verrons par quels moyens l’on cherche alors à assurer la pérennité de son lignage, de ses terres, de son statut, jusqu'à parfois s'inventer une généalogie.",https://www.franceculture.fr/franceculture/podcasts/le-cours-de-l-histoire/mon-nom-ma-bataille-5211591,,,,a8f78ef2-a800-4b18-9a8b-62bd1eb73e6a_5
2019-11-28T08:06:05+00:00,1574928365,Fatals frangins   ,"Le christianisme fait de la relation fraternelle un idéal exemplaire des bonnes relations humaines. Or paradoxalement, les textes bibliques, abondent en récits de relations fraternelles difficiles. Comment alors est-on passé du meurtre du frère au frère comme idéal relationnel ?",https://www.franceculture.fr/franceculture/podcasts/le-cours-de-l-histoire/fatals-frangins-5399062,,,,0e747f51-063b-421d-a651-58118499fb89_5
2019-11-29T08:06:05+00:00,1575014765,La Renaissance et ses fantômes,Le Cours de l'histoire reçoit aujourd'hui Caroline Callard pour son nouvel ouvrage consacré aux fantômes. Bruno Laurioux et Valérie Hannin seront également présents pour nous parler du nouveau numéro du magazine L'Histoire. ,https://www.franceculture.fr/franceculture/podcasts/le-cours-de-l-histoire/la-renaissance-et-ses-fantomes-2142703,,,,d938c1ba-3ebc-4824-846b-af0881191ca2_5
2019-12-02T08:06:05+00:00,1575273965,Vie et mort du capitalisme ,"Difficile de donner une date de naissance au capitalisme : remonte-t-il à la révolution industrielle, à la prise de pouvoir des classes bourgeoises, à la réforme protestante, aux grands voyages de la Renaissance ? Et qu'en est-il de sa mort ? Car souvent annoncée, elle n’en finit plus d’arriver...",https://www.franceculture.fr/franceculture/podcasts/le-cours-de-l-histoire/vie-et-mort-du-capitalisme-7620315,,,,5b803098-6a78-4d5a-85f0-358a7b57521d_5
2019-12-03T08:06:05+00:00,1575360365,"Capitalisme, le meilleur des mondes ?    ","Les inégalités sont-elles une fatalité ? En enquêtant dans les discours que les sociétés passées ont tenu sur leurs propres dysfonctionnements, c’est un combat où des idées viennent activement au secours des puissants qui se dessine.",https://www.franceculture.fr/franceculture/podcasts/le-cours-de-l-histoire/capitalisme-le-meilleur-des-mondes-2574398,,,,8282f817-ebc4-4133-8c7d-62ab53aa87e7_5
2019-12-04T08:06:05+00:00,1575446765,Les clichés capitaux,"Aujourd'hui Le Cours de l'histoire gratte le vernis du capitalisme, sous ses mots et ses images.",https://www.franceculture.fr/franceculture/podcasts/le-cours-de-l-histoire/les-cliches-capitaux-5983607,,,,b76cf2cf-0736-4c24-9fb2-6fd32d0d369b_5
2019-12-09T08:06:05+00:00,1575878765,L'Algérie avant l'Algérie,"Au temps du Maghreb médiéval, plusieurs royaumes berbères régnaient en maîtres sur le territoire qui sera plus tard l’Algérie. Quelles étaient les structures politiques mises en place par ces royaumes médiévaux, quelles marques a laissé ce passé dans l’Algérie contemporaine ?  ",https://www.franceculture.fr/franceculture/podcasts/le-cours-de-l-histoire/l-algerie-avant-l-algerie-9716048,,,,2711e82b-c894-48de-97c5-d55a943d9569_5
2019-12-12T08:06:05+00:00,1576137965,"L'indépendance algérienne, une voie, des voix ","L’entre-deux-guerres déçoit les colonies françaises. Leur engagement dans le conflit n’est que peu récompensé, et en Algérie, ce ressentiment encourage le développement de courants indépendantistes et autonomistes.",https://www.franceculture.fr/franceculture/podcasts/le-cours-de-l-histoire/l-independance-algerienne-une-voie-des-voix-4560920,,,,fd64204a-76ac-45e3-91c7-ff0247db16bd_5
2019-12-13T08:06:05+00:00,1576224365,Une histoire d’exécution,"Aujourd'hui, dans Le Cours de l'histoire, nous recevons Simon Grivet sur la question de la reprise de la peine capitale aux Etats-Unis et Grégoire Kauffmann pour son livre ""Hôtel de Bretagne"".",https://www.franceculture.fr/franceculture/podcasts/le-cours-de-l-histoire/une-histoire-d-execution-6836066,,,,5461d29f-9619-4892-9804-919fcc55db19_5
2019-12-23T08:06:05+00:00,1577088365,Comment les nationalismes puisent dans les civilisations perdues ou inventées pour se construire ? ,"Les civilisations perdues sont parfois des civilisations inventées. Retour sur cette fabrication mythique, qui fait souvent écho aux aspirations contemporaines et aux besoins contemporains.",https://www.franceculture.fr/franceculture/podcasts/le-cours-de-l-histoire/comment-les-nationalismes-puisent-dans-les-civilisations-perdues-ou-inventees-pour-se-construire-9178630,,,,a4697d4d-2bff-48c1-8c2f-a2c624cde780_5
2019-12-24T08:06:05+00:00,1577174765,Quand l’Afrique rêve ses civilisations passées,"L’imaginaire, individuel et collectif, est parfois le lieu de prédilection des civilisations perdues qui deviennent des civilisations rêvées, et des moyens de se reconnaître et de se construire. Qu'en est-il de l'Afrique ? ",https://www.franceculture.fr/franceculture/podcasts/le-cours-de-l-histoire/quand-l-afrique-reve-ses-civilisations-passees-2424299,,,,ecae0b2a-c48d-4147-a480-ee44c5180ab3_5
2019-12-26T08:06:05+00:00,1577347565,Les nazis et le pillage des civilisations passées,Dans quelle mesure l’idéologie nazie peut-elle être définie comme un ensemble d’emprunts à différentes civilisations ? C’est ce que nous verrons aujourd’hui ; en interrogeant le rôle de l’archéologie et de l’histoire comme instruments de propagande.,https://www.franceculture.fr/franceculture/podcasts/le-cours-de-l-histoire/les-nazis-et-le-pillage-des-civilisations-passees-8179550,,,,f0628669-4896-455c-9da3-8f67716fb782_5
2019-12-27T08:06:05+00:00,1577433965,"Timothy Brook : ""Les interactions de la Chine avec le monde ont fait ce qu'est la Chine aujourd'hui""","Qu'en est-il des relations de la Chine et des occidentaux à l’époque moderne ? Anaïs Kien s'entretient aujourd'hui avec Timothy Brook qui retrace dans son dernier ouvrage une ""histoire mondiale de la Chine"".",https://www.franceculture.fr/franceculture/podcasts/le-cours-de-l-histoire/timothy-brook-les-interactions-de-la-chine-avec-le-monde-ont-fait-ce-qu-est-la-chine-aujourd-hui-8782922,,,,5c71efee-53a0-4111-91dc-544e772ebeda_5
2019-12-30T08:06:05+00:00,1577693165,"Edgar Morin : ""Je suis un anthropologue-humanologue""","Edgar Morin publie ""Les souvenirs viennent à ma rencontre"". A cette occasion, le sociologue du temps présent et philosophe de la pensée complexe remonte le cours de sa vie marqué par  des événements historiques majeurs et des tragédies intimes.



",https://www.franceculture.fr/franceculture/podcasts/le-cours-de-l-histoire/edgar-morin-je-suis-un-anthropologue-humanologue-4162086,,,,97bd862d-e04a-45e6-9e98-4cc6fc5f62a5_5
2019-12-31T08:06:05+00:00,1577779565,"Élisabeth Crouzet-Pavan, histoire(s) de Venise","Comment parler d’une ville qui a fait couler autant d’encre que Venise ? Elisabeth Crouzet-Pavan a fait le choix de la raconter comme un espace vécu, comme un lieu façonné par les histoires et les représentations, qui existe autant par ce qu’il est que par ce qu’il suscite comme fantasmes.",https://www.franceculture.fr/franceculture/podcasts/le-cours-de-l-histoire/elisabeth-crouzet-pavan-histoire-s-de-venise-3096928,,,,bea84340-18b9-4ff8-95cf-bd92c17a9f61_5
2020-01-01T08:06:05+00:00,1577865965,"Alain Corbin, Pour une histoire du sensible ","Comment écrire l’histoire de choses et de gens qui n’ont pas laissé de traces ? Dans cette démarche, quelle place occupent l’imagination et le vécu de l’historien ? Balade sonore avec l’historien Alain Corbin dans les différents univers sonores, visuels, tactiles, olfactifs qu’il a visité.",https://www.franceculture.fr/franceculture/podcasts/le-cours-de-l-histoire/alain-corbin-pour-une-histoire-du-sensible-5887010,,,,81a06a3e-2006-421c-8027-c95aae6b58fd_5
2020-01-02T08:06:05+00:00,1577952365,Lumière sur les exclus de l'histoire de l'art avec Anne Lafont,"Comment fait-on une histoire attentive aux exclus des représentations historiques traditionnelles ? Ce matin nous retraçons en compagnie d'Anne Lafont, les visages et les histoires des exclus de l'histoire de l'art.",https://www.franceculture.fr/franceculture/podcasts/le-cours-de-l-histoire/lumiere-sur-les-exclus-de-l-histoire-de-l-art-avec-anne-lafont-4389913,,,,6354a9e0-0698-4d1d-81e2-a96fbe17bff7_5
2020-01-03T08:06:05+00:00,1578038765,Des colonisés et décolonisations,"La colonisation passe et se manifeste à travers les corps colonisés et la sexualité. Mais qu'en est-il alors à l'heure des décolonisations ? Et où commencent ces décolonisations ? Autant de questions que nous soulèverons ce matin en compagnie de Christelle Taraud, Karim Miské et Marc Ball. ",https://www.franceculture.fr/franceculture/podcasts/le-cours-de-l-histoire/des-colonises-et-decolonisations-1190240,,,,42cd9e03-3eda-416a-90fe-1e2605a29a76_5
2020-01-06T08:06:05+00:00,1578297965,Le cinéma au service de la Chine ,"Dès le début du XXe siècle, le cinéma s’impose comme un outil diplomatique, culturel et politique incontournable en Chine. Jusqu’à aujourd’hui, il est non seulement un outil de politique intérieure mais aussi un élément important de la relation entre la Chine et les puissances occidentales.",https://www.franceculture.fr/franceculture/podcasts/le-cours-de-l-histoire/le-cinema-au-service-de-la-chine-6410261,,,,17945bc6-e579-44e8-bda7-9646a1a04054_5
2020-01-07T08:06:05+00:00,1578384365,Pas d'émission ce jour,"En raison d’un appel à la grève émanant de plusieurs organisations syndicales représentatives à Radio France, nous ne sommes pas en mesure de diffuser l’intégralité de nos programmes habituels. Nous vous prions de nous en excuser.

",,,,,116f2d06-af11-4311-b8d0-dc52c29c0d35_5
2020-01-08T08:06:05+00:00,1578470765,Les travailleurs chinois pendant la Grande Guerre,"Alors que la Chine déclare sa neutralité dans la Première Guerre mondiale en 1914, trois ans plus tard elle entre en guerre auprès des Alliés à l'été 1917. Cependant, dès l'été 1916, elle envoie des travailleurs chinois en France. Ils ont été 140 000 durant le conflit...",https://www.franceculture.fr/franceculture/podcasts/le-cours-de-l-histoire/les-travailleurs-chinois-pendant-la-grande-guerre-7509125,,,,adb7e5a1-39de-4353-bbd3-d4795121ccc1_5
2020-01-09T08:06:05+00:00,1578557165,Une rencontre par l’image ,"Quelles sont les images par lesquelles l’Occident a rencontré la Chine ? Retour sur une rencontre très visuelle, genèse de nombreux fantasmes.",https://www.franceculture.fr/franceculture/podcasts/le-cours-de-l-histoire/une-rencontre-par-l-image-8159600,,,,95833743-f74a-4c07-802a-b5527812a59f_5
2020-01-10T08:06:05+00:00,1578643565,"Sida, aux origines d’une épidémie dont la fin est désormais envisageable",Le Fonds mondial de lutte contre le sida s’est fixé l’objectif d’éradiquer l’épidémie de VIH pour 2030. Dix ans pour mettre fin à une pandémie dont il est nécessaire d’étudier les origines pour comprendre sa propagation.,https://www.franceculture.fr/franceculture/podcasts/le-cours-de-l-histoire/sida-aux-origines-d-une-epidemie-dont-la-fin-est-desormais-envisageable-1586440,,,,66da3617-9e9f-439c-8ad7-954395a02e4a_5
2020-01-20T08:06:05+00:00,1579507565,"L'Iran, point chaud de la guerre froide",L'Iran est une nation au carrefour des espaces et des tensions. Quelles relations l’Iran a-t-il entretenu avec les autres puissances dans le monde de l’après-guerre ? Comment les guerres et les révolutions ont-elles rebattu les cartes d’une diplomatie internationale complexe ?,https://www.franceculture.fr/franceculture/podcasts/le-cours-de-l-histoire/l-iran-point-chaud-de-la-guerre-froide-5927242,,,,ccd882d0-00cd-4ecf-8840-32a4f56dbc1c_5
2020-01-22T08:06:05+00:00,1579680365,L’Iran médiéval à la croisée des peuples ,"Pris en tenaille entre les empires mongol et ottoman, l’Iran médiéval apparaît comme un territoire culturellement, politiquement et spatialement située à la croisée des peuples voire à la croisée des mondes.",https://www.franceculture.fr/franceculture/podcasts/le-cours-de-l-histoire/l-iran-medieval-a-la-croisee-des-peuples-1341606,,,,62698e54-029a-4847-9641-f9a7c32d2211_5
2020-01-23T08:06:05+00:00,1579766765,La violence de la République islamique : au cœur des familles ,"Les révolutions ne se contentent pas de bouleverser les scènes politiques et diplomatiques ; elles sont aussi des séismes intimes, et s’insinuent au cœur des familles, des couples et des amitiés. Voyage dans les foyers iraniens de la Révolution de 1979.",https://www.franceculture.fr/franceculture/podcasts/le-cours-de-l-histoire/la-violence-de-la-republique-islamique-au-coeur-des-familles-8438879,,,,f9287c05-4e75-4855-b247-86bf6ded6d79_5
2020-01-24T08:06:05+00:00,1579853165,Ce que les noms d'époque disent du présent,"Mais qu'est-ce qu'un chrononyme ? Et pourquoi parle-t-on des ""années folles"" ? Il semblerait que ce ne soit pas à cause du charleston qu'on dansait alors... Ce matin dans Le Cours de l'histoire nous remontons à l'origine des noms d'époque. ",https://www.franceculture.fr/franceculture/podcasts/le-cours-de-l-histoire/ce-que-les-noms-d-epoque-disent-du-present-8481729,,,,398c7065-c982-4210-927f-52738887a1f2_5
2020-01-27T08:06:05+00:00,1580112365,"Champ contre-champ, les images des camps  ","75 ans après la libération des camps, restent les images. Mais pas seulement celles prises de l'extérieur, il existe quelques clichés réalisés par ceux qui l’ont vécu de
l’intérieur mais comment et pourquoi risque-t-on sa vie à faire des photos clandestines dans les camps ? ",https://www.franceculture.fr/franceculture/podcasts/le-cours-de-l-histoire/champ-contre-champ-les-images-des-camps-5167739,,,,b75901ff-aa1f-4f6b-9c95-fb51a4aa4852_5
2020-01-28T08:06:05+00:00,1580198765,"Etudier et enseigner la Shoah, un défi sans cesse renouvelé  ","Sur les 3 500 000 juifs que comptait la Pologne en 1939, 90 % furent exterminés. Dès lors, comment se déroula la « libération » des camps nazis en Pologne ? Quelle fût la responsabilité des Polonais dans ce crime de masse et celle-ci est-elle clairement reconnue par le gouvernement polonais actuel ?",https://www.franceculture.fr/franceculture/podcasts/le-cours-de-l-histoire/etudier-et-enseigner-la-shoah-un-defi-sans-cesse-renouvele-9265388,,,,c3bc9e91-7c22-407d-8e1e-8cdb5b550c0e_5
2020-01-29T08:06:05+00:00,1580285165,"Après les camps, se libérer","En sortant des camps il y a 75 ans, les déportés survivants essaient de reconstruire leurs vies tout en ayant le besoin de témoigner sur ce qu'ils ont vécu. Mais est-il encore possible d'être heureux après un tel traumatisme ? Si le corps est libre, l'esprit l'est-il aussi ?",https://www.franceculture.fr/franceculture/podcasts/le-cours-de-l-histoire/apres-les-camps-se-liberer-6827503,,,,b4cb835b-ab3d-46f3-b913-cc506b2448a1_5
2020-01-30T08:06:05+00:00,1580371565,Ce que le monde doit à l'hiver 1944-1945,"Dans le cadre de La Nuit des idées, grand entretien avec Ian Kershaw, historien britannique, biographe d’Hitler et spécialiste de l’Allemagne nazie.",https://www.franceculture.fr/franceculture/podcasts/le-cours-de-l-histoire/ce-que-le-monde-doit-a-l-hiver-1944-1945-8443702,,,,8e593d66-aa01-4b18-abe8-6656b6f2a1de_5
2020-01-31T08:06:05+00:00,1580457965,La perpétuelle peur des pandémies  ,"Alors que l'épidémie du coronavirus sévit et inquiète, cela ne fait pas figure d’exception. Que ce soient les différentes formes de pestes au Moyen Âge, ou encore la grippe espagnole en 1918, les pandémies ont effrayé à travers l'histoire... ",https://www.franceculture.fr/franceculture/podcasts/le-cours-de-l-histoire/la-perpetuelle-peur-des-pandemies-1435240,,,,9c5ab1de-b908-41c3-8178-47bf77a54927_5
2020-02-04T08:06:05+00:00,1580803565,Marmots médiévaux,"Au Moyen Âge, la famille est avant tout une unité de production. Quelle place reste-t-il à l’affection des rapports filiaux au sein de ces familles-entreprises, où la mortalité infantile est monnaie courante ? ",https://www.franceculture.fr/franceculture/podcasts/le-cours-de-l-histoire/marmots-medievaux-4804167,,,,2cb735b7-4b90-4490-92df-c6c6c5ee0a5b_5
2020-02-05T08:06:05+00:00,1580889965,"Enfance, Renaissance ?","Les penseurs humanistes, en proposant une définition neuve de l’éducation, bouleversent la conception que les sociétés occidentales ont de l’enfance. Nous plongeons aujourd’hui dans la vie de ces enfants de l’âge moderne.",https://www.franceculture.fr/franceculture/podcasts/le-cours-de-l-histoire/enfance-renaissance-9265724,,,,7c8c833f-dea8-48b7-a2fa-32af1711e885_5
2020-02-07T08:06:05+00:00,1581062765,"Au fin fond de la Sibérie, le Goulag","Le système concentrationnaire soviétique a été caché, ignoré et nié pendant des décennies. Que savons nous aujourd'hui du Goulag ? Comment raconter cette sombre période s'étendant de 1918 à la fin des années 1950 ? ",https://www.franceculture.fr/franceculture/podcasts/le-cours-de-l-histoire/au-fin-fond-de-la-siberie-le-goulag-8953523,,,,7ff3d81e-63ae-4401-a105-1719ac91549f_5
2020-02-10T08:06:05+00:00,1581321965,"Sous nos pieds, la culture",En quoi les fouilles archéologiques et leur mise en valeur sont constitutives de notre manière d’imaginer les territoires ? Et comment l’archéologie moderne peut-elle montrer que l’empire romain reposait sur une culture commune ?,https://www.franceculture.fr/franceculture/podcasts/le-cours-de-l-histoire/sous-nos-pieds-la-culture-3132644,,,,f5a0bbe6-86ea-4b36-a585-8bce90789915_5
2020-02-11T08:06:05+00:00,1581408365,"Le musée, exposer le territoire ? ","Du musée municipal au musée national, l’accumulation d’œuvres d’art et d’objets rend-elle attractifs les territoires ?",https://www.franceculture.fr/franceculture/podcasts/le-cours-de-l-histoire/le-musee-exposer-le-territoire-4621144,,,,313da4cf-d577-43fa-97c6-13e4e7f7357a_5
2020-02-12T08:06:05+00:00,1581494765,Les territoires sur le devant de la scène,Le théâtre représente-t-il un enjeu politique et de cohésion territoriale ? Pourquoi et comment le théâtre est-il apparu comme un objet particulièrement sur le devant de la scène politique du XIXème siècle ?,https://www.franceculture.fr/franceculture/podcasts/le-cours-de-l-histoire/les-territoires-sur-le-devant-de-la-scene-6839413,,,,224be677-3613-43ae-8a84-1304bca7c14d_5
2020-02-13T08:06:05+00:00,1581581165,"De nos villages au continent, une culture européenne ? ","Au XIXe siècle, les progrès de la presse et de l’édition ainsi que le succès d’inventions nouvelles comme le cinéma permettent une diffusion à grande échelle de toute une production littéraire, théâtrale, scénique. Dès lors, la culture devient le langage commun d’une Europe en pleine mutation. ",https://www.franceculture.fr/franceculture/podcasts/le-cours-de-l-histoire/de-nos-villages-au-continent-une-culture-europeenne-3399736,,,,67c0d8b0-5681-4266-88fc-f85b3cb21e68_5
2020-02-14T08:06:05+00:00,1581667565,"Codées et décodées, les preuves cachées du génocide arménien","Le 12 décembre 2019, le Congrès américain reconnaissait le génocide arménien de 1915. Xavier Mauduit s'entretien ce matin avec l'historien turc Taner Akçam qui, muni de nombreuses preuves, réfute le négationnisme truc dans son nouvel essai ""Ordres de tuer. Arménie 1915"" paru aux éditions du CNRS.",https://www.franceculture.fr/franceculture/podcasts/le-cours-de-l-histoire/codees-et-decodees-les-preuves-cachees-du-genocide-armenien-5398524,,,,a4bec2cd-7c2f-4c8c-8618-81700d2193eb_5
2020-02-17T08:06:05+00:00,1581926765,"Siècle des Lumières, une police éclairée ? ","Le Cours de l’histoire s’intéresse aujourd’hui au lieutenant général de Police et à ses commissaires, apparus à la fin du XVIIe siècle à Paris. ",https://www.franceculture.fr/franceculture/podcasts/le-cours-de-l-histoire/siecle-des-lumieres-une-police-eclairee-1602543,,,,2603ea05-f516-44b5-bae8-428b1c2b66f0_5
2020-02-18T08:06:05+00:00,1582013165,Comment la police devient-elle républicaine ?,"A la suite de la police napoléonienne et celle des Empires, comment la police s'institutionnalise-t-elle ? Cette police républicaine s'inspire des idéaux de la Révolution de 1789, mais elle aura peut-être plus de difficultés à les appliquer sur le terrain...",https://www.franceculture.fr/franceculture/podcasts/le-cours-de-l-histoire/comment-la-police-devient-elle-republicaine-3660910,,,,b53cfb82-d88b-4da1-9dc4-e0b3144eb524_5
2020-02-19T08:06:05+00:00,1582099565,"Tenir la rue, quand le pavé est battu ","De l'entre-deux-guerres à mai 1968, comment le pouvoir tient-il la rue ?",https://www.franceculture.fr/franceculture/podcasts/le-cours-de-l-histoire/tenir-la-rue-quand-le-pave-est-battu-1897379,,,,b1e0746e-abb4-4fbb-af9b-f98c628caa6e_5
2020-02-20T08:06:05+00:00,1582185965,Mais que fait la police ?,"L’hostilité envers la police est-elle un invariant historique ? Et remettre en cause la police, est-ce remettre en cause l’état ?",https://www.franceculture.fr/franceculture/podcasts/le-cours-de-l-histoire/mais-que-fait-la-police-3620688,Mais que fait la police ?,https://proxycast.radiofrance.fr/04d18721-ba14-46fe-95ed-6d298f1e60be/10076-01.02.2026-ITEMA_24392343-2020C36128S0051-NET_MFC_3C5729B5-A693-46E9-AC66-22BB0F964C35-21-537350701c0a1aee8250239e2cbcd066.mp3?project=c9985698-c0ee-4af3-b0ed-f1a8c7c2d4cd,https://embed.radiofrance.fr/franceculture/player?id_diffusion=c74fe984-5b80-4029-a32d-6513c4cc4c62,c74fe984-5b80-4029-a32d-6513c4cc4c62_5
2020-02-21T08:06:05+00:00,1582272365,Piotr Pavlenski est-il l’héritier d’une histoire artistique ? ,"Comment une société définit-elle les limites de l’art ? A partir de quel moment, et selon quels critères, décide-t-on d’une production qu’elle n’est pas une oeuvre mais une provocation, un acte purement militant ou une folie ? ",https://www.franceculture.fr/franceculture/podcasts/le-cours-de-l-histoire/piotr-pavlenski-est-il-l-heritier-d-une-histoire-artistique-6906492,,,,34458587-1a7e-4351-8a3f-8d15590d7709_5
2020-02-24T08:06:05+00:00,1582531565,A la recherche de la première graine ,Comment l’humanité s’est-elle convertie à l’agriculture ?,https://www.franceculture.fr/franceculture/podcasts/le-cours-de-l-histoire/a-la-recherche-de-la-premiere-graine-9571153,,,,57645f44-4c36-490d-9749-8080858f0f58_5
2020-02-25T08:06:05+00:00,1582617965,Nul pain sans peine,"Le pain est un acteur majeur de notre histoire car il rassasie celui ou celle qui le mange bien sûr, mais aussi parce qu’il nourrit les théories économiques depuis le XVIIIe siècle...",https://www.franceculture.fr/franceculture/podcasts/le-cours-de-l-histoire/nul-pain-sans-peine-6111713,,,,3408999f-0e45-46f1-9e9f-57072b0f98cb_5
2020-02-26T08:06:05+00:00,1582704365,"Sous les pavés, la terre","A travers la figure singulière de Tanguy Prigent, ce paysan devenu ministre de l'agriculture en 1944, nous nous intéresserons aux revendications paysannes qui eurent lieu au XXe siècle.",https://www.franceculture.fr/franceculture/podcasts/le-cours-de-l-histoire/sous-les-paves-la-terre-7368671,,,,5e0978cb-6ee0-45f0-baa6-0652d0c0a61e_5
2020-02-27T08:06:05+00:00,1582790765,Qu'ils mangent de la bidoche ! ,"Comment pratiquer le métier de boucher à l’aune des réflexions sur le bien-être animal et sur le développement durable ? Et d'où viennent les tabous, interdits, suspicions relatifs à la viande ? Entretien en compagnie d'un historien et d'un artisan boucher. ",https://www.franceculture.fr/franceculture/podcasts/le-cours-de-l-histoire/qu-ils-mangent-de-la-bidoche-5759694,,,,6bb3812b-1b31-4025-863f-d71ab51e0530_5
2020-02-28T08:06:05+00:00,1582877165,Qui a voulu la guerre ? Les femmes dans la tourmente de 1870,"Si l’on connait mieux la façon dont la Première Guerre mondiale a transformé un temps l’attribution des rôles sociaux et ouvert des opportunités aux femmes, qu’en est-il de la guerre de 1870 ?",https://www.franceculture.fr/franceculture/podcasts/le-cours-de-l-histoire/qui-a-voulu-la-guerre-les-femmes-dans-la-tourmente-de-1870-8961352,,,,0bbd8e9b-9e77-4cca-b10b-d670946c7364_5
2020-03-02T08:06:05+00:00,1583136365,Ballade des héroïnes du temps jadis ,"Comment les femmes ont-elles été méthodiquement effacées des discours historiques par les sociétés ? Dès lors, comment leur rendre leur place aujourd’hui ?",https://www.franceculture.fr/franceculture/podcasts/le-cours-de-l-histoire/ballade-des-heroines-du-temps-jadis-9023420,,,,67bffbd7-dea4-4b09-9bde-8a70c13b703a_5
2020-03-03T08:06:05+00:00,1583222765,"Sœurs d'armes, femmes en guerre ","La mobilisation des Françaises durant la Seconde Guerre mondiale et aux côté de Charles de Gaulle fut-elle une révolution ou un moment anecdotique perçu comme une anomalie par ses contemporains ? Qu’est ce qui a poussé ces femmes à s’engager, comment furent-elles perçues ? ",https://www.franceculture.fr/franceculture/podcasts/le-cours-de-l-histoire/soeurs-d-armes-femmes-en-guerre-8187538,,,,af36d9ca-166f-4e75-a8d6-f0b069e24fee_5
2020-03-04T08:06:05+00:00,1583309165,Insolentes adolescentes ! ,Comment ont été jugées les adolescentes rebelles par une société qui réduisait alors le champs de leurs possibles ?,https://www.franceculture.fr/franceculture/podcasts/le-cours-de-l-histoire/insolentes-adolescentes-1599932,,,,f79c1328-c525-4774-8088-5f888efe2229_5
2020-03-05T08:06:05+00:00,1583395565,Femmes combattantes et révolutions féminines,"Dans l’imagerie révolutionnaire, les femmes sont souvent réduites à des rôles d’égéries. Aujourd'hui nous nous penchons sur les femmes en lutte pour retracer les attributs non-virils du combat révolutionnaire, dans le cadre des luttes anticoloniales et des luttes pour l’émancipation. ",https://www.franceculture.fr/franceculture/podcasts/le-cours-de-l-histoire/femmes-combattantes-et-revolutions-feminines-1836032,,,,7f9216ed-d4d2-40f9-9ddf-b49e2b07b7a2_5
2020-03-06T08:06:05+00:00,1583481965,Revivons-nous les conflits du passé ? ,"1789, la Commune de Paris, les années 1930, Mai 68 : revivons-nous les conflits du passé ? Que vaut la comparaison des conflits du passé et ceux de notre temps ? ",https://www.franceculture.fr/franceculture/podcasts/le-cours-de-l-histoire/revivons-nous-les-conflits-du-passe-9539458,,,,eaf9ef50-efe1-4209-b7f1-16d2a7bf91c8_5
2020-03-09T08:06:05+00:00,1583741165,Qui veut la peau du Taj Mahal ?,"Qu'est-ce que l'Empire moghole ? Exemple rare d'un État musulman dans lequel l'islam était minoritaire, comment le discours nationaliste hindou l'instrumentalise-t-il aujourd'hui ? Le Cours de l'histoire remonte aujourd'hui jusqu'aux racines indiennes ...",https://www.franceculture.fr/franceculture/podcasts/le-cours-de-l-histoire/qui-veut-la-peau-du-taj-mahal-6651913,,,,6fa6c380-dfaf-4dbf-be78-eeb17ac31209_5
2020-03-10T08:06:05+00:00,1583827565,Aux origines du nationalisme hindou ,"Comment le nationalisme hindou s'approprie l’histoire de l’Inde comme celle des hindous, à l’exclusion des autres groupes de la population, et en particulier des musulmans ?",https://www.franceculture.fr/franceculture/podcasts/le-cours-de-l-histoire/aux-origines-du-nationalisme-hindou-4180875,,,,edd481e0-3c33-4c8b-ba05-5923850bfb44_5
2020-03-11T08:06:05+00:00,1583913965,"Indira Gandhi, la démocratie en marche ?","Qui était Indira Gandhi ? L’Inde est-elle allée vers plus de démocratie sous son gouvernement ? ""Le Cours de l'histoire"" se penche sur cette femme devenue quatre fois Premier ministre de l’Inde, qui a combattu les sikhs du Temple d’Or, à Amritsar et a tenu tête aux présidents américains.",https://www.franceculture.fr/franceculture/podcasts/le-cours-de-l-histoire/indira-gandhi-la-democratie-en-marche-2966354,,,,2a1fb105-42fb-42a8-ae4b-0c6e1d87801e_5
2020-03-12T08:06:05+00:00,1584000365,"Cachemire, la déchirure originelle ","Quels retours au passé faut-il opérer pour comprendre la situation du Cachemire aujourd’hui ? Comment le sort des Cachemiris est-il devenu une crise nationale en Inde, et non plus seulement un enjeu géopolitique et diplomatique entre deux puissances régionales ; l’Inde et le Pakistan ?",https://www.franceculture.fr/franceculture/podcasts/le-cours-de-l-histoire/cachemire-la-dechirure-originelle-3147213,,,,8f20619c-7aed-4c8e-8933-9ccf357bfcc0_5
2020-03-13T08:06:05+00:00,1584086765,L'histoire de l'Iran par le prisme persan,"Dans quelle mesure l’empire achéménide fut-il “une expérience politique unique” ? Comment l’Iran apparaît, déjà, comme un espace au carrefour des cultures et des peuples ? ",https://www.franceculture.fr/franceculture/podcasts/le-cours-de-l-histoire/l-histoire-de-l-iran-par-le-prisme-persan-7557953,,,,9e70b497-3c35-4704-9dd2-546b6e028e63_5
2020-03-16T08:06:45+00:00,1584346005,"Administrateurs, administrés ","Depuis 1884, les maires sont élus par leurs concitoyens. Comment ces figures politiques sont-elles devenues indispensables pour la population locale et pour l'Etat ? ",,,,,fc841ccc-78c1-4c68-bef2-cc9dd5d9917c_5
2020-03-17T08:08:00+00:00,1584432480,De pierre et d’os : la matière de nos villes ,"La pierre fait-elle la ville ? Une ville en pierre est-elle plus ancienne, plus importante, plus influente, qu’une ville en bois ou en briques par exemple ? La pétrification des villes va-t-elle de pair avec leur pérennité ? Le Cours de l'histoire explore aujourd'hui la matière de nos villes. ",,,,,d9fba296-66de-4069-bbfd-88c258463c9f_5
2020-03-18T08:06:05+00:00,1584518765,Quand la ville surgit,"En 1860, les quartiers de l’ancienne petite banlieue sont annexés à Paris par Haussmann. Mais ces quartiers n’ont-ils fait partie de Paris que lorsqu’ils sont entrés officiellement dans la capitale, ou peut-on dire, qu’avant d’être annexés, ces quartiers formaient une autre ville ? ",,,,,fe8c37ef-49e3-49c7-8564-1b555a0f6e26_5
2020-03-19T08:08:05+00:00,1584605285,Rêves et cauchemars architecturaux,Comment l’armée française s’est-elle servie de l’architecture comme d’une arme pour empêcher toutes tentatives révolutionnaires lors de la guerre d’Algérie ? Aujourd'hui Le Cours de l'histoire explore les rêves et cauchemars liés à l’architecture.,https://www.franceculture.fr/franceculture/podcasts/le-cours-de-l-histoire/reves-et-cauchemars-architecturaux-4288858,,,,8be66c97-b155-472a-a129-25692577857d_5
2020-03-20T08:08:00+00:00,1584691680,"Edgar Morin : ""Je suis un anthropologue-humanologue""","Aujourd'hui en compagnie d'Edgar Morin, sociologue du temps présent et philosophe de la pensée complexe, nous remontons le cours de l'histoire à la rencontre de ses souvenirs. ",https://www.franceculture.fr/franceculture/podcasts/le-cours-de-l-histoire/edgar-morin-je-suis-un-anthropologue-humanologue-9047032,,,,747da779-4ae4-499f-b56f-398a8fa0e8fe_5
2020-03-23T08:07:30+00:00,1584950850,Les Lumières sont-elles à l’origine de la Révolution ?,"La Révolution française n’est pas un coup de tonnerre dans un ciel serein, il semble qu’elle soit le produit de son siècle... Mais quelle en est l'origine intellectuelle ? Le terreau de la Révolution française est-il à rechercher dans la philosophie des Lumières ?  ",,,,,802968e0-cf0c-46ab-918b-b3c398eb89ae_5
2020-03-24T08:07:30+00:00,1585037250,Vivre la Révolution,"La Révolution, c’est l’avènement du peuple souverain. Mais que désire précisément ce peuple, et quelles formes prennent ses revendications politiques, sociales et économiques ? ",,,,,0c4c69af-40be-4687-966b-0a52979ed5d0_5
2020-03-25T08:06:30+00:00,1585123590,"Le Roi est mort, et la Reine aussi ! ","Si l’image du roi guillotiné cristallise à elle seule les plus grandes heures de la Révolution, cela n’en est pas moins vrai de la mort de la reine. Entre déni et stratégies d’évitement, histoire d’une reine de France face à la mort d’un régime.",,,,,b196a8c1-13a6-4242-8dc1-748a33f25d74_5
2020-03-25T10:40:07+00:00,1585132807,Pour une autre histoire de l'exploration du monde,Comment la notion de Grandes découvertes peut-elle encore être opérante aujourd’hui en histoire?,,,,,19671def-ea24-4706-87c5-99d0349637f3_5
2020-03-26T08:06:05+00:00,1585209965,La Contre-Révolution,"La Révolution est un torrent qui a tout balayé sur son passage et fait triompher les idées de liberté et d'égalité. Or elle a suscité des résistances : à la Révolution s'est opposée, dès 1789, la Contre-révolution. Qui étaient les contre-révolutionnaires ? Que défendaient-ils ? ",https://www.franceculture.fr/franceculture/podcasts/le-cours-de-l-histoire/la-contre-revolution-5035513,,,,a15188b6-a94b-4a53-8ed8-55821c4d80cd_5
2020-03-27T03:02:45+00:00,1585278165,La Contre-Révolution,"La Révolution est un torrent qui a tout balayé sur son passage et fait triompher les idées de liberté et d'égalité. Or elle a suscité des résistances : à la Révolution s'est opposée, dès 1789, la Contre-révolution. Qui étaient les contre-révolutionnaires ? Que défendaient-ils ? ",,,,,539709a3-8d9c-49ea-bb8e-a02fb31d5957_5
2020-03-27T08:05:30+00:00,1585296330,Michelle Perrot sur le chemin des femmes,"Le Cours de l'histoire reçoit aujourd'hui l'historienne Michelle Perrot pour son nouvel ouvrage ""Le Chemin des femmes"", ainsi qu'Anaïs Flechet et Valérie Hannin, qui viendront toutes deux présenter le nouveau numéro du magazine L'Histoire.",https://www.franceculture.fr/franceculture/podcasts/le-cours-de-l-histoire/michelle-perrot-sur-le-chemin-des-femmes-3935271,,,,840c2e90-2b2d-4b9f-807f-3728fafb4de0_5
2020-03-31T07:05:45+00:00,1585638345,Histoire d’une rencontre : le miroir des Grandes Découvertes ,"Comment les Amérindiens ont vu, perçu, et vécu l'arrivée des Occidentaux et la colonisation ? Aujourd'hui Le Cours de l'histoire aborde l'effet miroir de la colonisation. ",,,,,50459ba3-f77d-4815-8f64-7b32fcec923b_5
2020-04-01T07:05:45+00:00,1585724745,Diabolique Amérique : de Christophe Colomb à Vladimir Maïakovski ,"Il n’y a pas un mais plusieurs Christophe Colomb, de nombreuses vies au gré des siècles qui ont suivi la date fatidique de 1492. Mais qui était-il vraiment, comment s’approcher de ce que ce contemporain du XVème siècle a vraiment pensé et vécu ? ",,,,,fa2bc68e-7af2-4df5-8fef-80fc5a5fce88_5
2020-04-02T07:06:05+00:00,1585811165,La conquête de l’Est,"Alors que les Occidentaux ont déjà rallié l’Amérique, une autre aventure commence : la conquête de la Sibérie, de ses terres gelées et de ses précieuses ressources. Comment s’est déroulée cette autre « Grande découverte » ? ",https://www.franceculture.fr/franceculture/podcasts/le-cours-de-l-histoire/la-conquete-de-l-est-6931916,,,,3535dc33-a150-4353-87c8-50e34419e414_5
2020-04-03T02:02:47+00:00,1585879367,1001 usages du pétrole : des sociétés pétro-façonnées jusque dans leur moindre recoin,"Comment le pétrole s’est-il insinué dans chaque recoin de notre vie quotidienne, des emballages alimentaires jusqu'à l'art contemporain ?",,,,,8a8f836e-d88c-4193-9d31-9f74518a902b_5
2020-04-03T07:06:05+00:00,1585897565,"Alain Corbin, Pour une histoire du sensible ","Comment écrire l’histoire de choses et de gens qui n’ont pas laissé de traces ? Dans cette démarche, quelle place occupent l’imagination et le vécu de l’historien ? Balade sonore avec l’historien Alain Corbin dans les différents univers sonores, visuels, tactiles, olfactifs qu’il a visités.",,,,,a591327d-d558-4fda-be97-63fa936bbd62_5
2020-04-06T07:05:45+00:00,1586156745,Aux origines du judaïsme,"Comment et où est née la religion juive ? Quelle est l’historicité des récits qui fondent les premiers temps d’une religion ? Le judaïsme est-il la première religion monothéiste ? Aujourd'hui, Le Cours de l'histoire remonte aux origines du judaïsme.",https://www.franceculture.fr/franceculture/podcasts/le-cours-de-l-histoire/aux-origines-du-judaisme-6765328,,,,cca4f7c8-ad33-4ac3-b4f3-cdfcee4bb533_5
2020-04-07T07:06:00+00:00,1586243160,"L’invention de l’Eglise, la religion perpétuellement réinventée ","Entre le Moyen Âge et l’époque moderne, l’Eglise comme institution n’a eu de cesse de se réinventer, de se mettre en récit au gré des besoins du temps présent. ",https://www.franceculture.fr/franceculture/podcasts/le-cours-de-l-histoire/l-invention-de-l-eglise-la-religion-perpetuellement-reinventee-3638915,,,,27b0d3ad-9df9-4144-ad32-2af0445e07e7_5
2020-04-08T07:06:00+00:00,1586329560,Aux origines de l’Islam,Comment l’Islam est-il né ? Les origines de cette religion sont-elles inséparables d’un certain modèle d’organisation politique et de vie en société ? Aujourd'hui Le Cours de l'histoire remonte aux origines de l'Islam.,https://www.franceculture.fr/franceculture/podcasts/le-cours-de-l-histoire/aux-origines-de-l-islam-1737294,,,,79a57835-ca10-4464-b303-5535e72a09d9_5
2020-04-09T07:06:00+00:00,1586415960,"Les dieux meurent aussi, la fin des idoles","Comment les savoirs religieux se sont élaborés, enracinés, transformés, perpétués et pourquoi ils ont disparu ? Quatrième et dernier volet de notre série d'émissions consacrées à la naissance des religions avec leur disparition.",https://www.franceculture.fr/franceculture/podcasts/le-cours-de-l-histoire/les-dieux-meurent-aussi-la-fin-des-idoles-1853170,,,,93fa66b4-9763-4ecc-a264-0722ce423134_5
2020-04-10T07:06:00+00:00,1586502360,"Elisabeth Crouzet-Pavan, Histoire(s) de Venise","Comment parler d’une ville qui a fait couler autant d’encre que Venise ? Elisabeth Crouzet-Pavan a fait le choix de la raconter comme un espace vécu, comme un lieu façonné par les histoires et les représentations, qui existe autant par ce qu’il est que par ce qu’il suscite comme fantasmes.",https://www.franceculture.fr/franceculture/podcasts/le-cours-de-l-histoire/elisabeth-crouzet-pavan-histoire-s-de-venise-1233999,,,,fc1b6768-9a8b-4fba-a2eb-0a066d3ae0fe_5
2020-04-13T07:06:00+00:00,1586761560,Réinventer le récit médiéval ,"Quelles connexions existent entre le Moyen Âge et notre époque contemporaine, et comment réinventer le récit historique afin de mettre en lumière cette présence médiévale ? ",https://www.franceculture.fr/franceculture/podcasts/le-cours-de-l-histoire/reinventer-le-recit-medieval-4892908,,,,21bee668-ac16-46da-a349-8b461b6ed132_5
2020-04-14T07:06:00+00:00,1586847960,Les oubliés du Moyen Âge sortent du bois,"Ces dernières années ont été l’occasion d’une réhabilitation du Moyen Âge. Toutefois, certaines périodes restent mal connues et victimes d’idées reçues...",https://www.franceculture.fr/franceculture/podcasts/le-cours-de-l-histoire/les-oublies-du-moyen-age-sortent-du-bois-7944389,,,,3f96be27-7de7-4770-908f-b75b814efa3e_5
2020-04-15T07:06:05+00:00,1586934365,Retrouver le Moyen Âge par la légende,"Peuplé de rois et de reines, de chevaliers et de druides, le Moyen Âge fait rêver. Et si la légende était aussi une façon de rencontrer cette période ? ",https://www.franceculture.fr/franceculture/podcasts/le-cours-de-l-histoire/retrouver-le-moyen-age-par-la-legende-8580803,,,,65588a65-a4d5-4eb1-80de-f64f58e597dc_5
2020-04-16T07:06:05+00:00,1587020765,"Histoire politique sans couronne, comment raconter l’histoire du Moyen Âge par le bas ?","Le Moyen Âge est une succession d’images d’Epinal, événements très présents dans l’imaginaire collectif. Souvent rappelés et réinterrogés, ces micro-histoires sont l’occasion d’appréhender des réalités politiques, sociales et culturelles plus globales.",https://www.franceculture.fr/franceculture/podcasts/le-cours-de-l-histoire/histoire-politique-sans-couronne-comment-raconter-l-histoire-du-moyen-age-par-le-bas-7275243,,,,678d9692-035b-48d3-a3e0-960f7cd059bb_5
2020-04-17T07:06:00+00:00,1587107160,Lumière sur les exclus de l'histoire de l'art avec Anne Lafont,"Comment fait-on une histoire attentive aux exclus des représentations historiques traditionnelles ? Ce matin nous retraçons en compagnie d'Anne Lafont, les visages et les histoires des exclus de l'histoire de l'art.",https://www.franceculture.fr/franceculture/podcasts/le-cours-de-l-histoire/lumiere-sur-les-exclus-de-l-histoire-de-l-art-avec-anne-lafont-3915895,,,,c4edc471-38f6-4ab6-94d4-01e3a8a2f68f_5
2020-04-20T07:06:00+00:00,1587366360,"Pour le roi, la faim justifierait-elle les moyens ? ","Avec les nouveaux moyens des sciences du climat et de la terre est réapparu un drôle de déterminisme naturel en histoire : les grands changements de civilisation seraient la conséquence de facteurs ""naturels"", de catastrophes climatiques… Mais n'est-ce pas là une conclusion un peu trop simpliste ?",https://www.franceculture.fr/franceculture/podcasts/le-cours-de-l-histoire/pour-le-roi-la-faim-justifierait-elle-les-moyens-5575697,,,,978a46ed-3513-403d-866c-012aab049cee_5
2020-04-21T07:06:00+00:00,1587452760,La nature et le Capital ,"Loin d’une histoire naturelle déconnectée des hommes et extérieure aux sociétés, l’histoire environnementale s’applique à révéler les pratiques et les rapports de force qui lient depuis toujours les sociétés humaines à leur environnement.",https://www.franceculture.fr/franceculture/podcasts/le-cours-de-l-histoire/la-nature-et-le-capital-1319940,,,,bfd84705-aa51-4a48-8d6d-210ae7c8687d_5
2020-04-22T07:06:00+00:00,1587539160,La colonisation par la racine ,"Des racines à l’écorce, en passant par les feuilles, par les fleurs ou encore par les graines, les plantes sont porteuses vertus curatives. Nos ancêtres l’ont bien compris et quand ils ont colonisé le monde, ils se sont accaparés les plantes médicinales. ",https://www.franceculture.fr/franceculture/podcasts/le-cours-de-l-histoire/la-colonisation-par-la-racine-8864875,,,,1246a55c-5427-4695-a386-9bea9b410ac3_5
2020-04-23T07:06:00+00:00,1587625560,"La guerre industrielle, matrice de toutes les pollutions ? ","Champs minés, plages polluées par de vieux obus... Les pollutions engendrées par les guerres sont innombrables et durables, mais ce sont souvent des guerres et des complexes militaro-industriels que naissent les pollutions à venir. A tuer les hommes, on tue inévitablement la nature ? ",https://www.franceculture.fr/franceculture/podcasts/le-cours-de-l-histoire/la-guerre-industrielle-matrice-de-toutes-les-pollutions-1226582,,,,f27d9acd-ab07-4954-95d6-23152bb7ee95_5
2020-04-24T02:02:45+00:00,1587693765,Quoi de neuf sur la Première Guerre mondiale ? (4/4) : Reconstruire et raconter : que faire de la guerre après la guerre ?,"Une fois la guerre terminée et l’Armistice signé le 11 novembre 1918, que faire ? Comment réparer les désastres de la guerre ? Les Alliés, lors du traité de Versailles, décident de se « partager l’Allemagne ». Le Cours de l'histoire se penche sur l’occupation de la Rhénanie par les Français.",,,,,13da00bb-090b-4849-a333-9c62d3c879b1_5
2020-04-24T07:06:05+00:00,1587711965,"Comment reconstruire, inventer, imaginer le monde d’après ?","L'histoire pour penser l'avenir, pour reconstruire et réinventer : comment les crises ont-elles fait naître des mondes nouveaux, tangibles ou fantasmés ? Le monde d’après est-il un monde nouveau ?",https://www.franceculture.fr/franceculture/podcasts/le-cours-de-l-histoire/comment-reconstruire-inventer-imaginer-le-monde-d-apres-8761512,,,,b0bb4fb1-723e-4cba-b329-c4cee863c0b6_5
2020-04-27T07:06:05+00:00,1587971165,"Mon nom, ma bataille","Existe-t-il une logique de reproduction sociale au Moyen Âge ? Nous verrons par quels moyens l’on cherche alors à assurer la pérennité de son lignage, de ses terres, de son statut, jusqu'à parfois s'inventer une généalogie.",https://www.franceculture.fr/franceculture/podcasts/le-cours-de-l-histoire/mon-nom-ma-bataille-1618397,,,,e336bf52-1bc9-445a-a379-96dd4887c8a3_5
2020-04-28T07:06:05+00:00,1588057565,Fatals frangins   ,"Le christianisme fait de la relation fraternelle un idéal exemplaire des bonnes relations humaines. Or paradoxalement, les textes bibliques, abondent en récits de relations fraternelles difficiles. Comment alors est-on passé du meurtre du frère au frère comme idéal relationnel ?",https://www.franceculture.fr/franceculture/podcasts/le-cours-de-l-histoire/fatals-frangins-7369870,,,,e759c655-e8be-4dd4-9017-dacaf5f982c6_5
2020-04-29T07:06:05+00:00,1588143965,Marmots médiévaux,"Au Moyen Âge, la famille est avant tout une unité de production. Quelle place reste-t-il à l’affection des rapports filiaux au sein de ces familles-entreprises, où la mortalité infantile est monnaie courante ? ",https://www.franceculture.fr/franceculture/podcasts/le-cours-de-l-histoire/marmots-medievaux-4503870,,,,3e3faa26-91a4-4fd6-9867-1d1949047d9e_5
2020-04-30T07:06:00+00:00,1588230360,"Enfance, Renaissance ?","Les penseurs humanistes, en proposant une définition neuve de l’éducation, bouleversent la conception que les sociétés occidentales ont de l’enfance. Nous plongeons aujourd’hui dans la vie de ces enfants de l’âge moderne.",https://www.franceculture.fr/franceculture/podcasts/le-cours-de-l-histoire/enfance-renaissance-7330730,,,,1e7fbcb8-c34a-425d-90d8-bc8f8e3bcda5_5
2020-05-01T07:06:05+00:00,1588316765,"Sida, aux origines d’une épidémie dont la fin est désormais envisageable",Le Fonds mondial de lutte contre le sida s’est fixé l’objectif d’éradiquer l’épidémie de VIH pour 2030. Dix ans pour mettre fin à une pandémie dont il est nécessaire d’étudier les origines pour comprendre sa propagation.,https://www.franceculture.fr/franceculture/podcasts/le-cours-de-l-histoire/sida-aux-origines-d-une-epidemie-dont-la-fin-est-desormais-envisageable-4548105,,,,b681219b-bd75-40c1-97e0-b6b0cf7326ad_5
2020-05-04T07:06:05+00:00,1588575965,"La vieillesse, entre expérience vécue et représentations ","Quelles représentations de la vieillesse cohabitent au XXème siècle, et que disent-elles de l’évolution de nos sociétés ? Du vieillard miséreux au retraité doré, en passant par la figure du centenaire et l’invention du « troisième âge », nous explorons la palette des imaginaires de la vieillesse.",https://www.franceculture.fr/franceculture/podcasts/le-cours-de-l-histoire/la-vieillesse-entre-experience-vecue-et-representations-4318391,,,,9d8fbea2-7f42-4591-9cca-dd0a35b758f6_5
2020-05-05T07:06:05+00:00,1588662365,"Les ancêtres de nos ancêtres, la vieillesse dans l’Antiquité",Vivait-on vraiment moins vieux dans l’Antiquité ? A quel âge était-on considéré comme âgé ? Les âges de la vie étaient-ils les mêmes dans le monde grec qu’actuellement ? Nous dressons aujourd'hui le portrait des ancêtres de nos ancêtres.,https://www.franceculture.fr/franceculture/podcasts/le-cours-de-l-histoire/les-ancetres-de-nos-ancetres-la-vieillesse-dans-l-antiquite-7614938,,,,6e93c8cf-94d3-4e76-9041-7aa4afac520c_5
2020-05-06T07:06:05+00:00,1588748765,"Loin des yeux, près du cœur ? ","Si l’hospice a certes été un lieu d’enfermement et de solitude, il a aussi été et est toujours beaucoup plus que cela : un lieu de socialisation, un lieu de confort mais aussi de travail… ",https://www.franceculture.fr/franceculture/podcasts/le-cours-de-l-histoire/loin-des-yeux-pres-du-coeur-5118599,,,,5aa3ddff-4a97-4f8d-a176-03cceb82e215_5
2020-05-07T07:06:00+00:00,1588835160,"Assurer la vieillesse, la longue histoire des retraites ","Une histoire de la protection sociale, et notamment de la retraite, en cette période où elle est en cours de redéfinition. Quand a émergé ce concept, sous l’effet de quelles politiques, et avec quels enjeux ? ",https://www.franceculture.fr/franceculture/podcasts/le-cours-de-l-histoire/assurer-la-vieillesse-la-longue-histoire-des-retraites-8057051,,,,febadb42-19e7-4853-9152-b6a03d6f313f_5
2020-05-08T07:06:00+00:00,1588921560,L'Algérie avant l'Algérie,"Au temps du Maghreb médiéval, plusieurs royaumes berbères régnaient en maîtres sur le territoire qui sera plus tard l’Algérie. Quelles étaient les structures politiques mises en place par ces royaumes médiévaux, quelles marques a laissé ce passé dans l’Algérie contemporaine ?  ",https://www.franceculture.fr/franceculture/podcasts/le-cours-de-l-histoire/l-algerie-avant-l-algerie-8876300,,,,b81dfc2d-67d4-4a44-9166-fa798ef88345_5
2020-05-11T07:06:00+00:00,1589180760,"Adrien Loir, être le neveu de Pasteur ","Aujourd'hui dans Le Cours de l'histoire, nous nous penchons sur le destin d'Adrien Loir, le neveu de Louis Pasteur. Méconnu et oublié, nous mettons en lumière ce matin celui qui est longtemps resté dans l'ombre de son oncle...",https://www.franceculture.fr/franceculture/podcasts/le-cours-de-l-histoire/adrien-loir-etre-le-neveu-de-pasteur-4716374,,,,b8d80bf9-989b-4390-a15e-54da8f96caaa_5
2020-05-12T07:06:00+00:00,1589267160,"Angélique du Coudray, première sage-femme enseignante ",Qui était Angélique du Coudray ? Comment une activité de soin qui nous semble immémoriale s’est-elle professionnalisée ? ,https://www.franceculture.fr/franceculture/podcasts/le-cours-de-l-histoire/angelique-du-coudray-premiere-sage-femme-enseignante-3680398,,,,bdc10edb-5cb9-4d33-9adb-2690fb230ba6_5
2020-05-13T07:06:00+00:00,1589353560,"Avicenne, médecin perse du XIe siècle, de l’Orient à l’Occident  ","Avicenne est un personnage hors du commun, quasiment légendaire... Quelle fut l’influence de son œuvre majeure ""Le Canon"" sur le champ de la médecine européenne au Moyen-Âge, et par la suite ?",https://www.franceculture.fr/franceculture/podcasts/le-cours-de-l-histoire/avicenne-medecin-perse-du-xie-siecle-de-l-orient-a-l-occident-7038300,,,,de2b46b3-b663-4cff-bffd-14dec55038fc_5
2020-05-14T07:06:00+00:00,1589439960,"Docteur Adrien Proust, père de Marcel, à la recherche du cordon sanitaire ","Qui était Adrien Proust, et comment devint-il l’un des médecins les plus influents du XIXe siècle ?",https://www.franceculture.fr/franceculture/podcasts/le-cours-de-l-histoire/docteur-adrien-proust-pere-de-marcel-a-la-recherche-du-cordon-sanitaire-4101743,,,,82694994-0bd2-410c-a502-87792d9b7f4d_5
2020-05-15T07:06:05+00:00,1589526365,Âges sombres et salles obscures,"Monstres, invasions extraterrestres, projets scientifiques fous et apocalypses ont peuplé les écrans dès la fin du Second conflit mondial. Comment le cinéma de science-fiction s’est-il fait l’écho des inquiétudes du siècle ?",,,,,0cf55120-3e5c-413b-93f2-598b4d8ccbee_5
2020-05-18T07:06:05+00:00,1589785565,Rite et héritage : comment accompagner la maladie et la mort ?,Qu'est-ce qu'un rituel ? Et comment ceux-ci liés au soin du corps nous renseignent-ils sur la place accordée aux vivants et aux défunts dans chaque société ? ,https://www.franceculture.fr/franceculture/podcasts/le-cours-de-l-histoire/rite-et-heritage-comment-accompagner-la-maladie-et-la-mort-4008070,,,,648fb478-f68e-45ca-b84d-d3157316da74_5
2020-05-19T07:06:05+00:00,1589871965,"Hippocrate ou Galien, quel médecin traitant choisir dans l’Antiquité ? ","Notre médecine est-elle l'héritière de celle d'Hippocrate et de Galien ? Nous verrons comment une médecine antique dont la théorie des humeurs ou les remèdes farfelus nous semblent aujourd’hui archaïque, a en réalité posé des principes qui sont encore aux fondements de la médecine moderne...",https://www.franceculture.fr/franceculture/podcasts/le-cours-de-l-histoire/hippocrate-ou-galien-quel-medecin-traitant-choisir-dans-l-antiquite-9475468,,,,da8fcec9-74ca-40f2-8075-fa65545b73d1_5
2020-05-20T07:06:05+00:00,1589958365,La longue histoire de la médecine chinoise ,"Ce matin nous partons à la découverte des préceptes qui définissent la médecine traditionnelle chinoise, et nous verrons quelle place celle-ci occupe dans la société chinoise contemporaine où les pratiques médicales occidentales tendent à s’imposer...",https://www.franceculture.fr/franceculture/podcasts/le-cours-de-l-histoire/la-longue-histoire-de-la-medecine-chinoise-4497705,,,,fc1c9df1-9d6c-49a8-b223-916fcb7dfd4e_5
2020-05-22T07:06:45+00:00,1590131205,Parcours de soins dans l’Égypte pharaonique ,"Le Cours de l’histoire, une émission qui aujourd’hui suit le cours du Nil, puisque nous nous rendons en Égypte !",https://www.franceculture.fr/franceculture/podcasts/le-cours-de-l-histoire/parcours-de-soins-dans-l-egypte-pharaonique-7180964,,,,8be0d03f-250d-4bb3-95a1-6af0482a7b67_5
2020-05-25T07:06:15+00:00,1590390375,"James Tissot, l’ambigu moderne, au musée d’Orsay","Changeant de noms, de styles, de médiums, de lieux de résidence, comment saisir l’insaisissable James Tissot ? Qui est ce peintre ? En quoi cette insaisissabilité est-elle caractéristique de son époque ?",https://www.franceculture.fr/franceculture/podcasts/le-cours-de-l-histoire/james-tissot-l-ambigu-moderne-au-musee-d-orsay-7874990,,,,469f0815-c6c9-4b78-a196-5b9ef250d2f0_5
2020-05-26T07:06:05+00:00,1590476765,"Raphaël et ses élèves, à Chantilly","Dans quelle mesure l’exposition consacrée à Raphaël au château de Chantilly est-elle un événement inédit ? Pourquoi constitue-t-elle, au delà d’une rétrospective de l’oeuvre du peintre, une porte ouverte sur une histoire plus globale de la Renaissance italienne ? ",https://www.franceculture.fr/franceculture/podcasts/le-cours-de-l-histoire/raphael-et-ses-eleves-a-chantilly-3858472,,,,24ab9804-c316-44dc-8f1c-ab8189471d16_5
2020-05-27T07:06:05+00:00,1590563165,"Le folklore pour comprendre le futur, à Pompidou-Metz","Qu'est ce que le folklore ? Est-il figé dans le temps ou peut-il être actualisé ? Nous verrons que loin des clichés d’un passéisme suranné et artificiel, les artistes ont pu y trouver une source d’inspiration, aussi bien qu’un objet d’analyse critique ou de contestation...",https://www.franceculture.fr/franceculture/podcasts/le-cours-de-l-histoire/le-folklore-pour-comprendre-le-futur-a-pompidou-metz-2055299,,,,98df95e6-3202-466f-8f1b-ab6bdfbd6de2_5
2020-05-28T07:06:05+00:00,1590649565,"Jean-Marie Delaperche, un artiste face aux tourments de l’histoire, à Orléans","Connaissez-vous Jean-Marie Delaperche ? Suite à la découverte de 91 dessins en 2017, le Musée des Beaux-Arts d'Orléans lui consacre aujourd'hui une grande retrospective. Nous partons ce matin à la rencontre de cet artiste oublié par l'histoire... ",https://www.franceculture.fr/franceculture/podcasts/le-cours-de-l-histoire/jean-marie-delaperche-un-artiste-face-aux-tourments-de-l-histoire-a-orleans-9957684,,,,80ea6d65-97a2-49c1-8058-4fb185a52f7f_5
2020-05-29T07:06:05+00:00,1590735965,"Le film historique, ou la revanche du décor","Le décor de cinéma, souvent relégué au statut de toile de fond, est d’une importance capitale dans les films historiques. Comment participe-t-il activement de la mise en récit de l’histoire, comment façonne-t-il nos représentations historiques et nos discours ? ",,,,,cff81da8-0c38-4264-a63c-1cc7bddf2be8_5
2020-06-01T07:06:05+00:00,1590995165,1940-1943 : unir la lutte,"Comment unir ce qui est désuni ? Qui étaient ces résistants français devenus la Résistance française en 1943, en parvenant à unifier au sein du Conseil national de la Résistance les différents mouvements résistants, en dépit de leurs profondes divergences politiques ?",https://www.franceculture.fr/franceculture/podcasts/le-cours-de-l-histoire/1940-1943-unir-la-lutte-4087025,,,,53aafbe2-da2f-4bb7-8930-4d99937aec15_5
2020-06-02T07:06:05+00:00,1591081565,Grand témoin : Annette Beaumanoir,"À travers le portrait d'une femme engagée, c’est l’esprit de la résistance qui se dessine. Résistante à dix-sept ans en Bretagne, à Paris, et à Lyon dans les réseaux de Jean Moulin, Annette Beaumanoir nous parle de l'esprit de résistance.",https://www.franceculture.fr/franceculture/podcasts/le-cours-de-l-histoire/grand-temoin-annette-beaumanoir-7021756,,,,3d6ee4ee-e7d0-4fc1-9e60-a3c377338103_5
2020-06-03T07:06:15+00:00,1591167975,"""Les jours heureux"", le programme du Conseil National de la Résistance ","Comment le programme du CNR, symbolisant la démarche transpartisane de la résistance, a-t-il façonné les réformes économiques et sociales mises en place après la Libération ?",https://www.franceculture.fr/franceculture/podcasts/le-cours-de-l-histoire/les-jours-heureux-le-programme-du-conseil-national-de-la-resistance-4141818,,,,9d60e35f-06fc-4f40-aed3-1601a25e204c_5
2020-06-04T07:06:15+00:00,1591254375,Sécurité sociale : la croisade d’Ambroise Croizat,"Ce matin dans Le Cours de l'histoire, nous nous intéressons à l'histoire de la Sécurité Sociale, à ceux qui l'ont construite et l'ont faite perdurer. Car aujourd'hui encore, nous bénéficions de cette mesure phare du programme du Conseil National de la Résistance. ",https://www.franceculture.fr/franceculture/podcasts/le-cours-de-l-histoire/securite-sociale-la-croisade-d-ambroise-croizat-4847600,,,,6a81b886-3d5e-48e8-9a78-c427fd2fe167_5
2020-06-05T07:06:15+00:00,1591340775,"Anise Postel-Vinay : ""Je m’étais jurée de témoigner""","En hommage à la résistante Anise Postel-Vinay qui s’est éteinte le 24 mai à 97 ans, nous vous proposons ce matin de l’écouter au micro d’Amélie Perrot, productrice à France Culture, qui l'a rencontrée chez elle en mai 2015 pour quelques mots, devenus ce long entretien qui n’a jamais été diffusé.",https://www.franceculture.fr/franceculture/podcasts/le-cours-de-l-histoire/anise-postel-vinay-je-m-etais-juree-de-temoigner-8901889,,,,6db59ca1-5bfb-4c7e-b105-c71fb90a9c01_5
2020-06-08T07:06:15+00:00,1591599975,Le journal acerbe des infréquentables frères Goncourt ,"Les frères Goncourt, nous les connaissons tous, puisqu'il y a le prix Goncourt, il y a l'Académie Goncourt et il y a le journal des Goncourt. Mais les connaissons-nous vraiment ? Ce matin dans Le Cours de l'histoire, nous posons la question au biographe de ces deux frères infréquentables.
",https://www.franceculture.fr/franceculture/podcasts/le-cours-de-l-histoire/le-journal-acerbe-des-infrequentables-freres-goncourt-5987538,,,,9f6904b3-a406-4d8a-be99-697e2eeda4a7_5
2020-06-09T07:06:15+00:00,1591686375,"Correspondances féminines au XVIIIe siècle, l’écriture de soi ","Ce matin dans Le Cours de l'histoire, à travers les écrits épistolaires de trois femmes, à la fois totalement différentes et parfaitement complémentaires, ce sont trois temps de l'histoire du XVIIIe siècle qui se dessinent, faisant ainsi de ce siècle, le siècle de la lettre.",https://www.franceculture.fr/franceculture/podcasts/le-cours-de-l-histoire/correspondances-feminines-au-xviiie-siecle-l-ecriture-de-soi-3396688,,,,70e6f00c-ffbc-453c-9685-716c07f25cd4_5
2020-06-10T07:06:15+00:00,1591772775,Face à l’horreur : les “petits sujets” de la violence du fait guerrier,"Nous connaissons tous les dates et les lieux des hauts faits de la Grande Guerre, mais c'est à travers des lettres, des souvenirs et des amnésies, des destins individuels pris dans la tourmente, qu'il faut aborder le fait guerrier.",https://www.franceculture.fr/franceculture/podcasts/le-cours-de-l-histoire/face-a-l-horreur-les-petits-sujets-de-la-violence-du-fait-guerrier-4376370,,,,814e8ca0-9eeb-45ef-8c98-186a01a1d776_5
2020-06-11T07:06:15+00:00,1591859175,"Les lettres d’une enfant : Louise Pikovsky, déportée à l’âge de 17 ans","Ce matin, dernier volet de notre série consacrée aux écrits intimes avec une étrange correspondance, une correspondance oubliée, dont la mémoire resurgit aujourd’hui grâce à la découverte de lettres écrites par une jeune fille, Louise Pikovsky, durant la Seconde Guerre mondiale.",https://www.franceculture.fr/franceculture/podcasts/le-cours-de-l-histoire/les-lettres-d-une-enfant-louise-pikovsky-deportee-a-l-age-de-17-ans-5237275,,,,600901b6-7628-4c9d-a5fc-68a59023de63_5
2020-06-12T07:06:15+00:00,1591945575,"L'indépendance algérienne, une voie, des voix ","L’entre-deux-guerres déçoit les colonies françaises. Leur engagement dans le conflit n’est que peu récompensé, et en Algérie, ce ressentiment encourage le développement de courants indépendantistes et autonomistes.",https://www.franceculture.fr/franceculture/podcasts/le-cours-de-l-histoire/l-independance-algerienne-une-voie-des-voix-5047067,,,,923a2273-1c85-4bf7-be74-6b80e24ced04_5
2020-06-15T07:06:15+00:00,1592204775,"Martin Luther King, l'homme qui avait foi en l'Amérique","Suite à l’obtention des droits politiques des noirs, comment Martin Luther King a-t-il oeuvré pour l’instauration d’une justice sociale contre l’impérialisme, le capitalisme et le racisme ? En juin 2020, le cours de l'Histoire de Xavier Mauduit consacre une semaine aux luttes pour l'égalité aux USA.",https://www.franceculture.fr/franceculture/podcasts/le-cours-de-l-histoire/les-pans-oublies-de-l-heritage-de-martin-luther-king-6578629,,,,39017908-fadd-4248-a38b-3f75b78f26a1_5
2020-06-16T07:06:15+00:00,1592291175,"Le suprémacisme blanc, le mal persistant de la politique étatsunienne ","De quelle histoire le suprémacisme blanc est-il l’héritier aux Etats-Unis ? Ne s’exprime-t-il qu’à travers les actions de groupes sectaires et violents, ou bénéficie-t-il d’une visibilité légitime dans la vie publique américaine ?",https://www.franceculture.fr/franceculture/podcasts/le-cours-de-l-histoire/le-supremacisme-blanc-le-mal-persistant-de-la-politique-etatsunienne-4157271,,,,b67f7b83-8177-4189-a3c0-b77706563389_5
2020-06-17T07:06:05+00:00,1592377565,Starting Block et Black Lives Matter : corps et sport dans les luttes des noirs américains,"Le corps noir étant la cible première de l’oppression raciste, comment le sport noir américain, depuis la fin du XIXe siècle, a-t-il participé aux longues luttes pour la dignité et la justice raciales aux États-Unis ? ",https://www.franceculture.fr/franceculture/podcasts/le-cours-de-l-histoire/starting-block-et-black-lives-matter-corps-et-sport-dans-les-luttes-des-noirs-americains-9458501,,,,4d75cb38-2870-47e9-812e-fc51d76c47ad_5
2020-06-18T07:06:15+00:00,1592463975,"Los Angeles 1992, ""Light My Fire"" ","Le 29 avril 1992, 100 000 personnes descendent dans les rues de South Central, à Los Angeles, pour protester contre le racisme. La manifestation dégénère et enflamme les Etats-Unis. Ces émeutes sont-elles l'acmé de trop longs affrontements entre la communauté noire et la police américaines ? ",https://www.franceculture.fr/franceculture/podcasts/le-cours-de-l-histoire/los-angeles-1992-light-my-fire-4655679,,,,4af65fc3-1d30-46cd-acb7-4536c760f306_5
2020-06-19T07:06:15+00:00,1592550375,Lire et relire le Coran ,"Comment étudier le Coran par le prisme de l'histoire ? ""Le Coran des historiens"", ouvrage inédit et monumental, effectue la synthèse des connaissances de presque deux siècles de recherches sur ce texte sacré, que nous apprend ce travail sur l’histoire du Coran ? ",https://www.franceculture.fr/franceculture/podcasts/le-cours-de-l-histoire/lire-et-relire-le-coran-6454215,,,,f9dcb11f-6e49-406b-b743-6aa7f7d75124_5
2020-06-22T07:06:05+00:00,1592809565,"476, la chute de Rome : décadence d’un empire décati ?","Impensable pour ses contemporains, désastre civilisationnel pour les humanistes de la Renaissance, leçon morale pour les penseurs du XIXe : pourquoi la chute de l’Empire romain n’en finit-elle pas de nous fasciner ? ",https://www.franceculture.fr/franceculture/podcasts/le-cours-de-l-histoire/476-la-chute-de-rome-decadence-d-un-empire-decati-8787950,,,,54c4d021-2844-43c3-93e5-fa86c6200de6_5
2020-06-23T07:06:05+00:00,1592895965,"1520, au seuil d’un monde nouveau ","Le 23 juin 2020, cet épisode de la série « Années charnières, l’histoire au tournant » s'intéresse à 1520, année durant laquelle l'Europe se morcelle et les pays se lancent dans la conquête de nouveaux territoires.",https://www.franceculture.fr/franceculture/podcasts/le-cours-de-l-histoire/1520-au-seuil-d-un-monde-nouveau-4490067,,,,4b51fd63-e678-4de3-ad28-3468141ec030_5
2020-06-24T07:06:15+00:00,1592982375,"1870, vers l’année terrible","Nous commémorons le 150e anniversaire de l'année 1870, l'occasion pour Le Cours de l'histoire de se pencher sur ce tournant majeur, entre Empire et République, entre guerre et paix.",https://www.franceculture.fr/franceculture/podcasts/le-cours-de-l-histoire/1870-vers-l-annee-terrible-3347345,,,,977096b6-ea62-482c-bcde-f4faa2cf6db6_5
2020-06-25T07:06:05+00:00,1593068765,"Années 90, fin et commencement ","Alors que 1989 est marquée par la chute du Mur de Berlin, les années 1990 ont été pensées par les contemporains comme la décennie de la « fin » : fin de l’histoire, fin de la guerre. Comment cette décennie s’est-elle finalement imposée comme un bouleversement du monde, comme le début d’un autre ? ",https://www.franceculture.fr/franceculture/podcasts/le-cours-de-l-histoire/annees-90-fin-et-commencement-6458297,,,,1636c279-c6c5-476e-905c-08b587de87e7_5
2020-06-26T07:06:05+00:00,1593155165,2020 : Comment archiver le temps présent ? ,"Lorsqu’un événement mondial aussi fort que ces premiers mois de l’année 2020 se produit, comment se positionne l’historien ? Quel rapport celui qui étudie le passé entretient-il avec le présent ?",https://www.franceculture.fr/franceculture/podcasts/le-cours-de-l-histoire/2020-comment-archiver-le-temps-present-1053429,,,,b4397255-3a66-45c2-9942-3d6fddde0429_5
2020-06-29T07:06:15+00:00,1593414375,"Champ contre-champ, les images des camps  ","75 ans après la libération des camps, restent les images. Mais pas seulement celles prises de l'extérieur, il existe quelques clichés réalisés par ceux qui l’ont vécu de
l’intérieur mais comment et pourquoi risque-t-on sa vie à faire des photos clandestines dans les camps ? ",https://www.franceculture.fr/franceculture/podcasts/le-cours-de-l-histoire/champ-contre-champ-les-images-des-camps-6851868,,,,fbde52e6-6aca-438f-8085-ef1c0aa4288b_5
2020-06-30T07:06:15+00:00,1593500775,"Etudier et enseigner la Shoah, un défi sans cesse renouvelé  ","Sur les 3 500 000 juifs que comptait la Pologne en 1939, 90 % furent exterminés. Dès lors, comment se déroula la « libération » des camps nazis en Pologne ? Quelle fût la responsabilité des Polonais dans ce crime de masse et celle-ci est-elle clairement reconnue par le gouvernement polonais actuel ?",https://www.franceculture.fr/franceculture/podcasts/le-cours-de-l-histoire/etudier-et-enseigner-la-shoah-un-defi-sans-cesse-renouvele-8064882,,,,2f6b8229-94bd-4c33-b9a5-1b45dcbf168e_5
2020-07-01T07:06:15+00:00,1593587175,"Après les camps, se libérer","En sortant des camps il y a 75 ans, les déportés survivants essaient de reconstruire leurs vies tout en ayant le besoin de témoigner sur ce qu'ils ont vécu. Mais est-il encore possible d'être heureux après un tel traumatisme ? Si le corps est libre, l'esprit l'est-il aussi ?",https://www.franceculture.fr/franceculture/podcasts/le-cours-de-l-histoire/apres-les-camps-se-liberer-9745843,,,,a68bdd9f-75a3-44af-afd1-debc1b0eb0a2_5
2020-07-02T07:06:15+00:00,1593673575,Ce que le monde doit à l'hiver 1944-1945,"Aujourd'hui Xavier Mauduit s'entretient avec Ian Kershaw, historien britannique, biographe d’Hitler et spécialiste de l’Allemagne nazie.",https://www.franceculture.fr/franceculture/podcasts/le-cours-de-l-histoire/ce-que-le-monde-doit-a-l-hiver-1944-1945-6562136,,,,49dbfbd9-dc9a-4c1d-9c09-b2e1b89e26f2_5
2020-07-03T07:06:15+00:00,1593759975,"Capitalisme, le meilleur des mondes ?    ","Les inégalités sont-elles une fatalité ? En enquêtant dans les discours que les sociétés passées ont tenu sur leurs propres dysfonctionnements, c’est un combat où des idées viennent activement au secours des puissants qui se dessine.",https://www.franceculture.fr/franceculture/podcasts/le-cours-de-l-histoire/capitalisme-le-meilleur-des-mondes-4241787,,,,2b647fa5-0109-458a-95c2-71bc25414651_5
2020-07-03T13:12:18+00:00,1593781938,"Le musée, exposer le territoire ?","Du musée municipal au musée national, l’accumulation d’œuvres d’art et d’objets rend-elle attractifs les territoires ?",https://www.franceculture.fr/franceculture/podcasts/le-cours-de-l-histoire/le-musee-exposer-le-territoire-6686320,,,,188081e7-ad2e-4e65-b503-929e72d784c5_5
2020-07-06T07:06:15+00:00,1594019175,"L’esclavage, moteur de la démocratie antique ?",L’esclavagisme est indissociable de l’idée démocratique telle qu’elle existe dans la Grèce antique. Quel était le travail de ces hommes-marchandises essentiels à la société athénienne ?,https://www.franceculture.fr/franceculture/podcasts/le-cours-de-l-histoire/l-esclavage-moteur-de-la-democratie-antique-8443428,,,,b2548228-430d-4595-9c9c-244b6908f1d5_5
2020-07-07T07:06:15+00:00,1594105575," Le servage et son abolition, la Russie entre deux mondes","L’abolition du servage en Russie signe la fin de l’organisation de la société et du travail telle que l’a connue la Russie impériale. Qui étaient ces serfs, et comment comprendre aujourd’hui le moment charnière de l’abolition ?",https://www.franceculture.fr/franceculture/podcasts/le-cours-de-l-histoire/le-servage-et-son-abolition-la-russie-entre-deux-mondes-8100895,,,,c60b82f7-5e24-4b31-b39d-2f886f48274f_5
2020-07-08T07:06:15+00:00,1594191975,Le destin d’un abolitionniste à l’époque des Lumières,"Entretien avec Marcus Rediker, à l’occasion de la publication de sa biographie de Benjamin Lay, grande figure de l’abolitionnisme à l’époque moderne. ",https://www.franceculture.fr/franceculture/podcasts/le-cours-de-l-histoire/le-destin-d-un-abolitionniste-a-l-epoque-des-lumieres-7080485,,,,445df386-ffc9-480e-bca6-ab8f8cc75623_5
2020-07-09T07:06:15+00:00,1594278375,Quand les esclaves reprennent le travail ,"Suite à l’abolition de l’esclavage de 1848, le gouvernement français met en place l’immigration de travailleurs sous contrat d’engagement de travail : l'engagisme. Comment un système de domination s’est perpétué selon de nouvelles modalités ?",https://www.franceculture.fr/franceculture/podcasts/le-cours-de-l-histoire/quand-les-esclaves-reprennent-le-travail-5122025,,,,e53bda1d-3ac7-4e28-b207-85b10c06d3d0_5
2020-07-10T07:06:15+00:00,1594364775,Vie et mort du capitalisme ,"Difficile de donner une date de naissance au capitalisme : remonte-t-il à la révolution industrielle, à la prise de pouvoir des classes bourgeoises, à la réforme protestante, aux grands voyages de la Renaissance ? Et qu'en est-il de sa mort ? Car souvent annoncée, elle n’en finit plus d’arriver...",https://www.franceculture.fr/franceculture/podcasts/le-cours-de-l-histoire/vie-et-mort-du-capitalisme-8879037,,,,f4cd8da3-3bf1-484c-8e41-bcbf8bc4ad43_5
2020-07-13T07:06:15+00:00,1594623975,"Sous nos pieds, la culture",En quoi les fouilles archéologiques et leur mise en valeur sont constitutives de notre manière d’imaginer les territoires ? Comment l’archéologie moderne peut-elle montrer que l’empire romain reposait sur une culture commune ?,https://www.franceculture.fr/franceculture/podcasts/le-cours-de-l-histoire/sous-nos-pieds-la-culture-7426624,,,,32d8985e-9502-45d5-8da2-54747dd52a6d_5
2020-07-15T07:06:15+00:00,1594796775,Les territoires sur le devant de la scène,Le théâtre représente-t-il un enjeu politique et de cohésion territoriale ? Pourquoi et comment le théâtre est-il apparu comme un objet particulièrement sur le devant de la scène politique du XIXe siècle ?,https://www.franceculture.fr/franceculture/podcasts/le-cours-de-l-histoire/les-territoires-sur-le-devant-de-la-scene-5119700,,,,d8365e8c-cb0e-4371-b4e4-91d1326b4648_5
2020-07-16T07:06:15+00:00,1594883175,"De nos villages au continent, une culture européenne ?","Au XIXe siècle, les progrès de la presse et de l’édition ainsi que le succès d’inventions nouvelles comme le cinéma permettent une diffusion à grande échelle de toute une production littéraire, théâtrale, scénique. Dès lors, la culture devient le langage commun d’une Europe en pleine mutation.",https://www.franceculture.fr/franceculture/podcasts/le-cours-de-l-histoire/de-nos-villages-au-continent-une-culture-europeenne-7497661,,,,6b19f609-83a9-4405-8533-4dd715bcb918_5
2020-07-17T07:06:15+00:00,1594969575,Berlin à la trace,"30 ans après la chute du mur de Berlin, l'ex RDA est toujours présente à travers ses ruines et ses lieux abandonnés. Explorons aujourd'hui ce passé de l'Allemagne de l'Est avec l'historien Nicolas Offenstadt pour une promenade berlinoise.",https://www.franceculture.fr/franceculture/podcasts/le-cours-de-l-histoire/berlin-a-la-trace-5596627,,,,556d8e89-4592-4298-b915-5dc180d2e329_5
2020-08-24T07:06:15+00:00,1598252775,Escale phénicienne à Beyrouth,"Navigateurs intrépides ? Commerçants judicieux ? Architectes de génie ? Administrateurs clairvoyants ? Qui étaient les Phéniciens, ces premiers Libanais dont la seule évocation est sujette  aux fantasmes comme aux controverses ?",https://www.franceculture.fr/franceculture/podcasts/le-cours-de-l-histoire/escale-phenicienne-a-beyrouth-7106268,,,,0a581c35-ea94-45c7-82ec-e8183b73ef7f_5
2020-08-25T07:06:15+00:00,1598339175,"Beyrouth, une capitale sous mandat français ","1920 : le Liban est placé sous mandat français par la Société des Nations, l'État du Grand Liban est proclamé. Il faut 23 années au pays du cèdre pour accéder à son indépendance. Retour sur deux décennies qui ont laissé une empreinte  profonde et durable sur Beyrouth et ses habitants. ",https://www.franceculture.fr/franceculture/podcasts/le-cours-de-l-histoire/nouvelle-capitale-beyrouth-sous-mandat-francais-3943942,,,,f68ec978-9043-4722-8e8e-f57ced0100f8_5
2020-08-26T07:06:20+00:00,1598425580,"Après la guerre civile, reconstruire","Dans les années 1990, Beyrouth s’engage dans sa reconstruction après la guerre civile. Rebâtir la ville c’est la moderniser afin de renforcer son attractivité économique et retrouver des espaces de coexistence sociale. Confiée au secteur privé, cette reconstruction fait polémique. 
",https://www.franceculture.fr/franceculture/podcasts/le-cours-de-l-histoire/apres-la-guerre-civile-reconstruire-9005998,,,,b0ef3570-c8ee-438b-86be-7a5a043b749c_5
2020-08-27T07:06:20+00:00,1598511980,"Beyrouth, le patrimoine d’une ville-mémoire","Meurtrie par les guerres, parfois malmenée dans sa reconstruction, plus récemment encore victime des explosions du 4 août 2020, la ville de Beyrouth doit faire face à de multiples catastrophes. Qu’en est-il aujourd’hui du patrimoine beyrouthin ? ",https://www.franceculture.fr/franceculture/podcasts/le-cours-de-l-histoire/beyrouth-le-patrimoine-d-une-ville-memoire-6356373,,,,1f513a93-20b4-459a-a3bb-9e08bcdbbba7_5
2020-08-28T07:06:20+00:00,1598598380,"Des Amazones du Dahomey aux indépendances africaines, hommage à l'historienne Hélène d'Almeida-Topor","En 2020, dix-sept pays africains, dont quatorze anciennes colonies françaises, fêtent le 60e anniversaire de leur indépendance. Nous rendons hommage à une historienne qui a fait de l’Afrique contemporaine son terrain d’étude : Hélène d’Almeida Topor, qui nous a quittés le 1er août 2020.",https://www.franceculture.fr/franceculture/podcasts/le-cours-de-l-histoire/des-amazones-du-dahomey-aux-independances-africaines-hommage-a-l-historienne-helene-d-almeida-topor-1777566,,,,a7e44e1a-10bb-4616-bc91-b3fdab8bdb55_5
2020-08-31T07:06:15+00:00,1598857575,"À Rome, la république en toge","La Rome antique voit naître et mourir la république. Elle commence en 509 av. J.-C., à la chute de la royauté, et s'achève quelques années avant notre ère pour laisser place à l'Empire. Une république d'accord, mais de quelle nature ? ",https://www.franceculture.fr/franceculture/podcasts/le-cours-de-l-histoire/a-rome-la-republique-en-toge-7987609,,,,593caa05-a515-4bd0-9881-c1884cc1e54a_5
2020-09-01T07:06:05+00:00,1598943965,Des cités sans roi : républiques urbaines au Moyen Âge ,"De la Provence aux cités italiennes, certaines villes ont fait le choix de la république dès le Moyen Âge, devenant les laboratoires d'un mode de gouvernement nouveau. Pourtant, les habitants de ces républiques urbaines étaient-ils vraiment des acteurs politiques à part entière ?",https://www.franceculture.fr/franceculture/podcasts/le-cours-de-l-histoire/des-cites-sans-roi-republiques-urbaines-au-moyen-age-1386958,,,,ff21da95-9c39-464a-96a7-e87ab6cd514a_5
2020-09-02T07:06:15+00:00,1599030375,Tropiques républicains : les combats de Toussaint Louverture,"Général, législateur, chef providentiel, martyr, cet esclave affranchi de l'île de Saint-Domingue, aujourd'hui Haïti, est devenu la figure emblématique de la résistance contre les puissances coloniales. Nous explorons ce matin la vie de combat de Toussaint Louverture.
",https://www.franceculture.fr/franceculture/podcasts/le-cours-de-l-histoire/tropiques-republicains-les-combats-de-toussaint-louverture-9937500,,,,2fd79bc9-685d-4da2-984e-d5e7707fdac3_5
2020-09-03T07:06:15+00:00,1599116775,"La République, un jeu d’enfant ?","Nous concluons notre série avec une expériences républicaine singulière, celle de communautés pédagogiques qui accueillent, dès 1939, orphelins et enfants sans foyer. Ces communautés, administrées en partie par les enfants, vont connaitre une destinée internationale.  
",https://www.franceculture.fr/franceculture/podcasts/le-cours-de-l-histoire/la-republique-un-jeu-d-enfant-8297616,,,,851e383f-6905-499d-ba1d-40aff8f15729_5
2020-09-04T07:06:05+00:00,1599203165,"Jean-Noël Jeanneney, la République à la première personne","Jean-Noël Jeanneney publie ses Mémoires au Seuil. L'historien se livre sur sa vision de la République et sur son attachement aux valeurs républicaines. Il nous raconte un peu de son histoire familiale, au plus près des institutions. Un héritage heureux et inspirant. ",https://www.franceculture.fr/franceculture/podcasts/le-cours-de-l-histoire/la-republique-a-la-premiere-personne-4418297,,,,5d795c17-9061-42f0-8be9-3595c4aa3efc_5
2020-09-07T07:06:05+00:00,1599462365,Le plus vieux métier du monde ? A l’origine était la guerre ,Peut-on dater la naissance de la guerre ? La violence est-elle synonyme de guerre ? Faut-il faire remonter cette invention à la Préhistoire? C'est sur toutes ces questions que la préhistorienne l'archéologue et historienne Anne Lehoërff nous apportera son éclairage ce matin.,https://www.franceculture.fr/franceculture/podcasts/le-cours-de-l-histoire/le-plus-vieux-metier-du-monde-a-l-origine-etait-la-guerre-1370017,,,,b104fec6-5041-4629-a5dc-d0d3bc86e101_5
2020-09-08T07:06:05+00:00,1599548765,"Les samouraïs, la voie du guerrier","Le samouraï est partout ! Films, jeux vidéo, comics… On prête à ces guerriers une discipline de fer et un rigoureux code d’honneur. Loin des clichés, ""Le Cours de l'histoire"" revient sur cette figure dont la mythologie, la symbolique et l’aura répondent à une construction bien tardive. ",https://www.franceculture.fr/franceculture/podcasts/le-cours-de-l-histoire/les-samourais-la-voie-du-guerrier-5088620,,,,180b1eb2-94e7-43e9-a7bc-950027db6a55_5
2020-09-09T07:06:05+00:00,1599635165,Il était une fois les chevaleresses,"Guerrières, combattantes, preuses, chevaleresses ont, depuis le Moyen Âge, nourri nos imaginaires littéraire et iconographique. Certaines de ces femmes ont bien existé, intégrant parfois des ordres combattants, des bataillons de croisés...",https://www.franceculture.fr/franceculture/podcasts/le-cours-de-l-histoire/il-etait-une-fois-les-chevaleresses-9515345,,,,059a5958-02d2-468e-a984-e6ffebbc7950_5
2020-09-10T07:06:05+00:00,1599721565,Soldats coloniaux : la violence en images,"Les photographies exhumées des archives privées des colons européens (fin XIXe et XXe siècles) nous plongent dans un monde bien éloigné des allégories de conquêtes héroïques. Violences sur l'autre, assujetti, ces clichés nous parlent et nous interrogent sur deux regards qui se font face.",https://www.franceculture.fr/franceculture/podcasts/le-cours-de-l-histoire/soldats-coloniaux-la-violence-en-images-1500000,,,,875a0ef8-a3fa-453a-b406-9cabec6fc557_5
2020-09-11T07:06:05+00:00,1599807965,Louis XIV indice 50 : le Roi-Soleil rayonne sur le monde,"En compagnie de l'historien Philip Mansel nous parlons ce matin du règne de Louis XIV dans une perspective internationale.  Conquêtes, rayonnement des arts et du français... Le soleil royal brille au-delà des frontières de son royaume. ",https://www.franceculture.fr/franceculture/podcasts/le-cours-de-l-histoire/louis-xiv-indice-50-le-roi-soleil-rayonne-sur-le-monde-4922298,,,,9ac86e62-ba1b-4005-b85b-335120dddc77_5
2020-09-14T07:06:05+00:00,1600067165,L'âge du faire,La peinture pariétale et la taille des outils de pierre demandent habilité manuelle et connaissances technologiques.  Que nous apprennent ces traces matérielles sur l'organisation des sociétés qui les produisaient et comment se transmettaient les savoir-faire ? ,https://www.franceculture.fr/franceculture/podcasts/le-cours-de-l-histoire/l-age-du-faire-7230310,,,,2e6c6dbc-c873-4ed5-89d0-165f4099156e_5
2020-09-15T07:06:05+00:00,1600153565,Livres : au commencement était le référencement ,"Au XVIe siècle, des humanistes de la Renaissance se sentent submergés par le flot toujours plus abondant de la production des connaissances. Partagés entre la crainte de perdre et le désir de conserver, ils cherchent des solutions pour organiser, classer et trier les ressources du savoir. ",https://www.franceculture.fr/franceculture/podcasts/le-cours-de-l-histoire/livres-au-commencement-etait-le-referencement-6092042,,,,efb6f9c1-76e1-4543-b26b-675324c6277b_5
2020-09-16T07:06:05+00:00,1600239965,"Loin des savoirs, loin du pouvoir","La Révolution française prône une instruction citoyenne pour tous, y compris pour les femmes. Dès lors, les premières écoles publiques de filles se mettent en place au rythme des querelles, des débats et de la morale.  ",https://www.franceculture.fr/franceculture/podcasts/le-cours-de-l-histoire/loin-des-savoirs-loin-du-pouvoir-7507727,,,,34680fee-1881-4272-8c1a-e3f3ed18cce2_5
2020-09-17T07:06:05+00:00,1600326365,Ce que nous apprend l'enfant sauvage,"Comment instruire les enfants sauvages ? L’un des plus célèbres d’entre eux, Kaspar Hauser, « orphelin de l’Europe », surgit à Nuremberg en 1828. Ce destin énigmatique et tragique nous fascine, peut-être parce qu’il nous questionne sur l’animal social que nous sommes.",https://www.franceculture.fr/franceculture/podcasts/le-cours-de-l-histoire/ce-que-nous-apprend-l-enfant-sauvage-9102769,,,,ee833f15-83b9-48fb-bd46-7caac606bae0_5
2020-09-18T07:06:05+00:00,1600412765,Hommage à l'historien Dominique Kalifa,"Dominique Kalifa, historien des imaginaires sociaux des XIXe et XXe siècles, spécialiste du crime et de la presse nous a quittés le 12 septembre 2020. Ce matin, nous évoquons ses travaux, ses champs de recherches, ses apports et l'empreinte toute personnelle qu'il laisse à la discipline.",https://www.franceculture.fr/franceculture/podcasts/le-cours-de-l-histoire/hommage-a-l-historien-dominique-kalifa-6036578,,,,f4c02b8b-b279-4ab5-a936-0eca56bdcb07_5
2020-09-21T07:06:05+00:00,1600671965,"Panthéon égyptien, quand les animaux étaient des dieux","Dans l'Égypte ancienne, hommes et animaux participent à l'équilibre cosmique : ibis, cobra, chat, ou chacal sont élevés au rang de divinité. 
Le panthéon pharaonique est-il une ménagerie ?",https://www.franceculture.fr/franceculture/podcasts/le-cours-de-l-histoire/pantheon-egyptien-quand-les-animaux-etaient-des-dieux-6490555,,,,3e0afc32-698b-4587-9a6c-fb726cd8479d_5
2020-09-22T07:06:05+00:00,1600758365,"Licornes, dragons et manticores : morale du bestiaire médiéval ","Réels, imaginaires ou symboliques, l’omniprésence des animaux dans les sources médiévales est à la mesure de la place fondamentale qu’ils occupent dans la vie quotidienne de cette époque. ",https://www.franceculture.fr/franceculture/podcasts/le-cours-de-l-histoire/licornes-dragons-et-manticores-morale-du-bestiaire-medieval-6624505,,,,24fb8c72-51e8-408a-a042-a98ffa741756_5
2020-09-23T07:06:05+00:00,1600844765,Les animaux sont-ils des gens comme les autres ? ,"La relation entre les hommes et les animaux est une histoire aux frontières mal définies. Au XVIIIe siècle, savants, philosophes et révolutionnaires repensent ce rapport, entre exploitation violente et domestication affectueuse. ",https://www.franceculture.fr/franceculture/podcasts/le-cours-de-l-histoire/les-animaux-sont-ils-des-gens-comme-les-autres-2539331,,,,1a7fd996-8207-4f99-8b03-0c0fea7df2b4_5
2020-09-24T07:06:05+00:00,1600931165,"Animal studies, ce que les animaux disent de nous","Depuis une quarantaine d’années, les animal studies s'emploient à comprendre la place qu’occupent les animaux dans nos sociétés. Une des caractéristiques de ce champ de recherche est son caractère pluridisciplinaire. De la domestication à l'élevage, les animaux ont une histoire. ",https://www.franceculture.fr/franceculture/podcasts/le-cours-de-l-histoire/animal-studies-ce-que-les-animaux-disent-de-nous-5273391,,,,2f5e5ffa-2bb4-4205-890c-248855815331_5
2020-09-25T07:06:05+00:00,1601017565,#Balancetonexplorateur : la redécouverte de Magellan,"Évoquer le nom de Magellan, c'est évoquer un mythe, car le navigateur n'a jamais réalisé le premier tour du monde qui lui est attribué et qui explique sa postérité depuis le XVIe siècle. D’ailleurs, souhaitait-il faire le tour du monde ? Sans doute pas. Retour sur le mystère Magellan. ",https://www.franceculture.fr/franceculture/podcasts/le-cours-de-l-histoire/balancetonexplorateur-la-redecouverte-de-magellan-2056354,,,,1c1d1668-06bf-4012-b14b-feb54bd223a7_5
2020-09-28T07:06:05+00:00,1601276765,Lover of the russian queen ? Ra-Ra-Raspoutine et les mystiques russes,"Le mystique est, depuis le Moyen Âge, une figure récurrente dans l'histoire russe. Des Fols-en-Christ à Raspoutine, ces personnalités habitées par des sentiments religieux exacerbés, se retrouvent à la marge de la société tout comme au centre du pouvoir. Comment s'explique cette particularité ?

",https://www.franceculture.fr/franceculture/podcasts/le-cours-de-l-histoire/lover-of-the-russian-queen-ra-ra-raspoutine-et-les-mystiques-russes-6055561,,,,25b75046-f96e-4d78-a6ee-79d9d0583536_5
2020-09-29T07:06:05+00:00,1601363165,La contre-culture sous le marteau,"Noyée dans une idéologie qu'elle juge asservissante, une partie de la jeunesse de l'URSS défie le pouvoir pour répondre à l'appel de liberté. Certains, comme le chanteur Vladimir Vyssotski, deviennent dissidents malgré eux : la contre-culture soviétique, une dissidence artistique à haut risque.
",https://www.franceculture.fr/franceculture/podcasts/le-cours-de-l-histoire/la-contre-culture-sous-le-marteau-1936757,,,,fd63626c-c756-443b-b360-ccabbcc635c9_5
2020-09-30T07:06:05+00:00,1601449565,"Russie, la KGB Académie","Créés en 1917, les services secrets soviétiques prennent le nom de KGB en 1954. Assassinats et coups tordus, cette police politique inspire la terreur, sa marque de fabrique. Creuset du pouvoir en Russie des tsars à Poutine, comment les services secrets forment et informent les dirigeants du pays ? ",https://www.franceculture.fr/franceculture/podcasts/le-cours-de-l-histoire/russie-la-kgb-academie-2991303,,,,7781260f-7123-4cd3-a808-ab67399bb478_5
2020-10-01T07:06:05+00:00,1601535965,Classé confidentiel dans les caves du Kremlin,"En Russie, le début des années 1990 marque un accès facilité aux archives de la période soviétique. La richesse des fonds s’explique par la graphomanie d’un régime qui consigne tout. Aujourd’hui, il est plus compliqué d’accéder à cette mémoire. Alors, comment écrire l'histoire de l'URSS ?",https://www.franceculture.fr/franceculture/podcasts/le-cours-de-l-histoire/classe-confidentiel-dans-les-caves-du-kremlin-7096098,,,,6d63cc02-4132-4359-a37a-85ba25dd4623_5
2020-10-02T07:06:05+00:00,1601622365,Face au nazisme : récits de destins croisés,"Il y a ceux, tel Ernst Hanfstaengl, ami d’Hitler, qui veulent à tout prix faire partie de l’histoire. Il y a ceux, tels les 9 000 déportés français à Mittelbau-Dora, qui n’ont pas baissé la tête et qui ont font partie de l’histoire. Comment raconter des destins opposés sous le nazisme ? ",https://www.franceculture.fr/franceculture/podcasts/le-cours-de-l-histoire/face-au-nazisme-recits-de-destins-croises-9542957,,,,ddb3ced4-ab16-49d7-8990-30af3eeab993_5
2020-10-05T07:06:05+00:00,1601881565,Se libérer pour gouverner,"À quel moment les combats pour la décolonisation ont-ils débuté ? Peut-être le premier jour de la colonisation. Toutefois, c'est après la Seconde Guerre mondiale que s'ouvrent trois décennies de conflits entre la France et ses anciennes colonies, une période marquée par ""du sang et des larmes"".",https://www.franceculture.fr/franceculture/podcasts/le-cours-de-l-histoire/gouverner-une-histoire-de-l-exercice-du-pouvoir-1-4-se-liberer-pour-gouverner-6435835,,,,b9721344-27a8-4aa7-b7d2-d38c0027eebf_5
2020-10-06T07:06:05+00:00,1601967965,"Juin 1789, gouverner sans-culottes","Combien de temps faut-il pour passer d'un pouvoir absolu de droit divin à une monarchie constitutionnelle ? Sept jours ! Ce tour de force s'opère du 17 au 23 juin 1789, une semaine encore dans les esprits avec serment du Jeu de paume, un tournant décisif dans le tourbillon révolutionnaire.",https://www.franceculture.fr/franceculture/podcasts/le-cours-de-l-histoire/gouverner-une-histoire-de-l-exercice-du-pouvoir-2-4-juin-1789-gouverner-sans-culottes-6574030,,,,23ac64e6-cfe2-48de-94bd-87664d8630b9_5
2020-10-07T07:06:10+00:00,1602054370,Les médecins qui murmuraient à l'oreille des souverains. Gouverner par la science,"La pratique de la médecine est en pleine mutation au Moyen Âge. Désormais formés sur les bancs des universités, les praticiens se trouvent au plus près des princes et exercent un certain pouvoir. Émerge une nouvelle figure d'autorité : le médecin conseil... du prince !
",https://www.franceculture.fr/franceculture/podcasts/le-cours-de-l-histoire/gouverner-une-histoire-de-l-exercice-du-pouvoir-3-4-les-medecins-qui-murmuraient-a-l-oreille-des-souverains-gouverner-par-la-science-7595297,,,,b827e0b5-f83f-4c72-b6f5-2e372e219f05_5
2020-10-08T07:06:20+00:00,1602140780,C'est de l'art ou du pouvoir ? Le cas Médicis,"Marchands et banquiers de génie, les Médicis imposent leur pouvoir à Florence durant la Renaissance. Richissimes, ils gouvernent par les arts : comment leur mécénat sert-il leur pouvoir ?  

",https://www.franceculture.fr/franceculture/podcasts/le-cours-de-l-histoire/le-cours-de-l-histoire-du-jeudi-08-octobre-2020-6539289,,,,83f0b839-23f2-49b3-98e8-0d5a471e75f6_5
2020-10-09T07:06:20+00:00,1602227180,"Banjo, tongs et bidet : quand les objets racontent l'histoire du monde","Châle, banjo, hamac, le Magasin du monde est ouvert ! En direct des Rendez-vous de l'histoire de Blois, nous faisons un inventaire : tous les objets racontent une histoire à travers leur processus de fabrication, leur usage, leur circulation et l'appropriation qui en est faite. ",https://www.franceculture.fr/franceculture/podcasts/le-cours-de-l-histoire/banjo-tongs-et-bidet-quand-les-objets-racontent-l-histoire-du-monde-6371579,,,,66899d6a-a77e-4dec-a808-7ec0b0cffb35_5
2020-10-12T07:06:15+00:00,1602486375,"Proto-industrie, les paysans hors-champs","Le monde paysan est caractérisé par la pluriactivité. Ainsi, suivant les régions et les saisons, les paysans se font lunetiers, tisserands ou couteliers. Regard sur ces activités proto-industrielles exercées à domicile.










",https://www.franceculture.fr/franceculture/podcasts/le-cours-de-l-histoire/proto-industrie-les-paysans-hors-champs-4284795,,,,c4db1327-3891-4968-87a4-482ac100033b_5
2020-10-13T07:06:20+00:00,1602572780,"Aristocrate, un travail à plein temps ? ","Sous peine de déroger, le noble ne peut pas embrasser une carrière incompatible avec l’état de noblesse. Pourtant, n'est-il qu'un propriétaire oisif ?",https://www.franceculture.fr/franceculture/podcasts/le-cours-de-l-histoire/aristocrate-un-travail-a-plein-temps-4845528,,,,a2b95d55-f02f-4810-9052-0ef099ca7d7b_5
2020-10-14T07:06:20+00:00,1602659180,Quand la robe de bure devient bleu de travail,"La règle de saint Benoit organise la vie du monastère autour de trois piliers : la prière, l'étude des Saintes Écritures et le labeur. Ils sont ""vraiment moines s’ils vivent du travail de leurs mains"". Prie et travaille, une idée révolutionnaire du VIe siècle pour des moines épris de travail.",https://www.franceculture.fr/franceculture/podcasts/le-cours-de-l-histoire/quand-la-robe-de-bure-devient-bleu-de-travail-5987372,,,,b892eec3-ee98-412f-a574-f3273bd2a252_5
2020-10-15T07:06:20+00:00,1602745580,"Femmes au foyer, histoire d'un travail invisible","Agricultrice, artisane, employée de maison ou encore ouvrière, nombreuses cumulent les emplois et travaillent à la maison. Rares sont celles considérées comme ""femme au foyer"" : dans l'histoire du travail, quelle place pour ce statut exclusif qui émerge au XIXe siècle ?",https://www.franceculture.fr/franceculture/podcasts/le-cours-de-l-histoire/femmes-au-foyer-histoire-d-un-travail-invisible-9031845,,,,25435ea0-91bd-445e-bfb4-89647590f615_5
2020-10-16T07:06:20+00:00,1602831980,"Pétitions, meetings, placets : une histoire de la prise de parole","Twitter, Facebook et autres réseaux sociaux sont nos porte-voix qui dispersent indignations, coups de gueule et approbations. Diantre, comment faisait-on autrefois pour partager son opinion dans l'espace public ? ",https://www.franceculture.fr/franceculture/podcasts/le-cours-de-l-histoire/petitions-meetings-placets-une-histoire-de-la-prise-de-parole-5477251,,,,cb667f1c-0dce-45a8-b71e-ff6378cdfe20_5
2020-10-19T07:06:20+00:00,1603091180,Constantin : l’Empire romain contre-attaque,"Proclamé empereur en 306, Constantin s'applique à unifier un territoire divisé. Grand réformateur économique, politique et militaire, il se convertit au christianisme : Rome a alors 1000 ans et retrouve une nouvelle jeunesse.
",https://www.franceculture.fr/franceculture/podcasts/le-cours-de-l-histoire/constantin-l-empire-romain-contre-attaque-8167360,,,,64022a0d-a007-49a6-a424-2871c2ac6640_5
2020-10-20T07:06:20+00:00,1603177580,"Enseigner le fait religieux, sensibiliser à la liberté d’expression : les défis de l’école républicaine ",L’enseignement du fait religieux et la sensibilisation à la liberté d’expression s’invitent au gré de l’actualité dans le débat public. Un débat qui touche aux idées de république et de laïcité. Un débat essentiel porté par les enseignants. Aurions-nous imaginé que c'est au risque de leur vie ?,https://www.franceculture.fr/franceculture/podcasts/le-cours-de-l-histoire/enseigner-le-fait-religieux-sensibiliser-a-la-liberte-d-expression-les-defis-de-l-ecole-republicaine-5478725,,,,060a80a9-0c05-46d3-95f6-bc40d9b5390d_5
2020-10-21T07:06:05+00:00,1603263965,"Olives et tartiflette, quand Nice et la Savoie deviennent françaises","En 1860, l'empereur Napoléon III aide les Italiens en lutte contre l’occupation autrichienne. En échange, par le traité de Turin, la France reçoit Nice et la Savoie. D'un coup, la France est un peu plus grande, mais réunion, rattachement, pourboire ou annexion ?  ",https://www.franceculture.fr/franceculture/podcasts/le-cours-de-l-histoire/olives-et-tartiflette-quand-nice-et-la-savoie-deviennent-francaises-9009645,,,,e25315f5-eaa8-4c99-84c2-7e2ad1405b6f_5
2020-10-22T07:06:05+00:00,1603350365,Lire l’histoire au lycée,"Un peu, beaucoup, passionnément ! Les lycéens aiment l'histoire et nous le font savoir avec le Prix  lycéen du livre d'histoire, heureuse initiative du festival des Rendez-vous de l'histoire de Blois. Leur choix s'est porté sur la vie d'une esclave du XVIIe siècle au parcours transatlantique. ",https://www.franceculture.fr/franceculture/podcasts/le-cours-de-l-histoire/lire-l-histoire-au-lycee-1343607,,,,b55016c9-584b-46ec-a6a2-6c9a2824f86f_5
2020-10-23T07:06:20+00:00,1603436780,"Venise, ce n'est pas la taille qui compte","Union de coeur et d'intérêts, Venise est symboliquement mariée à la mer. Comment cette lagune inhospitalière prospère jusqu'à devenir la plaque tournante du commerce médiéval, entre Orient et Occident ?",https://www.franceculture.fr/franceculture/podcasts/le-cours-de-l-histoire/venise-ce-n-est-pas-la-taille-qui-compte-5964261,,,,b21d6d6a-7192-4004-907d-bc601ecbac18_5
2020-10-26T08:06:05+00:00,1603699565,Le Mayflower : les puritains débarquent,En 1620 les pèlerins du Mayflower ne sont pas les premiers Européens à fouler le sol du Nouveau Monde. Ils sont en revanche les premiers à accoster en étant résolus d'y fonder une société pérenne et qui s'accorde à leurs idéaux. Leur arrivée marque l'épisode fondateur du récit national américain. ,https://www.franceculture.fr/franceculture/podcasts/le-cours-de-l-histoire/le-mayflower-les-puritains-debarquent-4897633,,,,80a10854-ee04-425a-bfce-7c2ad964ad86_5
2020-10-27T08:06:05+00:00,1603785965,"We, the People : la Constitution des États-Unis ","La Constitution des États-Unis est signée le 17 septembre 1787 et mise en application l'année suivante. Elle crée un système fédéral qui définit le partage des pouvoirs exécutif, législatif et judiciaire. Elle reste l'une des plus anciennes constitutions du monde à être encore utilisées.

",https://www.franceculture.fr/franceculture/podcasts/le-cours-de-l-histoire/we-the-people-la-constitution-des-etats-unis-7694357,,,,c925d077-63b5-4556-bf1d-fb9c979f02a5_5
2020-10-28T08:06:20+00:00,1603872380,La guerre de Sécession. Les États désunis d’Amérique ,"En 1861, les États-Unis se déchirent : c'est le début d'un affrontement entre le Nord abolitionniste et le Sud esclavagiste. La guerre de Sécession dure quatre ans, une guerre civile qui demeure une déchirure dans la culture américaine.",https://www.franceculture.fr/franceculture/podcasts/le-cours-de-l-histoire/la-guerre-de-secession-les-etats-desunis-d-amerique-1217530,,,,d2f3f17f-1e8c-4182-9a70-c4442a5ea9c7_5
2020-10-29T08:06:20+00:00,1603958780,"Le Far West, si loin, si proche","La première expédition d'exploration de l'Ouest américain est lancée en 1804. Tout à la fois démonstration politique, entreprise à but commercial et scientifique, cet épisode marque le début d'un idéal expansionniste, un acte fondateur qui s'inscrit dans l'ADN de l'identité américaine. ",https://www.franceculture.fr/franceculture/podcasts/le-cours-de-l-histoire/le-far-west-si-loin-si-proche-4301546,,,,3db95bb1-e6ff-4adf-b228-a89214eb194f_5
2020-10-30T08:06:20+00:00,1604045180,La conférence de Berlin en 1885 : le partage de l’Afrique,"En 1884-1885, sous l'impulsion de Bismarck, les représentants de 14 gouvernements se réunissent à Berlin pour une conférence durant laquelle s'opère le ""partage de l'Afrique"" entre les puissances coloniales. Quelle place tient, en réalité, cette conférence dans l'histoire de la colonisation ?",https://www.franceculture.fr/franceculture/podcasts/le-cours-de-l-histoire/la-conference-de-berlin-en-1885-le-partage-de-l-afrique-4685354,,,,dec157e8-9a79-4e19-b223-80812510c5cb_5
2020-11-02T08:06:20+00:00,1604304380,Les hussards noirs de la République ou les combats pour l'école laïque,"Depuis les lois Ferry, dans les années 1880, l’école est gratuite, obligatoire et l’enseignement est laïque. En 1913, Charles Péguy qualifie les instituteurs de ""hussards noirs"". Le terme est resté : combatifs, engagés dans la formation des jeunes générations, ils défendent l'école de la République.",https://www.franceculture.fr/franceculture/podcasts/le-cours-de-l-histoire/les-hussards-noirs-de-la-republique-ou-les-combats-pour-l-ecole-laique-5105622,,,,6e74b5d0-2027-41b4-b8c1-704950196de5_5
2020-11-03T08:06:20+00:00,1604390780,"La nature confisquée, histoire du ""colonialisme vert""","Sous l'impulsion d'organismes internationaux, poursuivant le mythe d'un Éden vierge de toute présence humaine, les populations africaines sont expulsées d'espaces qu'elles fréquentaient jusqu'alors. Une vision héritée de la période coloniale aux lourdes conséquences sociales.",https://www.franceculture.fr/franceculture/podcasts/le-cours-de-l-histoire/la-nature-confisquee-histoire-du-colonialisme-vert-7940115,,,,20bd9e55-e673-42e7-b40a-a4febfe974c1_5
2020-11-04T08:06:05+00:00,1604477165,Le monde sous étiquette : quand les explorateurs collectent la nature ,"Herbiers, collections de minéraux et animaux empaillés sont autant de traces matérielles qui témoignent des voyages et des expéditions depuis le XVIe siècle. Une façon d'appréhender le monde encore présente dans les réserves de nos musées d'histoire naturelle.",https://www.franceculture.fr/franceculture/podcasts/le-cours-de-l-histoire/le-monde-sous-etiquette-quand-les-explorateurs-collectent-la-nature-6124917,,,,96254099-f95e-4a39-81b9-fe36eedb1e0a_5
2020-11-05T08:06:05+00:00,1604563565,Y’a plus de saisons ! Invention d’un discours ,"Les récentes évolutions de la situation climatique ont poussé les historiens et les scientifiques à envisager de nouvelles façons de penser notre rapport à la nature. Entre craintes d'apocalypse et rêves de domination, retour sur la longue histoire qui nous lie au climat.
",https://www.franceculture.fr/franceculture/podcasts/le-cours-de-l-histoire/y-a-plus-de-saisons-invention-d-un-discours-3983053,,,,dcb36814-6300-4bb5-b17d-e4280315fa8c_5
2020-11-06T08:06:05+00:00,1604649965,"Écrire les grands espaces, l’oeuvre au vert ","Au XIXe siècle, Thoreau, Chateaubriand ou encore Tocqueville sont partis en quête des espaces inconnus du nouveau monde. Ils ont placé la nature au centre de leurs oeuvres et ils ont donné naissance à un genre littéraire, le nature writing : la nature en grand !",https://www.franceculture.fr/franceculture/podcasts/le-cours-de-l-histoire/ecrire-les-grands-espaces-l-oeuvre-au-vert-1004157,,,,a3e8c8a9-c9e9-471f-879d-1508dad76ce6_5
2020-11-09T08:06:05+00:00,1604909165,"Coup d’État sur l’agora, Athènes 403 ","En 403 avant J.-C., trente magistrats, élus par un groupe restreint de citoyens, gouvernent Athènes huit mois durant. Un épisode notable où la démocratie, mise à mal, montre sa capacité à se relever.",https://www.franceculture.fr/franceculture/podcasts/le-cours-de-l-histoire/coup-d-etat-sur-l-agora-athenes-403-4477617,,,,79de9c8d-87de-413f-8296-aded16344b5f_5
2020-11-10T08:06:05+00:00,1604995565,"""Prends ton château, on s’en va"". Naissance du système féodo-vassalique","La période carolingienne est marquée par l'émergence d'élites laïques et religieuses, intermédiaires entre le roi et Dieu. Comment exercent-elles leur domination politique, judiciaire, religieuse, économique ? Comment se démarquent-elles, se reconnaissent-elles ?",https://www.franceculture.fr/franceculture/podcasts/le-cours-de-l-histoire/les-elites-en-temps-de-crise-2-4-prends-ton-chateau-on-s-en-va-naissance-du-systeme-feodo-vassalique-6911915,,,,66b43d9d-de97-4be6-b844-c77ab5cd2e60_5
2020-11-11T08:06:05+00:00,1605081965,"De l’Ancien Régime à nos jours, des élites si peu populaires","Le XIXe siècle est celui des révolutions. Est-il aussi celui de la défiance du peuple français envers ses élites ? Les révolutions de 1789, 1830, 1848, ou encore la défaite de 1870 sont-elles l’expression de la défaillance de celles-ci ? Et d’ailleurs, quelles réalités recouvrent le mot ""élites"" ?",https://www.franceculture.fr/franceculture/podcasts/le-cours-de-l-histoire/les-elites-en-temps-de-crise-3-4-des-elites-si-peu-populaires-de-l-ancien-regime-a-nos-jours-7712986,,,,226c9810-fb48-4a7d-b361-4fa72926573c_5
2020-11-12T08:06:05+00:00,1605168365,"1944-1945, du sang dans l’encrier","Confronté à la question de l’épuration des intellectuels au sortir de la Seconde Guerre mondiale, le général de Gaulle écrit dans ses ""Mémoires de guerre"" : ""Dans les lettres comme en tout, le talent est un titre de responsabilité"". ",https://www.franceculture.fr/franceculture/podcasts/le-cours-de-l-histoire/les-elites-en-temps-de-crise-4-4-1944-1945-du-sang-dans-l-encrier-1632800,,,,05b9f2a4-eaab-401e-b534-866f691cdd74_5
2020-11-13T08:06:25+00:00,1605254785,Réparer les soldats : une médecin auprès des gueules cassées ,"En 1918, pas moins de 15 000 soldats sortent de la guerre défigurés. Médecin, pionnière de la chirurgie, Suzanne Noël répare les visages et apporte un peu de réconfort à ces gueules cassées qui effraient les passants. ",https://www.franceculture.fr/franceculture/podcasts/le-cours-de-l-histoire/reparer-les-soldats-une-medecin-aupres-des-gueules-cassees-9304207,,,,d95e8095-0d12-4a8d-8631-1f69b8ce1d53_5
2020-11-16T08:06:20+00:00,1605513980,"Généalogie du livre, à l'origine était le papyrus","L’apparition de l’écriture, il y a 5 000 ans, correspond à des besoins comptables. Très vite, elle est utilisée pour des récits.  D'abord pictographique elle évolue vers des alphabets consonatiques. Bien avant le livre, tablettes d'argile et papyrus sont témoins de sa naissance et de ses évolutions.",https://www.franceculture.fr/franceculture/podcasts/le-cours-de-l-histoire/genealogie-du-livre-a-l-origine-etait-le-papyrus-5266187,,,,1c705f0f-a1b3-4443-b254-d380a5de5b54_5
2020-11-17T08:06:25+00:00,1605600385,Les très riches heures de l'enluminure," Véritables best-sellers médiévaux, les livres d'heures permettent aux laïcs de suivre la liturgie au rythme des moines. Certains sont richement ornés, d'autres plus modestement, mais dans tous les cas ils ponctuent l'année avec leur calendrier.


",https://www.franceculture.fr/franceculture/podcasts/le-cours-de-l-histoire/les-tres-riches-heures-de-l-enluminure-2100391,,,,b4e45f37-d1a5-4b49-952b-bf715409e1fa_5
2020-11-18T08:06:25+00:00,1605686785,"Le livre sur le marché, l'invention de la librairie","Dans l'histoire du livre, la librairie tient une place de premier ordre. Ce commerce trouve son origine dès le Moyen Âge et il évolue entre règlements, contrôle et concurrence commerciale. La librairie est un miroir de son époque, à la confluence des contextes économiques, sociaux et politiques. ",https://www.franceculture.fr/franceculture/podcasts/le-cours-de-l-histoire/le-livre-sur-le-marche-l-invention-de-la-librairie-8574029,,,,78383ce6-3991-42e0-be11-c78051c37b46_5
2020-11-19T08:06:25+00:00,1605773185,"Le livre, c’est dans la poche !","Le livre de format réduit naît au XVIIe siècle.  Sa taille permet de le faire voyager dans les bagages des colporteurs. Dès lors, grâce à son faible coût, il connaît un immense succès auprès d'un nouveau public, plus populaire et éloigné des centres urbains. 

 
",https://www.franceculture.fr/franceculture/podcasts/le-cours-de-l-histoire/le-livre-c-est-dans-la-poche-1418676,,,,a30ad869-be38-4800-a4e1-a2e94df37d58_5
2020-11-20T08:06:30+00:00,1605859590,Qu’est-ce qu’une nation ?,"Qu'est-ce qu'une nation ? La formulation de la question est simple. Immédiatement, nous viennent en tête des mots tels que ""peuple"", ""pays"", ""sentiment national"", ""histoire commune"", ""territoire"", ""patrimoine culturel"". La réponse s'annonce donc plurielle et plus complexe que l'interrogation ! 
",https://www.franceculture.fr/franceculture/podcasts/le-cours-de-l-histoire/qu-est-ce-qu-une-nation-3969126,,,,9b27b63a-e67c-4ee4-b566-98e122626c6d_5
2020-11-23T08:06:25+00:00,1606118785,"Aphrodite, Éros, Apollon, de l’amour dans l’Antiquité... ","C'est à travers la littérature et l'iconographie que l'Antiquité nous invite à explorer le sentiment amoureux. Émotions, sensualité, amitié, sens du devoir et liens familiaux entrent en jeu. En ce domaine, il semble bien qu’Eros ait plus d'une flèche à son arc !
",https://www.franceculture.fr/franceculture/podcasts/le-cours-de-l-histoire/aphrodite-eros-apollon-de-l-amour-dans-l-antiquite-7927410,,,,3cb282b2-c3cf-4252-adfe-9421f4cbbe4e_5
2020-11-24T08:06:25+00:00,1606205185,"Troubadours et trouvères, les chants de l’amour courtois","Les troubadours nous ont laissé les plus anciens poèmes en langue d'oc. Ils plaçaient l'amour au centre de la littérature, un amour partagé entre exaltation et abattement, joie et souffrance, désir et frustration. Que nous reste-t-il aujourd'hui de cet amour courtois ? 
",https://www.franceculture.fr/franceculture/podcasts/le-cours-de-l-histoire/troubadours-et-trouveres-les-chants-de-l-amour-courtois-7696257,,,,96542b4d-737f-4f87-9bab-8a56da88b070_5
2020-11-25T08:06:05+00:00,1606291565,Les liaisons dangereuses de Marie-Antoinette,"Un bal, une danse et c'est le début d'une histoire d'amour qui dure dix ans, jusqu'à la mort. Marie-Antoinette, reine de France, vit une passion adultérine à distance avec le comte Axel de Fersen. Ils entretiennent une correspondance souvent codée, parfois caviardée, mais toujours passionnée.
",https://www.franceculture.fr/franceculture/podcasts/le-cours-de-l-histoire/les-liaisons-dangereuses-de-marie-antoinette-3148222,,,,020984cf-f324-4554-ad96-cdee622bfc5d_5
2020-11-26T08:06:05+00:00,1606377965,"Le romantisme, amour et conventions","Au XIXe siècle, avec le triomphe de la bourgeoisie naît une nouvelle conception de l'amour. Elle prône un idéal où le corps et l’esprit fusionnent dans un tourbillon d'émotions exaltées et sublimées. À son paroxysme, elle est une mystique amoureuse, mais toujours chaperonnée par la vertu.
",https://www.franceculture.fr/franceculture/podcasts/le-cours-de-l-histoire/le-romantisme-amour-et-conventions-2684250,,,,3a55e8ba-6368-4af7-8124-7cdd6b97a3c0_5
2020-11-27T08:06:05+00:00,1606464365,Qu’allait faire Saint Louis en Égypte ?,"Saint Louis, roi de France, meurt en 1270 à Carthage, près de Tunis. Durant son règne, par deux fois, il a quitté son royaume pour des incursions en terre d'Islam, mais ces six années de ""croisades"" ne sont pas uniquement motivées par un désir de conversion des infidèles.

",https://www.franceculture.fr/franceculture/podcasts/le-cours-de-l-histoire/qu-allait-faire-saint-louis-en-egypte-6303502,,,,c8b1a139-4dac-4a2f-8355-ce6e32d798cf_5
2020-11-30T08:06:25+00:00,1606723585,Ainsi naquit le premier État chrétien... ,"En 2001, l'Église d'Arménie fêtait son 1700e anniversaire : quand le roi Tiridate se convertit au christianisme en 301, l'Arménie devient le premier pays chrétien. À sa suite, le peuple lui-aussi se convertit et l'arménien se dote d'un alphabet. Une ancienneté qui forge une identité forte. ",https://www.franceculture.fr/franceculture/podcasts/le-cours-de-l-histoire/ainsi-naquit-le-premier-etat-chretien-7828300,,,,bae7d363-a292-43bd-91ce-211b08d74865_5
2020-12-01T08:06:25+00:00,1606809985,Quand les voyageurs construisent l'imaginaire national de l'Arménie,"De la communauté arménienne installée à Madras, en Inde, aux voyageurs venus sur les hauts-plateaux du Caucase, quels regards porter sur le fort attachement des Arméniens à leur patrie d'origine et à leur culture ?

",https://www.franceculture.fr/franceculture/podcasts/le-cours-de-l-histoire/quand-les-voyageurs-construisent-l-imaginaire-national-de-l-armenie-8577044,,,,ab39e055-1814-4d84-9414-7d7b03329880_5
2020-12-02T08:06:25+00:00,1606896385,"Haut-Karabagh, aux origines du conflit ","Le Haut-Karabagh, peuplé majoritairement d'Arméniens, proclame son indépendance en 1991, mais cette région montagneuse, au sud du Caucase, est convoitée par l’Azerbaïdjan voisin. Elle n’en est pas moins arménienne par son histoire, sa culture et son peuplement. 
 ",https://www.franceculture.fr/franceculture/podcasts/le-cours-de-l-histoire/haut-karabagh-aux-origines-du-conflit-1560880,,,,b1b41f67-509c-437b-a9c7-07da2fa5ed6a_5
2020-12-03T08:06:25+00:00,1606982785,"""Quand tout sera fini plus tard en Erivan""... Les voix du génocide arménien ","La diaspora arménienne crée de petites communautés à travers le monde, du Moyen-Orient à l'Europe en passant par l'Amérique. Elle s'efforce de préserver sa culture, sa langue, mais elle transporte avec elle l'héritage traumatisant d'un génocide qui marque au plus profond son identité. 
",https://www.franceculture.fr/franceculture/podcasts/le-cours-de-l-histoire/quand-tout-sera-fini-plus-tard-en-erivan-les-voix-du-genocide-armenien-6387373,,,,b415b257-beb9-47ce-976b-b7a2e2446fc8_5
2020-12-04T08:06:05+00:00,1607069165,"Valéry Giscard d’Estaing, un président face à l’histoire ","Président de la République de 1974 à 1981, comment Valéry Giscard d’Estaing s’inscrit-il dans une longue histoire de la droite, de la République et de la fonction présidentielle qu’il a voulu moderniser ?",https://www.franceculture.fr/franceculture/podcasts/le-cours-de-l-histoire/valery-giscard-d-estaing-un-president-face-a-l-histoire-2596747,,,,47848974-c7aa-4509-ab80-326802a534fa_5
2020-12-07T08:06:25+00:00,1607328385,"Le lundi, c’est ravioli (chinois) ","Si la cuisine chinoise n’est pas “la plus ancienne du monde”, elle compte parmi les premières à poser ses principes de base de l’art culinaire. Ses ingrédients et sa vision de la diététique ont peu changé depuis l’Antiquité. Entre frugalité et plaisir, découverte d'une cuisine ancestrale.
",https://www.franceculture.fr/franceculture/podcasts/le-cours-de-l-histoire/le-lundi-c-est-ravioli-chinois-5135286,,,,8dce9765-8ce1-4cf0-a23a-8feeb8a73cdd_5
2020-12-08T08:06:25+00:00,1607414785,"Le mardi, c’est spaghettis (antiques) "," Textes, iconographie, archéologie et archéobotanique nous éclairent sur  les habitudes alimentaires du passé. Dans la Rome antique, qu'y a-t-il au menu et à la carte ?",https://www.franceculture.fr/franceculture/podcasts/le-cours-de-l-histoire/le-mardi-c-est-spaghettis-antiques-1969321,,,,a32a1b90-0f7c-4f9b-b51f-56679eea4a5c_5
2020-12-09T08:06:25+00:00,1607501185,"Le mercredi, c’est sushi (une tranche d’histoire)","Comme le miroir sensible et raffiné de son insularité, la cuisine japonaise fait le mariage subtil de la terre et de la mer. Voyage au pays d'une grande gastronomie qui a su s'imprégner d'apports étrangers tout en créant une cuisine à  forte identité nationale.  

",https://www.franceculture.fr/franceculture/podcasts/le-cours-de-l-histoire/le-mercredi-c-est-sushi-une-tranche-d-histoire-8567980,,,,4771fc90-d6d2-4f82-b52c-d3f437cbb2d0_5
2020-12-10T08:06:25+00:00,1607587585,"Jeudi, c’est méchoui (et couscous aussi)","Le couscous, bientôt inscrit au patrimoine mondial de l’Unesco ? Partageons un couscous, plat originaire du Maghreb, où la présence est attestée dès le Moyen  Âge. Un plat qui franchit les frontières et qui est aujourd'hui l'un des plus appréciés en France.  
",https://www.franceculture.fr/franceculture/podcasts/le-cours-de-l-histoire/jeudi-c-est-mechoui-et-couscous-aussi-7347817,,,,b05560f5-04e7-4a81-b02b-e3c417180f87_5
2020-12-11T08:06:05+00:00,1607673965,"Staline et le Livre noir, la persécution des Juifs d’URSS","De 1941 à 1945, 1,5 million de Juifs sont assassinés en URSS par les nazis. La rédaction d'un Livre noir, rassemblant les témoignages de ces atrocités, est d'abord soutenue par Staline qui se fait à son tour bourreau quand le livre révèle la participation des populations locales aux massacres.

",https://www.franceculture.fr/franceculture/podcasts/le-cours-de-l-histoire/staline-et-le-livre-noir-la-persecution-des-juifs-d-urss-5235660,,,,891a1757-792b-4c9c-9a8c-b4a445f9b56e_5
2020-12-14T08:06:05+00:00,1607933165,"Loteries royales, les jeux de l’État et du hasard","Êtes-vous prêt, comme Madame de Montespan, à perdre 500 000 livres en une soirée ? La société d'Ancien Régime s'adonne avec engouement aux  jeux de hasard et d'argent. Condamnés par l'Église, il ne fallait pas compter sur une intervention divine pour sauver sa chemise !
",https://www.franceculture.fr/franceculture/podcasts/le-cours-de-l-histoire/loteries-royales-les-jeux-de-l-etat-et-du-hasard-6158734,,,,feca6821-f880-424b-b568-707444cef39b_5
2020-12-15T08:06:05+00:00,1608019565,"La stratégie sur un plateau, aux origines du jeu de société"," L’existence des jeux de plateau est avérée dès l'Antiquité égyptienne. Objet ludique du quotidien, le jeu a parfois des facultés magiques, spirituelles ou divinatoires. Il nous renseigne également sur les distinctions sociales, d'âge et de sexe des sociétés qui le pratique. ",https://www.franceculture.fr/franceculture/podcasts/le-cours-de-l-histoire/la-strategie-sur-un-plateau-aux-origines-du-jeu-de-societe-8599311,,,,0cd2a6c5-6f47-4523-bb29-bed308bce837_5
2020-12-16T08:06:25+00:00,1608105985,"Joue, grandis, apprends : quand la cour de récré devient la salle de classe","Longtemps resté à l’écart des salles de classe, le jeu est devenu l’une des pierres angulaires de l’enseignement primaire. La naissance de l’école maternelle et l’émergence de pédagogies nouvelles symbolisent ce mouvement vers un apprentissage fondé sur la confiance et l’individualité de l’enfant.",https://www.franceculture.fr/franceculture/podcasts/le-cours-de-l-histoire/joue-grandis-apprends-quand-la-cour-de-recre-devient-la-salle-de-classe-8083607,,,,3f02a482-29bd-4241-a136-1d372a339cc4_5
2020-12-17T08:06:25+00:00,1608192385,"""N’oublie pas mon petit soulier"" : une histoire du cadeau de Noël ","Noël a-t-il perdu une partie de sa magie ? Du recentrage sur l’enfant à l’émergence de la figure du donateur surnaturel, les traditions et les significations de l’échange de cadeaux ont considérablement évolué. Quelle place conserve le jeu dans l’histoire de Noël ?",https://www.franceculture.fr/franceculture/podcasts/le-cours-de-l-histoire/n-oublie-pas-mon-petit-soulier-une-histoire-du-cadeau-de-noel-3088045,,,,1ed96a97-2e58-43d8-b8a8-4960136f56be_5
2020-12-18T08:06:25+00:00,1608278785,"Il y a cent ans, la naissance du Parti communiste français ","En 1920, le Congrès de Tours acte la scission entre les socialistes français. La création du Parti communiste français (PCF), adhérant à la IIIe Internationale d’inspiration bolchévique, va bouleverser la société. Quelle est l’histoire de ce moment décisif pour la construction de la gauche ?
",https://www.franceculture.fr/franceculture/podcasts/le-cours-de-l-histoire/il-y-a-cent-ans-la-naissance-du-parti-communiste-francais-7485722,,,,65c23226-1473-405c-b092-b6082226995a_5
2020-12-21T08:06:25+00:00,1608537985,Quand l’histoire rebat les cartes,"La carte s’est imposée comme un outil incontournable pour raconter de grandes fresques historiques. Facile d’accès, l’atlas permet de mettre en valeur une chronologie complexe. Comment le géohistorien parvient-il à mettre en relation les cartes et conserver une structure logique ?",https://www.franceculture.fr/franceculture/podcasts/le-cours-de-l-histoire/quand-l-histoire-rebat-les-cartes-2103906,,,,c1d19026-a74f-499b-8392-40f7ecfc95e3_5
2020-12-22T08:06:25+00:00,1608624385,"L'histoire dessinée, histoire de buller","Si le dessin a toujours servi à diffuser largement des événements historiques, il est devenu un outil convaincant pour toucher un large public. Comment raconter l’histoire à l’aide de bulles de bande dessinée  ? Au-delà d’un nouveau lectorat, qu’apporte le dessin à l’historien ?",https://www.franceculture.fr/franceculture/podcasts/le-cours-de-l-histoire/l-histoire-dessinee-histoire-de-buller-4052990,,,,0da08777-da66-44cf-a009-336662cf682e_5
2020-12-23T08:06:25+00:00,1608710785,"L’historien à la manette, quand le jeu vidéo raconte l’histoire","Supports ludiques incontournables, les jeux vidéo permettent d’apprendre. Lorsque la trame du jeu est respectueuse des faits historiques, la manette devient un médiateur de savoirs entre l’enseignant et l’élève, entre le joueur et l’historien. Comment utiliser intelligemment cet outil pédagogique ? ",https://www.franceculture.fr/franceculture/podcasts/le-cours-de-l-histoire/l-historien-a-la-manette-quand-le-jeu-video-raconte-l-histoire-1139608,,,,b25f0e0b-7a78-4396-ab5e-e5ca4833ee9e_5
2020-12-24T08:06:25+00:00,1608797185,Mussolini peut-il être un personnage de roman ?,"En Italie, la prise du pouvoir de Mussolini en 1922 questionne encore. Si les historiens nous permettent de comprendre précisément les causes de la Marche sur Rome, la littérature romanesque est un formidable complément pour transmettre une mémoire.",https://www.franceculture.fr/franceculture/podcasts/le-cours-de-l-histoire/mussolini-peut-il-etre-un-personnage-de-roman-4922883,,,,d8bfcb08-f005-47f6-ab49-9709b05aa65e_5
2021-01-01T08:06:25+00:00,1609488385,Une girafe à Paris : le voyage de Zarafa,"La girafe Zarafa, offerte par le pacha d'Egypte à Charles X au XIXe, a traversé la France de Marseille au Jardin des plantes, suscitant l'émoi et la curiosité. Un voyage au long cours qui est aussi une histoire naturelle et humaine.",https://www.franceculture.fr/franceculture/podcasts/le-cours-de-l-histoire/une-girafe-a-paris-le-voyage-de-zarafa-1613625,,,,c10d50d6-2258-4837-a74b-c0d108d19733_5
2021-01-04T08:06:25+00:00,1609747585,"Futurs antérieurs, histoire des représentations de l’avenir","Nous représentons-nous l'avenir de la même manière que nos ancêtres ? Assurément non : notre conception du futur a beaucoup à voir avec notre présent, nos inquiétudes et nos espoirs contemporains, mais aussi avec notre histoire. Alors, quels points communs entre les futurs d'hier et d'aujourd'hui ? ",https://www.franceculture.fr/franceculture/podcasts/le-cours-de-l-histoire/futurs-anterieurs-histoire-des-representations-de-l-avenir-8681534,,,,6911f504-b143-45ad-b21a-b6ed0f4ec146_5
2021-01-05T08:06:05+00:00,1609833965,"Divination, astrologie, cartomancie, comment lisait-on l’avenir ? ","Plus que prophétique, l'art de la divination, de l'Antiquité romaine à la Renaissance, apporte réconfort et apaisement face à l'inconnu. Il offre légitimation et approbation divines aux actes des hommes et aux pouvoirs en place. Un art politique qui parle plus de présent que d'avenir.
",https://www.franceculture.fr/franceculture/podcasts/le-cours-de-l-histoire/divination-astrologie-cartomancie-comment-lisait-on-l-avenir-7045923,,,,73c30c53-590e-4c21-bf47-98536e633cec_5
2021-01-06T08:06:25+00:00,1609920385,"Gratte-ciel et voitures volantes, retour vers la ville du futur ","Déjà au XIXe siècle, les métropoles du futur s'agitent, se déploient, s'activent sous terre et dans les airs. Dans ces villes fantasmées, il est possible de rouler, de voler, de glisser, ou de se reposer dans des jardins suspendus. Entre rêve et réalité, embarquement pour la ville du futur !",https://www.franceculture.fr/franceculture/podcasts/le-cours-de-l-histoire/gratte-ciel-et-voitures-volantes-retour-vers-la-ville-du-futur-1714043,,,,bdfdbab1-44d4-4e32-9997-cfa914db5f8f_5
2021-01-07T08:06:25+00:00,1610006785, Il était une fois demain... aux origines de la science-fiction ,"Enfilez votre combinaison bionique, installez-vous dans votre canapé intergalactique et branchez-vous sur les ondes du Cours de l'histoire qui émet depuis la planète Terre. Avec la science-fiction, le futur aussi a une histoire !
",https://www.franceculture.fr/franceculture/podcasts/le-cours-de-l-histoire/il-etait-une-fois-demain-aux-origines-de-la-science-fiction-6798976,,,,f9169500-d5d2-4d8f-985a-245e7a9c99f4_5
2021-01-08T08:06:25+00:00,1610093185,"À la recherche de l’Arche d’Alliance, mythes et réalités ","Coffre sacré qui, d'après la Bible, contient les tables de la loi, l'Arche d'alliance est au cœur de nombreuses œuvres de fiction. Qu'en est-il vraiment ? Loin des fantasmes qu'elle suscite, les avancées archéologiques et historiques, nous éclairent sur cette passionnante énigme millénaire.
",https://www.franceculture.fr/franceculture/podcasts/le-cours-de-l-histoire/a-la-recherche-de-l-arche-d-alliance-mythes-et-realites-2153073,,,,f3bb4bab-d768-4935-8e43-43655556753f_5
2021-01-11T08:06:25+00:00,1610352385,Pourquoi les musées ?  ,"Les musées nous apparaissent comme des institutions ancestrales profondément inscrites dans nos univers culturels. Pourtant, leur avènement remonte au XVe siècle en Italie, avant de gagner timidement le reste de l'Europe. Comment et pourquoi ont été inventés les musées ? 

",https://www.franceculture.fr/franceculture/podcasts/le-cours-de-l-histoire/pourquoi-les-musees-3160001,,,,06f0307e-aeee-42f4-b9be-3c79a46b02ad_5
2021-01-12T08:06:25+00:00,1610438785,Les musées en temps de guerre   ,"Les musées et leurs collections sont porteurs d’une identité collective et sources de convoitises. En temps de guerre, ils deviennent la cible de pillages, de destructions et de confiscations abusives. Comment les musées traversent-ils les guerres ?
",https://www.franceculture.fr/franceculture/podcasts/le-cours-de-l-histoire/les-musees-en-temps-de-guerre-8005640,,,,4f31428c-e193-4ded-b07d-4184e37a42f2_5
2021-01-13T08:06:25+00:00,1610525185,"Voir et montrer, l'art d'exposer les œuvres "," Aujourd'hui la manière d'exposer les œuvres n'est plus la même qu'au XIXe siècle, sans doute parce que le regard a changé. Entre mise en valeur, rencontre du public, contextualisation, conservation et respect des lieux, la muséographie s'inscrit dans son temps et dans l'histoire des sensibilités. ",https://www.franceculture.fr/franceculture/podcasts/le-cours-de-l-histoire/voir-et-montrer-l-art-d-exposer-les-oeuvres-4339210,,,,22d0474e-196a-4b67-942f-516f0a5b5bdb_5
2021-01-14T08:06:25+00:00,1610611585,Quand les musées racontent l’histoire de la nation française ," Lieu de célébration du génie national et d'une histoire commune, toujours millénaire et glorieuse, le musée expose la puissance du pays. Avec le butin des conquêtes et les représentations coloniales, il est un outil d'exaltation patriotique et le reflet de la nation, telle qu’elle s’imagine.
",https://www.franceculture.fr/franceculture/podcasts/le-cours-de-l-histoire/quand-les-musees-racontent-l-histoire-de-la-nation-francaise-2194440,,,,3cca0e9d-def6-4344-a506-5c5ee7c7ed9c_5
2021-01-15T08:06:25+00:00,1610697985,Comment archiver les révolutions arabes ?   ,"Depuis 2010, le monde arabe est le théâtre de multiples révolutions. Ces printemps arabes ont transformé ces sociétés en profondeur. À l'ère du numérique et du 2.0, comment garder traces de ces révolutions populaires pour penser son avenir et écrire son histoire ?

",https://www.franceculture.fr/franceculture/podcasts/le-cours-de-l-histoire/comment-archiver-les-revolutions-arabes-1413248,,,,874fcde3-ca67-48bb-a225-852753739cce_5
2021-01-18T08:06:05+00:00,1610957165,"Eumène-moi à l’université, les écoles gallo-romaines","À la fin du IIIe siècle, Eumène, rhéteur romain, est attiré par la renommée des écoles d'Autun, dans l'actuelle Bourgogne. Il plaide auprès de l’empereur pour leur reconstruction. Grâce à lui, nous connaissons un peu mieux la pratique de l’enseignement en Gaule, à l'origine des universités.  ",https://www.franceculture.fr/franceculture/podcasts/le-cours-de-l-histoire/eumene-moi-a-l-universite-les-ecoles-gallo-romaines-9383930,,,,a7a97d82-f83a-4fd6-be8d-d2a4639769a6_5
2021-01-19T08:06:05+00:00,1611043565,"Robert de Sorbon, l’université s’installe à Paris","Au XIIIe siècle, Robert de Sorbon, maître en théologie, ""tient école"" à Paris où il se consacre à la création du collège de Sorbonne. Voici donc un excellent guide pour nous faire découvrir le monde universitaire au Moyen Âge. ",https://www.franceculture.fr/franceculture/podcasts/le-cours-de-l-histoire/robert-de-sorbon-l-universite-s-installe-a-paris-6252574,,,,29d4fd64-9bc8-474a-af5d-20b0b276c613_5
2021-01-20T08:06:25+00:00,1611129985,"Julie-Victoire Daubié, une pionnière à l'université","Pour les jeunes femmes, l'accès au système d’enseignement supérieur est le fruit d'un long combat. Confinées au foyer, destinées à la maternité et dévouées à la famille, certaines, à force de persévérance, ont réussi à ouvrir les portes de l’université, jusqu'alors exclusivement masculine.
",https://www.franceculture.fr/franceculture/podcasts/le-cours-de-l-histoire/julie-victoire-daubie-une-pionniere-a-l-universite-4405746,,,,41eb6a48-1da8-43d5-8786-de44de52b64f_5
2021-01-21T08:06:25+00:00,1611216385,"L’université buissonnière, l’expérience de Vincennes ","Construit en 1968, le Centre universitaire expérimental de Vincennes est rasé en 1980. Sa pédagogie révolutionnaire, l'abolition des rapports hiérarchiques et une ouverture à tous, en font le laboratoire de l'idéal militant et innovant de Mai 68.
",https://www.franceculture.fr/franceculture/podcasts/le-cours-de-l-histoire/l-universite-buissonniere-l-experience-de-vincennes-8374341,,,,4c00cedb-2c29-4a1e-8c1e-5a2f7f9af65d_5
2021-01-22T08:06:25+00:00,1611302785,La commémoration peut-elle échapper à la politique ? ," Il arrive que les projets de commémoration fassent polémique, car les  débats autour de ces rites de remémoration sont le reflet de notre présent. Communion nationale ou division partisane, qui peut dire ce qui doit être commémoré ?
",https://www.franceculture.fr/franceculture/podcasts/le-cours-de-l-histoire/la-commemoration-peut-elle-echapper-a-la-politique-7840336,,,,5e4260c1-712d-4c42-9185-31f77b538dd5_5
2021-01-25T08:06:25+00:00,1611561985,Les démocraties ont-elles inventé la propagande ? ,"Qui a inventé la propagande ? Le mot est lié à l'action missionnaire de l'Église au XVIIe siècle, avec la Congrégation de la Propagande qui propage la foi chrétienne. Aujourd'hui, la propagande recouvre des champs séculaires. Utilisée par les dictatures, elle l’est aussi par les démocraties. 
",https://www.franceculture.fr/franceculture/podcasts/le-cours-de-l-histoire/les-democraties-ont-elles-invente-la-propagande-3861475,,,,f40e825b-fbca-457d-8fdb-2c56bee8f1ed_5
2021-01-26T08:06:25+00:00,1611648385,"Calomnies, rumeurs et murmures, comment circulaient les fausses informations ?"," Il se chuchote, il se faufile, il se répand : il est le bruit qui court. Il change de nom et devient rumeur, murmure, ouï-dire, parfois  fake news ou infox.  Il a ses usages et ses raisons d'être. Il a aussi son histoire. La vérité sur les rumeurs, c'est par ici !

",https://www.franceculture.fr/franceculture/podcasts/le-cours-de-l-histoire/calomnies-rumeurs-et-murmures-comment-circulaient-les-fausses-informations-6246304,,,,8c542dac-5d26-4f85-ba21-4a7de33d0a5f_5
2021-01-27T08:06:25+00:00,1611734785,"Faussaires mais vrais artistes, histoire du faux en peinture","En peinture, contrairement à la copie, le faux s'affirme comme authentique. Pour le faussaire, duper les experts permet de profiter des failles du marché de l'art. Pour l’historien, le faux dépeint l’évolution du regard.
 
",https://www.franceculture.fr/franceculture/podcasts/le-cours-de-l-histoire/faussaires-mais-vrais-artistes-histoire-du-faux-en-peinture-4267675,,,,08f59da6-42dd-4716-a51e-b761f9351d1c_5
2021-01-28T08:06:25+00:00,1611821185,Les mythes nationaux sont-ils des tissus de mensonge ? ,"Aucune nation n'échappe à ses mythes fondateurs. Les récits des origines fortifient la construction nationale. Ils font partie de notre identité et de notre imaginaire, souvent à mi-chemin entre la réalité et la  fiction.
",https://www.franceculture.fr/franceculture/podcasts/le-cours-de-l-histoire/les-mythes-nationaux-sont-ils-des-tissus-de-mensonge-5458478,,,,e161e072-9b1a-4de9-ab66-703e61b1f838_5
2021-01-29T08:06:25+00:00,1611907585,"""Proches"", une histoire du toucher"," ""Ce qu’il y a de plus profond en l’homme, c’est la peau"", écrit Paul Valéry et pour cause : être touché est nécessaire à notre bon développement et toucher est essentiel à notre survie. Entre tabou et volupté, rejoignez-nous pour l'exploration tactile d'une histoire sensible et sensuelle. 
",https://www.franceculture.fr/franceculture/podcasts/le-cours-de-l-histoire/proches-une-histoire-du-toucher-9270750,,,,9f126e96-fd3b-46cd-8da9-a3c5aa9a5f85_5
2021-02-01T08:06:25+00:00,1612166785,L’invention du bon et du mauvais pauvre ," Comment l'Église au Moyen Âge s’est peu à peu délestée de sa compassion pour en venir à distinguer le pauvre mécréant et le pauvre vertueux ? Une conception qui rejaillit encore aujourd’hui dans les débats sur l’assistance aux plus démunis. 

",https://www.franceculture.fr/franceculture/podcasts/le-cours-de-l-histoire/l-invention-du-bon-et-du-mauvais-pauvre-7723957,,,,18d1908a-cf74-415a-ac5e-e578a4456a03_5
2021-02-02T08:06:25+00:00,1612253185,"Posséder la terre, terreau des inégalités ?","Posséder la terre est au centre des enjeux économiques, sociaux et politiques. Les multiples statuts juridiques dont elle a fait l'objet attestent de son importance : la terre nourrit et enrichit, elle renforce le prestige de celui qui la possède. 
 ",https://www.franceculture.fr/franceculture/podcasts/le-cours-de-l-histoire/posseder-la-terre-terreau-des-inegalites-2965875,,,,dbdae7c4-5070-4416-882a-858959dd51eb_5
2021-02-03T08:06:25+00:00,1612339585,L'impôt peut-il nous sauver des inégalités ? ,"Pour subvenir aux besoins collectifs engendrés par les dépenses publiques, l'État impose les revenus des citoyens. L'impôt est ancien, mais il se pare d’un idéal de fraternité, surtout depuis la Révolution française. Il cristallise les passions : c’est un débat qui en impose !
 ",https://www.franceculture.fr/franceculture/podcasts/le-cours-de-l-histoire/l-impot-peut-il-nous-sauver-des-inegalites-1610561,,,,86e2ec7b-2a70-4dae-bde5-b5055f71765b_5
2021-02-04T08:06:25+00:00,1612425985,Qui a peur du grand déclassement ?,"Le déclassement est appréhendé avec effroi, car aller à contre-courant de l’élévation sociale est considéré comme un échec de vie. Déclassement, dégradation, déchéance brisent des ascensions acquises parfois de haute lutte : il y a menace sur les lignages !
",https://www.franceculture.fr/franceculture/podcasts/le-cours-de-l-histoire/qui-a-peur-du-grand-declassement-3440311,,,,7c58e831-56a9-43e6-8dec-1c6f40c25518_5
2021-02-05T08:06:25+00:00,1612512385,"Week-end à Pompéi, petite station balnéaire","Les travaux de sauvegarde engagés à Pompéi depuis 2010 sont l’occasion de nouvelles découvertes. La ville antique, endormie pendant deux millénaires, fascine depuis son identification au XVIIIe siècle. Puisqu’elle ne cesse de nous surprendre, partons en balade dans les ruelles de Pompéi.",https://www.franceculture.fr/franceculture/podcasts/le-cours-de-l-histoire/week-end-a-pompei-petite-station-balneaire-4255800,,,,06e2ae6e-c73e-4f0e-ac3a-9b845e580f89_5
2021-02-08T08:06:25+00:00,1612771585,"Prendre en charge le handicap, une affaire d'État ? ","La définition du mot ""handicap"" a évolué au fil du temps, de course hippique à ""déficience physique ou mentale"". La loi du 11 février 2005 en donne une définition légale, inspirée de la classification internationale, mais depuis quand le handicap est-il devenu une affaire d'État ?
",https://www.franceculture.fr/franceculture/podcasts/le-cours-de-l-histoire/prendre-en-charge-le-handicap-une-affaire-d-etat-3489517,,,,cebf3d05-8b6e-4156-aecc-7afa508ab0f9_5
2021-02-09T08:06:25+00:00,1612857985,Handicap et guerres mondiales :  de la réparation à “l’extermination douce” ? ,"Le handicap en temps de guerre a une histoire particulière : mutilés de la Grande Guerre, victimes abandonnées ou cibles de la folie nazie durant la Seconde Guerre mondiale, les personnes en situation de handicap ont payé un très lourd tribut lors des conflits du XXe siècle. 
",https://www.franceculture.fr/franceculture/podcasts/le-cours-de-l-histoire/handicap-et-guerres-mondiales-de-la-reparation-a-l-extermination-douce-4214530,,,,a7fe3e46-0e24-4dcc-afcb-1f3619d33a6e_5
2021-02-10T08:06:25+00:00,1612944385,"Soulager et appareiller les corps, que dit l’archéologie ?"," L'archéologie nous livre des traces matérielles sur les personnes en situation de handicap. Chirurgie, prothèses et autres appareillages nous éclairent sur l'ingéniosité de nos aïeuls. Ils témoignent surtout de leurs capacités à prendre soin des plus faibles.",https://www.franceculture.fr/franceculture/podcasts/le-cours-de-l-histoire/soulager-et-appareiller-les-corps-que-dit-l-archeologie-6230693,,,,5518f592-9f4c-4c70-b96d-82eef01a712a_5
2021-02-11T08:06:25+00:00,1613030785,"Survivre ne suffit pas. Handicap, les luttes pour l’égalité","Droit au travail, au logement, à l'éducation, à des salaires égaux, à une vie matérielle décente, à des logements et des accès adaptés... La liste des luttes des personnes en situation de handicap est longue, sans doute aussi longue que celle des discriminations dont elles sont l'objet.  
",https://www.franceculture.fr/franceculture/podcasts/le-cours-de-l-histoire/survivre-ne-suffit-pas-handicap-les-luttes-pour-l-egalite-4574705,,,,8c9c0838-9f12-4861-89e4-bd9e2641f2dc_5
2021-02-12T08:06:25+00:00,1613117185,Aux prémices du primitivisme  ," L'art, alors qualifié de “nègre”, “primitif” ou “tribal”, connaît un engouement fort en Europe dans la première moitié du XXe siècle. Outre son esthétisme, sa charge magique et symbolique fascinent. Il s'inscrit dans l'histoire coloniale et participe de la construction de la figure du primitif.  
",https://www.franceculture.fr/franceculture/podcasts/le-cours-de-l-histoire/aux-premices-du-primitivisme-3175172,,,,166ed857-0dd3-4276-b9b5-f2705d67a8ae_5
2021-02-15T08:06:25+00:00,1613376385,"Tutoyer les sommets, ""histoires verticales"" de la montagne ","La montagne n’est pas qu’un obstacle géologique. Elle est un enjeu politique, culturel et économique. La franchir ou la conquérir demeure un défi que le pouvoir cherche à relever. ",https://www.franceculture.fr/franceculture/podcasts/le-cours-de-l-histoire/tutoyer-les-sommets-histoires-verticales-de-la-montagne-2517530,,,,10f608b4-69f1-4bd9-b9ea-31643166e1e4_5
2021-02-16T08:06:25+00:00,1613462785,Qui étaient les crétins des Alpes ? ,"L'expression “crétin des Alpes” est insultante, mais elle recouvre une réalité médicale avant 1922. C'est à cette date que les scientifiques découvrent pourquoi les goitres et autres handicaps physiques ou mentaux affligent les habitants de nos montagnes : la solution ne manque pas de sel !",https://www.franceculture.fr/franceculture/podcasts/le-cours-de-l-histoire/qui-etaient-les-cretins-des-alpes-6939564,,,,501d4dd3-a2d2-4587-98ba-40d66e6c60dc_5
2021-02-17T08:06:15+00:00,1613549175,"Loup, vouivre et dahu, nous ne sommes pas seuls en montagne","Chamois, bouquetins, ours et loups sont indissociables de la culture alpine. Avant eux, dragons, dahu, yeti, vouivre et loup-garou hantaient l'imaginaire des montagnards. Entre peur, fascination et fantasme, ce bestiaire des cimes nous raconte le rapport de l'homme à son milieu naturel.",https://www.franceculture.fr/franceculture/podcasts/le-cours-de-l-histoire/loup-vouivre-et-dahu-nous-ne-sommes-pas-seuls-en-montagne-6691580,,,,390c85eb-4dbd-4b4a-a1f7-12b10fb392f9_5
2021-02-18T08:06:10+00:00,1613635570,Tout schuss ! Une histoire de la glisse ,"De réputation hostile et rebutante, la montagne est devenue au cours du XIXe siècle le lieu hospitalier et attrayant que nous vantent les publicités touristiques. Le développement des sports d'hiver et leur démocratisation participent de cet élan, créateur d'une image positive.",https://www.franceculture.fr/franceculture/podcasts/le-cours-de-l-histoire/tout-schuss-une-histoire-de-la-glisse-4455876,Tout schuss ! Une histoire de la glisse ,https://proxycast.radiofrance.fr/9627bb09-50f2-444f-afcb-72b2c880bf8e/10076-07.02.2026-ITEMA_24392344-2021C36128S0049-NET_MFC_114B02F9-B7DE-42D2-A934-C806EC1BC259-21-404a8c0242cba9fc926ae80b1424d81f.mp3?project=c9985698-c0ee-4af3-b0ed-f1a8c7c2d4cd,https://embed.radiofrance.fr/franceculture/player?id_diffusion=603eee72-4834-4a7f-bf25-3a8fad8cf612,603eee72-4834-4a7f-bf25-3a8fad8cf612_5
2021-02-19T08:06:05+00:00,1613721965, France-Rwanda : ce que les archives ont à nous apprendre,"""Noroît"", ""Amaryllis"" et ""Turquoise"", de jolis noms pour les opérations militaires françaises qui se déploient au Rwanda entre 1990 et 1994. Depuis, peu à peu, les archives permettent de s’interroger sur le rôle joué par la France lors du génocide des Tutsi. 
",https://www.franceculture.fr/franceculture/podcasts/le-cours-de-l-histoire/france-rwanda-ce-que-les-archives-ont-a-nous-apprendre-8122481,,,,bc7ebfc1-1ea1-42d8-a551-092dcf791c8e_5
2021-02-22T08:06:05+00:00,1613981165,"Afrique-Asie-Europe : sur les routes, la rencontre ","Nos antiques ancêtres sont de grands voyageurs, sur des routes qui les conduisent jusqu’au bout du monde connu. Si le principal but est le commerce, ces voyages sont l'occasion d'échanger des savoirs et de s'étonner des similitudes et des différences entre les peuples. ",https://www.franceculture.fr/franceculture/podcasts/le-cours-de-l-histoire/afrique-asie-europe-sur-les-routes-la-rencontre-1304630,,,,51b500e9-e736-4d99-a05e-a7aaa0e565ad_5
2021-02-23T08:06:05+00:00,1614067565,"Vers la Lune et au-delà, en route pour l’espace","Bien avant d'être en mesure de quitter la Terre, l’homme rêvait déjà d’explorer l’univers. Qu’il s’agisse de voyages antiques ou d’explorations plus proches de nous, les mêmes questions se posent : pourquoi se rendre dans l’espace ? Qu'espérer y trouver ?  À qui appartient l’espace ?
",https://www.franceculture.fr/franceculture/podcasts/le-cours-de-l-histoire/vers-la-lune-et-au-dela-en-route-pour-l-espace-7747641,,,,31ab71ca-d73b-459f-ba3f-d9d0508beb41_5
2021-02-24T08:06:05+00:00,1614153965,Les routes de l’esclavage,"Les routes de l’esclavage parcourent l’Antiquité, le Moyen Âge et les Temps modernes. Certaines existent encore aujourd’hui. Polymorphes, elles ont en commun le déracinement et la privation de la qualité d'humain de ceux qui en sont victimes.
",https://www.franceculture.fr/franceculture/podcasts/le-cours-de-l-histoire/les-routes-de-l-esclavage-8280205,,,,d4885105-7040-4367-9a13-30b7ddd1cacf_5
2021-02-25T08:06:05+00:00,1614240365,"On the route again, rencontres hallucinées de la Beat Generation","Pour la Beat Generation, la route est synonyme d'expérience. Elle offre une errance émancipatrice pleine de promesses de liberté et d'aventures. En fuite, en quête de soi ou de spiritualité, des Amériques à Tanger, de Katmandou à Paris, pour le beatnik, prendre la route est une pulsion créatrice.
",https://www.franceculture.fr/franceculture/podcasts/le-cours-de-l-histoire/on-the-route-again-rencontres-hallucinees-de-la-beat-generation-2252253,,,,356e6ecb-e0a4-43ff-ab6d-c1bf9521c0f4_5
2021-02-26T08:06:05+00:00,1614326765,Rends les œuvres ! La spoliation d’œuvres d’art par le régime nazi,"Dès l'été 1940, l’occupant allemand, avec la collaboration du gouvernement du maréchal Pétain, organise le pillage du patrimoine artistique détenu par les Juifs. Aujourd'hui, après des enquêtes fastidieuses, quelques-unes de ces œuvres retrouvent les familles de leur propriétaire d'origine. 
",https://www.franceculture.fr/franceculture/podcasts/le-cours-de-l-histoire/rends-les-oeuvres-la-spoliation-d-oeuvres-d-art-par-le-regime-nazi-2013535,,,,d65658c8-3767-4883-bd2c-df890a29a2cf_5
2021-03-01T08:06:05+00:00,1614585965,"Jouer au gendarme et au voleur, une histoire","Le policier et le voleur sont deux figures qui s’opposent, mais qui se construisent l’une par rapport à l’autre. Ils forment un couple indéfectible dont la confrontation est inéluctable : s’ils s’opposent - le plus souvent - ils n’existent pas l’un sans l’autre. 
",https://www.franceculture.fr/franceculture/podcasts/le-cours-de-l-histoire/jouer-au-gendarme-et-au-voleur-une-histoire-5301627,,,,d41817ee-fb7a-4b9c-99a3-d05f86f5aa27_5
2021-03-02T08:06:05+00:00,1614672365,"Mauvaise graine, la petite délinquance sous surveillance ","Les dossiers judiciaires de la délinquance juvénile des années 1950 et 1960 mettent face à face la parole des travailleurs sociaux, des psychiatres, des psychologues et celle des mineurs. Victimes de préjugés, les propos de ces enfants révèlent des parcours douloureux. ",https://www.franceculture.fr/franceculture/podcasts/le-cours-de-l-histoire/mauvaise-graine-la-petite-delinquance-sous-surveillance-3499847,,,,4855b8d1-0261-4da3-a2c3-0993ac8e6184_5
2021-03-03T08:06:05+00:00,1614758765,Destins de truands sous l’Occupation,"Salauds, meurtriers, gestapistes, bandits, les termes ne manquent pas pour qualifier ces sous-traitants français des exactions nazies. Qu'ils agissent par conviction idéologique ou par opportunisme, retracer leurs itinéraires, c'est dessiner en creux les violences subies par leurs victimes.",https://www.franceculture.fr/franceculture/podcasts/le-cours-de-l-histoire/destins-de-truands-sous-l-occupation-8981918,,,,8be320cb-a3f8-4867-b2bd-270ab3809075_5
2021-03-04T08:06:05+00:00,1614845165," Faits divers, la fabrique d’une obsession","La presse du XIXe siècle a bien compris la fascination pour les faits divers qui brisent les codes sociaux et régalent nos instincts voyeurs. Ces évènements se racontent au gré des évolutions de la justice, des méthodes d'enquête et de nos sensibilités.
",https://www.franceculture.fr/franceculture/podcasts/le-cours-de-l-histoire/faits-divers-la-fabrique-d-une-obsession-7778745,,,,a42679e4-1311-4fd0-9e01-73453352cc7a_5
2021-03-05T08:06:05+00:00,1614931565,"Napoléon, toi le père que je n'ai jamais eu    ","Un dossier d’archives trouvé dans un grenier...  une jeune femme qui revendique être la fille naturelle de Napoléon Ier : c’est le début d’une enquête sur Charlotte Chappuis. Placée sous surveillance policière et emprisonnée, son hypothétique  ascendance impériale et son destin intriguent.  
",https://www.franceculture.fr/franceculture/podcasts/le-cours-de-l-histoire/napoleon-toi-le-pere-que-je-n-ai-jamais-eu-8634492,,,,01b92dff-9a88-499c-8edc-1a011373f96c_5
2021-03-08T08:06:05+00:00,1615190765,"La Commune, un chantier transnational ","La Commune de Paris demeure une référence en matière de révolution. Toutefois, afin d’en saisir les prémices et la portée, les événements de 1871 doivent être lus sur une chronologie plus large que celle de la seule « année terrible », selon l’expression de Victor Hugo.
",https://www.franceculture.fr/franceculture/podcasts/le-cours-de-l-histoire/la-commune-un-chantier-transnational-4305542,,,,5af09833-e881-45cb-9d91-8361641cc75f_5
2021-03-09T08:06:05+00:00,1615277165,"Léo Frankel, trajectoires d’un communard","Léo Frankel, jeune homme d'origine hongroise, défenseur obstiné de la cause des travailleurs, joue un rôle politique de premier plan durant la Commune de Paris. Retour sur un parcours militant et sur une pensée aux dimensions transnationales.",https://www.franceculture.fr/franceculture/podcasts/le-cours-de-l-histoire/leo-frankel-trajectoires-d-un-communard-2152230,"Léo Frankel, trajectoires d’un communard",https://proxycast.radiofrance.fr/889536b5-9b57-497e-8650-8da67b82565e/22041-11.03.2021-ITEMA_22609121-2021C36128S0068-21.mp3?project=c9985698-c0ee-4af3-b0ed-f1a8c7c2d4cd,https://embed.radiofrance.fr/franceculture/player?id_diffusion=30ec88cc-99f1-437d-a607-82f8956ea4e2,30ec88cc-99f1-437d-a607-82f8956ea4e2_5
2021-03-10T08:06:05+00:00,1615363565, Clichés de la Commune ,"Gravures, lithographies, imprimés, dessins, photographies, peintures, sculptures... L'iconographie des évènements de la Commune de Paris est foisonnante. Hostile ou bienveillante suivant l'artiste, sa diversité nous révèle ces événements dans toute leur complexité.",https://www.franceculture.fr/franceculture/podcasts/le-cours-de-l-histoire/cliches-de-la-commune-8817107,,,,44f703d6-64ae-4f1d-bd4b-44dacb0c6a52_5
2021-03-11T08:06:05+00:00,1615449965,"La Commune, ruines et postérité ","Paris fut durant ""la semaine sanglante"" de 1871 le théâtre de spectaculaires incendies. Les communards s'approprient cette formule de Louise Michel, « Paris sera à nous ou n’existera plus ». Retour sur des événements qui ont définitivement changé la physionomie de la capitale française. 
",https://www.franceculture.fr/franceculture/podcasts/le-cours-de-l-histoire/la-commune-ruines-et-posterite-8358750,,,,c5ee8cd5-0fb7-43b6-ab41-b9cc93290e8b_5
2021-03-12T08:06:05+00:00,1615536365,Les prédictions de Nostradamus : que nous réserve l’avenir ?,Nostradamus a produit une œuvre complexe avec ses prédictions sur l’avenir et sur les malheurs de l’humanité. Ses écrits se sont prêtés à toutes les interprétations au gré des chaos de l’histoire. Qui était Nostradamus et comment lire ses prophéties aujourd'hui ?,https://www.franceculture.fr/franceculture/podcasts/le-cours-de-l-histoire/que-nous-reserve-l-avenir-nostradamus-repond-5281062,,,,2c59c384-8539-425a-9161-e8ec96409e90_5
2021-03-15T08:06:05+00:00,1615795565,"Donner sa langue au roi, le français sur ordonnance","François Ier signe en 1539 ""l'Ordonnance générale sur le fait de la justice"" dite ""de Villers-Cotterêts"". Son article 111 est réputé avoir imposé l’usage de la langue française dans les domaines du droit et de l'administration. Qu'en est-il réellement ? ",https://www.franceculture.fr/franceculture/podcasts/le-cours-de-l-histoire/donner-sa-langue-au-roi-le-francais-sur-ordonnance-1224720,,,,65a9c088-696c-4235-935a-1555f54a3779_5
2021-03-16T08:06:05+00:00,1615881965,Quand les diplomates parlaient français ,"Le premier traité international rédigé exclusivement en français date de 1714. Signé à Rastatt, il met fin à la guerre de Succession d'Espagne. Dès lors, le français est la langue diplomatique en Europe jusqu'à la Conférence de Paris en 1919. Comment expliquer ce choix puis son abandon ?
 
",https://www.franceculture.fr/franceculture/podcasts/le-cours-de-l-histoire/quand-les-diplomates-parlaient-francais-6067674,,,,77c20906-e767-43ca-8f65-c89a9090408f_5
2021-03-17T08:06:05+00:00,1615968365,"Patois, dialectes : le français s’est-il débarrassé de ses accents ?","Historiquement, la France est un pays plurilingue. Ce n’est que récemment, depuis la Révolution, que le français a été imposé comme langue unique. Tandis que les langues régionales demeurent bel et bien vivantes, la manière de parler le français a évolué : qu’avons-nous fait de nos accents ?",https://www.franceculture.fr/franceculture/podcasts/le-cours-de-l-histoire/patois-dialectes-le-francais-s-est-il-debarrasse-de-ses-accents-2367485,,,,8c138b37-4b53-4e9c-be36-f60b1f6aad47_5
2021-03-18T08:06:05+00:00,1616054765,"Canada, quand le français était une langue de résistance","L'attachement des Canadiens francophones à leur langue ne peut se comprendre sans évoquer le long face-à-face historique qui oppose Anglais et Français. Pratiquer la langue française est pour les Québécois un acte de résistance, un enjeu identitaire. ",https://www.franceculture.fr/franceculture/podcasts/le-cours-de-l-histoire/canada-quand-le-francais-etait-une-langue-de-resistance-5676636,,,,b7c369c0-c264-4efd-a948-ecc91b2913c6_5
2021-03-19T08:06:05+00:00,1616141165,"Debout les damnés de la terre, destins de communards ","La Commune de Paris est une insurrection populaire durant laquelle se sont révélées des personnalités diverses. Parmi elles, des populations jusque-là exclues de la scène politique dont des femmes et des étrangers. Qui sont les communards et qu'ont-ils apportés à la démocratie ? ",https://www.franceculture.fr/franceculture/podcasts/le-cours-de-l-histoire/debout-les-damnes-de-la-terre-destins-de-communards-9454666,,,,f22a9984-11de-4f40-b0dc-15667a879568_5
2021-03-22T08:06:05+00:00,1616400365,Archiver pour mieux régner,"Conserver des écrits au cœur du pouvoir est un signe d'affirmation de l'autorité publique. Toutefois, parler d'archives au sens où nous l'entendons aujourd'hui serait un anachronisme pour l'époque médiévale. Quel sens donner à ces mémoires de papier au Moyen Âge ?   

",https://www.franceculture.fr/franceculture/podcasts/le-cours-de-l-histoire/archiver-pour-mieux-regner-7642577,,,,0bc7aefd-c571-49af-bf76-41d79d68bea1_5
2021-03-23T08:06:05+00:00,1616486765,"Ces si chères archives napoléoniennes, sont-elles chères, archi-chères ?  ","Deux cents ans après sa disparition, Napoléon divise toujours. Il fascine aussi. Pour preuve, les prix des documents écrits, dictés ou annotés par l'Empereur s'envolent en salle des ventes. Une passion archivistique que Napoléon, graphomane, n'aurait pas reniée ! 
",https://www.franceculture.fr/franceculture/podcasts/le-cours-de-l-histoire/ces-si-cheres-archives-napoleoniennes-sont-elles-cheres-archi-cheres-8085484,,,,43e4bd6d-208a-4e7c-869e-d5639a93326c_5
2021-03-24T08:06:05+00:00,1616573165,"Bicentenaire de l'École des chartes, les archives n’ont pas pris une ride !",L'École des chartes fête son bicentenaire en 2021 ! L'établissement forme les cadres de la conservation du patrimoine et des bibliothèques. Le souffle de l'érudition parcourt les 200 ans d'histoire de cette école singulière. ,https://www.franceculture.fr/franceculture/podcasts/le-cours-de-l-histoire/bicentenaire-de-l-ecole-des-chartes-les-archives-n-ont-pas-pris-une-ride-2635908,,,,9c29bdfc-7fde-46ca-9efc-e9bdee9075dc_5
2021-03-25T08:06:05+00:00,1616659565,"Archives LGBT+, retrouver la mémoire","Les archives LGBT+ racontent une histoire plurielle, celle de la construction d'une identité, celle des combats pour la reconnaissance de leurs droits. Ces archives sont essentielles à la mémoire pour éviter d'être exclus de l'écriture de sa propre histoire.
 
",https://www.franceculture.fr/franceculture/podcasts/le-cours-de-l-histoire/archives-lgbt-retrouver-la-memoire-4280348,,,,a41a08d9-833d-4f20-b2b2-856e3dbaf1b0_5
2021-03-26T08:06:05+00:00,1616745965,"Les complaintes de Vacher, tueur de bergers","Après une série d’assassinats sadiques, Joseph Vacher est le premier ""tueur en série"" français. Son procès donne lieu à des réflexions sur la responsabilité pénale et sur le rôle de la psychiatrie. Que nous enseignent les affres de cette affaire ?",https://www.franceculture.fr/franceculture/podcasts/le-cours-de-l-histoire/les-complaintes-de-vacher-tueur-de-bergers-4077110,,,,0419383e-d036-4d99-9300-f841842ceaa2_5
2021-03-29T07:06:05+00:00,1617001565,Existe-t-il un rire à la française ?,"En France, l’histoire du rire est teintée d’un goût prononcé pour la contestation, voire d’idéaux démocratiques. L’ironie et la satire sont-elles des traits singuliers d’un humour ""à la française"" ? Daumier, Pierre Dac, Desproges, même combat ?",https://www.franceculture.fr/franceculture/podcasts/le-cours-de-l-histoire/existe-t-il-un-rire-a-la-francaise-3986252,,,,cd9ecc16-6484-47ab-bb4f-78c1a0b20205_5
2021-03-30T07:06:05+00:00,1617087965,C’est dans les vieux recueils qu’on fait les meilleures blagues,"Le rire renouvelle sans cesse ses formes et ses modes d’expression. Le travail archéologique sur l’humour nous révèle notamment une valorisation de l’art de plaisanter et le sens aigu de nos ancêtres pour la répartie. Des Anciens aux Modernes, comment le rire et sa perception ont-ils évolué ?",https://www.franceculture.fr/franceculture/podcasts/le-cours-de-l-histoire/c-est-dans-les-vieux-recueils-qu-on-fait-les-meilleures-blagues-3374333,,,,756c7728-7866-4550-b70d-92cb310a6595_5
2021-03-31T07:06:05+00:00,1617174365,Bouffon ! Quand le roi s’amuse,"De tous les fous chargés de divertir la cour royale de France, Triboulet est le plus célèbre, symbole de l’amuseur public sous le règne de François Ier. Mythifié par Victor Hugo, il est un homme de théâtre au service du rire. Auprès du roi, quelle est la place du bouffon ?",https://www.franceculture.fr/franceculture/podcasts/le-cours-de-l-histoire/bouffon-quand-le-roi-s-amuse-1006971,,,,14fcc8d1-7c9d-4a49-abd4-eacf96ae9fa3_5
2021-04-01T07:06:05+00:00,1617260765,"Quand le rire s’empare de la radio, les ondes se gondolent","Quotidiennement, des émissions radiophoniques réunissent les fidèles amateurs de rigolade, mais parfois le rire s’impose de lui-même. Comment le comique contestataire et transgressif s’est-il fait entendre sur les antennes ? Existe-t-il un humour spécifiquement radiophonique ?",https://www.franceculture.fr/franceculture/podcasts/le-cours-de-l-histoire/quand-le-rire-s-empare-de-la-radio-les-ondes-se-gondolent-8341475,,,,1b84d826-3c85-4acb-ae3b-e1c11df59dfd_5
2021-04-02T07:06:05+00:00,1617347165,"1821, la Grèce lutte, l’Europe exulte","En 1821 débute la guerre d'indépendance de la Grèce face à l'Empire ottoman. Les romantiques, dont Byron, sensibles à la souffrance du peuple grec et fascinés par les couleurs de l’Orient, soutiennent un courant philhellène. En quoi ce mouvement de libération est-il aussi une affaire européenne ?",https://www.franceculture.fr/franceculture/podcasts/le-cours-de-l-histoire/1821-la-grece-lutte-l-europe-exulte-3412035,,,,42767641-53c8-4a52-b22f-f9098a111d37_5
2021-04-05T07:06:15+00:00,1617606375,Bretagne vs Normandie. À qui appartient le Mont-Saint-Michel ?,"La mythique rivalité entre les Bretons et les Normands est née sur des incompréhensions historiques. Pourtant, si les deux peuples ont des origines différentes, les historiens notent un destin commun au-delà des affrontements. Les alliances d’aujourd’hui ont-elles surpassé les mésententes d’hier ?",https://www.franceculture.fr/franceculture/podcasts/le-cours-de-l-histoire/bretagne-vs-normandie-a-qui-appartient-le-mont-saint-michel-9781303,,,,3e4b60e5-1cbc-4c74-b59d-e63487e0af55_5
2021-04-06T07:06:05+00:00,1617692765,Guadeloupe vs Martinique. Qui a planté la discorde ?,"La rivalité entre la Martinique et la Guadeloupe fut attisée par les pouvoirs coloniaux qui favorisèrent l'une au détriment de l'autre. Quel rapport ces deux îles, également gâtées par la nature, entretiennent-elles aujourd'hui et quelles traces gardent-elles d'un passé de sœurs rivales ? ",https://www.franceculture.fr/franceculture/podcasts/le-cours-de-l-histoire/guadeloupe-vs-martinique-qui-a-plante-la-discorde-8941420,,,,a6066897-8a3e-4099-aeda-5a9a0412e8ef_5
2021-04-07T07:06:05+00:00,1617779165,"Lyon vs Saint-Étienne, petits tacles entre voisins ","Entre Lyon et Saint-Étienne les rivalités s'expriment sur le terrain de foot, mais les querelles d’identités  dépassent le cadre sportif. Elles se trouvent ancrées dans leur histoire 
et traduisent une opposition entre ville bourgeoise et ouvrière, entre la soie et l'acier. 
",https://www.franceculture.fr/franceculture/podcasts/le-cours-de-l-histoire/lyon-vs-saint-etienne-petits-tacles-entre-voisins-1821606,,,,efffcaac-0f18-491c-860a-70038eead6a8_5
2021-04-08T07:06:05+00:00,1617865565,"Paris vs la France. Jacobins, Girondins, aux origines d’une défiance ","Les clichés qui opposent Paris à la province sont légion. Ainsi, le provincial serait un peu bêta et naïf quand le Parisien serait hautain et méprisant. Ces poncifs anciens se renforcent à partir de la Révolution. Le centralisme à la française alimente-t-il les amertumes et les stéréotypes ?",https://www.franceculture.fr/franceculture/podcasts/le-cours-de-l-histoire/paris-vs-la-france-jacobins-girondins-aux-origines-d-une-defiance-4787358,,,,c295c32b-1ead-4c8b-940a-8594ef8345da_5
2021-04-09T07:06:05+00:00,1617951965,"Panique au monastère, les démons attaquent !","Vers l'an 1200, dans le sud de l'Allemagne, une bande de démons s'amuse à tracasser une communauté de moines cisterciens. Possessions, taquineries, frayeurs, tout est consigné dans le ""Livre des révélations"", un trésor pour l’historien et l'historienne.",https://www.franceculture.fr/franceculture/podcasts/le-cours-de-l-histoire/panique-au-monastere-les-demons-attaquent-9899718,,,,4cd361ff-3a90-4976-8888-0b2d193e410a_5
2021-04-12T07:06:05+00:00,1618211165,"Du Nord au Sud, qui étaient les premiers Américains ?","Qui sont les premiers hommes du continent américain ? Quand sont-ils arrivés ? Par quels mouvements de migration ? Ces interrogations donnent lieu à d'âpres discussions dans les milieux scientifiques. Une émission en forme de bilan sur les origines du peuplement de l'Amérique.
",https://www.franceculture.fr/franceculture/podcasts/le-cours-de-l-histoire/du-nord-au-sud-qui-etaient-les-premiers-americains-6512443,,,,182fadb5-7a14-4e86-bae0-529cacd241fa_5
2021-04-13T07:06:05+00:00,1618297565,Grandeur et décadence des Olmèques ,"Les têtes sculptées colossales sont emblématiques de la civilisation olmèque qui se développe sur la côte du golfe du Mexique entre 1700 et 400 av. J.-C. L'ancienneté de cette civilisation lui vaut d'être qualifiée de ""culture mère"" de l'Amérique, à l’origine de l’identité mésoaméricaine.",https://www.franceculture.fr/franceculture/podcasts/le-cours-de-l-histoire/grandeur-et-decadence-des-olmeques-2265850,,,,0c2784a4-dc70-4225-aa4b-1941e18de595_5
2021-04-14T07:06:05+00:00,1618383965, Vers le grand Nord ! la préhistoire des Inuits ,"L’Arctique nord-américain et le Groenland accueillent plusieurs vagues de peuplement depuis la déglaciation. Diverses cultures s'y succèdent ou s'y côtoient : pré-dorsétienne, dorsétienne, thuléenne et inuit. Comment se caractérisent ces populations et comment s'adaptent-elles à ce milieu complexe ?",https://www.franceculture.fr/franceculture/podcasts/le-cours-de-l-histoire/vers-le-grand-nord-la-prehistoire-des-inuits-4353402,,,,8a677722-af1a-45ec-b93f-90a0fef0ad4b_5
2021-04-15T07:06:05+00:00,1618470365,"Prends ton lama, on rentre à Cuzco : le mythe inca","La civilisation inca est l’une des plus célèbres des cultures d'Amérique précoloniale. Née au XIIIe siècle autour de Cuzco - dans l’actuel Pérou -, elle est l’héritière des civilisations qui l’ont précédée. Qui sont les Incas ? Comment expliquer leur expansion éclair et leur chute brutale ? ",https://www.franceculture.fr/franceculture/podcasts/le-cours-de-l-histoire/prends-ton-lama-on-rentre-a-cuzco-le-mythe-inca-1341845,,,,9ca43f0a-4a54-4a01-9d10-5fde54b1e9f7_5
2021-04-16T07:06:05+00:00,1618556765,Être noir en France avant l’abolition de l’esclavage ,"Du XVIe siècle jusqu’au XIXe siècle, plus de 18 000 gens de couleur résident sur le territoire métropolitain de la France. Esclave ou affranchi, perruquier, cuisinier ou couturier, qui sont ces déracinés qui parfois font souche ? Retour sur ces destins, angle mort de l'histoire de la traite.  ",https://www.franceculture.fr/franceculture/podcasts/le-cours-de-l-histoire/etre-noir-en-france-avant-l-abolition-de-l-esclavage-4555232,,,,60976e46-1c1c-4c45-a616-00910ed8d793_5
2021-04-19T07:06:05+00:00,1618815965,"Danser antique, danser en toge","Lucien de Samosate assure que la danse est ""aussi ancienne que l'amour, le plus ancien des dieux"", mais quelle place occupe la danse dans le monde gréco-romain ? Qu'elle inspire fascination ou mépris, écrits et iconographies témoignent de son rôle central dans toutes les sphères de ces sociétés.

",https://www.franceculture.fr/franceculture/podcasts/le-cours-de-l-histoire/danser-antique-danser-en-toge-4814310,,,,c53c5f31-66ec-4359-b607-bc49e3575c7c_5
2021-04-20T07:06:05+00:00,1618902365,"Branle, passepied, bourrée, histoire de la danse traditionnelle"," L'appellation ""danse traditionnelle"" caractérise un ensemble de danses collectives d’origine rurale et souvent porteuses d’identités régionales. Comment retracer l’histoire de cette expression populaire, de ses évolutions et de son rapport à l'Église ?",https://www.franceculture.fr/franceculture/podcasts/le-cours-de-l-histoire/branle-passepied-bourree-histoire-de-la-danse-traditionnelle-2949692,,,,cf116a3b-1536-44b2-b698-a0b7bf214eac_5
2021-04-21T07:06:05+00:00,1618988765,"Tango, valse, quand les danses de salon font scandale","Invitez votre partenaire et rejoignez la piste ! Valse, tango, rumba, fox-trot, samba ou grizzly-bear, du salon au music-hall il n'y a qu'un pas. Un pas de deux, un pas à deux, transgressive et scandaleuse, c'est l'histoire de ces danses en tandem.
",https://www.franceculture.fr/franceculture/podcasts/le-cours-de-l-histoire/tango-valse-quand-les-danses-de-salon-font-scandale-4742228,,,,12c25835-4de5-462c-bd83-687ee8254152_5
2021-04-22T07:06:05+00:00,1619075165,"Danser seul, de l’opéra au Macumba","La danse est une élément de socialisation. Elle soude les communautés et les couples, mais pourtant il nous arrive de danser seul. L'histoire de la danse en solo, à l'opéra depuis le XVIIe siècle où dans les boîtes de nuit aujourd'hui, nous parle autant de hiérarchie sociale que d'insoumission.",https://www.franceculture.fr/franceculture/podcasts/le-cours-de-l-histoire/danser-seul-de-l-opera-au-macumba-9367985,,,,76578edf-7416-4112-93cc-5924569b5ef3_5
2021-04-23T07:06:05+00:00,1619161565,"Radu Mihaileanu, fou d'histoire ","1958, Radu Mihaileanu naît en Roumanie. Son père, journaliste, juif, devient bientôt  suspect sous la dictature de Ceausescu. De Bucarest à Paris, d’un train de vie à la source des femmes, itinéraire d'un réalisateur qui raconte l’histoire au spectre de son histoire familiale. 

 
 ",https://www.franceculture.fr/franceculture/podcasts/le-cours-de-l-histoire/fou-d-histoire-radu-mihaileanu-2292772,,,,110eafda-4819-4ce1-af84-6872de604f8a_5
2021-04-26T07:06:05+00:00,1619420765,"Mourir chez soi, mourir à l'hôpital : où rendre son dernier soupir ? ","Le médecin a remplacé le prêtre au chevet du mourant. Pourtant, le rapport à la douleur et à la mort a longtemps été écarté de cet accompagnement médicalisé. Comment expliquer l’acceptation progressive de la mort à l’hôpital ? Quelles sont les implications pour les médecins et les familles ?",https://www.franceculture.fr/franceculture/podcasts/le-cours-de-l-histoire/mourir-chez-soi-mourir-a-l-hopital-ou-rendre-son-dernier-soupir-4464953,,,,e7e59319-4ce9-471e-a98c-4bff2e4f04ef_5
2021-04-27T07:06:05+00:00,1619507165,"Six pieds sous terre, pratiques funéraires","Construit au XIXe siècle pour combattre l’insalubrité des sépultures, l’édification de cimetières modernisés a fait évoluer les rites funéraires et contribua à la généralisation des cercueils individuels. Comment ces nouvelles pratiques ont-elles modifié la relation entre les morts et les vivants ?",https://www.franceculture.fr/franceculture/podcasts/le-cours-de-l-histoire/six-pieds-sous-terre-pratiques-funeraires-7980705,,,,e47b5067-6506-4c97-9259-d655b43203a3_5
2021-04-28T07:06:05+00:00,1619593565," Look mortel, porter le deuil sur soi","S’il existe des codes du deuil, les règles vestimentaires relèvent de la coutume et la bienséance. Pour éviter des fautes de goût, des textes normatifs vont alors aiguiller les individus incertains. Qui décide de ces règles ? Le noir a-t-il toujours été si présent lors des enterrements ?",https://www.franceculture.fr/franceculture/podcasts/le-cours-de-l-histoire/look-mortel-porter-le-deuil-sur-soi-2888980,,,,dcaf86e3-4bef-4c58-bc3b-e5b70ae639c9_5
2021-04-29T07:06:05+00:00,1619679965,"De la peste aux tranchées, représenter la mort","La mort de masse inspire les productions artistiques depuis le Moyen-Âge. Des allégories en passant par les illustrations réalistes de combats, l’iconographie sur la perte de la vie est dense. Pourquoi la mort influence-t-elle l’art ? Représenter permet-il de surmonter les douleurs émotionnelles ?",https://www.franceculture.fr/franceculture/podcasts/le-cours-de-l-histoire/de-la-peste-aux-tranchees-representer-la-mort-8548588,,,,66f7823f-4aac-49d2-8dd9-d8c5467e151a_5
2021-04-30T07:06:05+00:00,1619766365,"Gengis Khan, l’épopée mongole","Figure légendaire de l’immense ""empire nomade"" des Mongols, Gengis Khan imprègne l’histoire mondiale. Derrière l’image du guerrier sans pitié se cache un génie politique, fondateur d’un système de gouvernement inédit. Quel est l’héritage de l’Empire mongol, notamment pour la Chine contemporaine ?
",https://www.franceculture.fr/franceculture/podcasts/le-cours-de-l-histoire/gengis-khan-l-epopee-mongole-1741821,,,,4d7f909b-e306-46c8-bfd5-e4328a2fd458_5
2021-05-03T07:06:05+00:00,1620025565,"Le bonapartisme, passion inavouée de la République",Le bonapartisme est une famille de pensée politique qui s’inspire de la doctrine napoléonienne. Cette tentative historique de transmettre l’héritage de l’Empire est spécifiquement française et ne se limite pas à la droite. Quelle est l’emprise de Napoléon sur les institutions républicaines ?,https://www.franceculture.fr/franceculture/podcasts/le-cours-de-l-histoire/le-bonapartisme-passion-inavouee-de-la-republique-7027610,,,,c3fbc138-8183-47e0-a283-30de32fba065_5
2021-05-04T07:06:05+00:00,1620111965,"Sans contrefaçon, je suis Napoléon ","Dès 1815, la figure charismatique de Napoléon Ier est utilisée par des escrocs ou des illuminés qui usurpent son identité. L’Empereur intrigue et fascine, personnage idéal pour l'industrie cinématographique. Pourquoi cette personnalité tient-elle une place particulière imaginaire ?

",https://www.franceculture.fr/franceculture/podcasts/le-cours-de-l-histoire/sans-contrefacon-je-suis-napoleon-9200622,,,,1c791fc0-5172-49e6-beec-845c1e29f460_5
2021-05-05T07:06:05+00:00,1620198365, Que sont devenus les débris de la Grande Armée ? ,"Que sont devenus les soldats de Napoléon une fois l’Empereur renversé ? Ils ont vécu la violence des guerres de l'Empire, mais aussi d'extraordinaires aventures militaires à travers le continent. Quelle place et quelle considération pour ces vétérans de la Grande Armée rendus à la vie civile ? ",https://www.franceculture.fr/franceculture/podcasts/le-cours-de-l-histoire/que-sont-devenus-les-debris-de-la-grande-armee-9671808,,,,730b1f4f-e947-4e00-8d8b-0534bd73a46f_5
2021-05-06T07:06:05+00:00,1620284765,"Et sans Napoléon, quelle Europe ? ","Quelles traces politiques, économiques, culturelles, reste-t-il de l'épopée napoléonienne en Europe ? Quelles conséquences a pu avoir l’épisode impérial sur le continent ? Sans Napoléon, à quoi ressemblerait l’Europe ? 
",https://www.franceculture.fr/franceculture/podcasts/le-cours-de-l-histoire/et-sans-napoleon-quelle-europe-6360541,,,,3b304de0-4563-4f63-9cbd-10ee45dfaf66_5
2021-05-07T07:06:05+00:00,1620371165,"Simon Abkarian, fou d'histoire","Acteur, comédien, metteur en scène et dramaturge, Simon Abkarian est un homme de théâtre accompli. À la scène comme à la vie, il transporte avec lui une histoire familiale qui, de l'Arménie à la Syrie, du Liban à la France, porte une culture, raconte une diaspora et éclaire ses engagements. ",https://www.franceculture.fr/franceculture/podcasts/le-cours-de-l-histoire/fou-d-histoire-simon-abkarian-6742492,,,,4f7e6b0c-8105-43a6-8617-2f8057ca7d69_5
2021-05-10T07:06:05+00:00,1620630365,"1971-1981, en rose et rouge vers l’Élysée ","1981, victoire de François Mitterrand à la présidentielle. Par quelle stratégie d’union, les gauches françaises parviennent-elles à cette victoire ? Comment le mitterrandisme devient-il le porte-voix et l’espoir de toute une génération de gauche ? D'Épinay à l'Élysée, l’analyse d’une ascension. 
",https://www.franceculture.fr/franceculture/podcasts/le-cours-de-l-histoire/1971-1981-en-rose-et-rouge-vers-l-elysee-7808330,,,,1db7f48f-1021-4e3a-82d4-f460fe27b016_5
2021-05-11T07:06:05+00:00,1620716765,"1936, ainsi front, front, front les partis de gauche","""Y'a d'la joie"" chante Charles Trenet en 1936.  La même année, à quelles grandes espérances répond le programme d'une gauche unie, dans un contexte de crise économique et politique, et alors que les régimes antidémocratiques s'agitent en Europe ?
",https://www.franceculture.fr/franceculture/podcasts/le-cours-de-l-histoire/1936-ainsi-front-front-front-les-partis-de-gauche-4855595,,,,271552b4-6603-4176-9965-a37ec771602b_5
2021-05-12T07:06:05+00:00,1620803165, Et la Révolution inventa la gauche,"La Révolution marque l’acte de naissance de la gauche française. Depuis, le clivage gauche-droite anime, construit et structure la vie politique. Multiple et polymorphe, qu’est-ce qui caractérise la gauche ? Quels idéaux défend-elle ? À qui et à quoi s'oppose-t-elle ?  ",https://www.franceculture.fr/franceculture/podcasts/le-cours-de-l-histoire/et-la-revolution-inventa-la-gauche-8687837,,,,fb0c7a7f-5fbc-4ef3-bce6-192fd65dc054_5
2021-05-14T07:06:05+00:00,1620975965,"Il y a cent ans, la naissance du Parti communiste français ","En 1920, le Congrès de Tours acte la scission entre les socialistes français. La création du Parti communiste français (PCF), adhérant à la IIIe Internationale d’inspiration bolchévique, va bouleverser la société. Quelle est l’histoire de ce moment décisif pour la construction de la gauche ?
",https://www.franceculture.fr/franceculture/podcasts/le-cours-de-l-histoire/il-y-a-cent-ans-la-naissance-du-parti-communiste-francais-5191241,,,,941ce271-86f5-49ad-bd1a-8258e0fd9ddb_5
2021-05-17T07:06:05+00:00,1621235165,"Ça mousse et ça brasse, histoire de la bière","Des céréales, de l'eau, du fenouil, du thym, de l’anis sauvages, ou encore des fleurs de bruyère ; un brassage appliqué, de la patience le temps de la fermentation, et voici la cervoise, l'ancêtre gauloise de nos bières. Une belle histoire de fûts, s'il en fut, qui nous conduit au monastère.",https://www.franceculture.fr/franceculture/podcasts/le-cours-de-l-histoire/ca-mousse-et-ca-brasse-histoire-de-la-biere-2866171,,,,34be2863-9285-40c8-a9fb-02f9ec8c69c2_5
2021-05-18T07:06:05+00:00,1621321565,"Le raki et le sultan, boire dans l’Empire de la vigne","Vigne, figues, prunes, dattes, céréales, le territoire du monde ottoman offre les matières premières nécessaires à la production d’alcool. Raki, bière et vin y sont consommés plus ou moins discrètement, au gré des interdits et des tolérances politiques et religieuses.   
",https://www.franceculture.fr/franceculture/podcasts/le-cours-de-l-histoire/le-raki-et-le-sultan-boire-dans-l-empire-de-la-vigne-6641652,,,,6613f2c6-7631-4922-bf3d-d94195c94146_5
2021-05-19T07:06:05+00:00,1621407965,"Absinthe, les artistes à la rencontre de la fée verte ","Préparer l’absinthe oblige à respecter un cérémonial. Au-dessus du verre, un sucre est posé sur une cuillère ajourée. Au fond du verre, l’alcool. Goutte à goutte, de l’eau fraîche fait fondre le sucre. L’alcool se brouille, l’esprit aussi. Voici qu’apparaît la fée verte. 
",https://www.franceculture.fr/franceculture/podcasts/le-cours-de-l-histoire/absinthe-les-artistes-a-la-rencontre-de-la-fee-verte-7971535,,,,334d210e-d52f-433b-8054-b009050d5777_5
2021-05-20T07:06:05+00:00,1621494365,"Bois de l’eau, sac à vin ! Quand l’alcoolisme devint une maladie","Au cours du XIXe siècle, l'industrialisation démocratise la consommation d’un plus grand nombre d’alcool et en grande quantité. Des voix s'élèvent et l'accusent de tous les maux. Dans la sphère publique comme dans la sphère privée, ces militants de la tempérance obtiennent de durables victoires. ",https://www.franceculture.fr/franceculture/podcasts/le-cours-de-l-histoire/bois-de-l-eau-sac-a-vin-quand-l-alcoolisme-devint-une-maladie-8602974,,,,ad67c6d5-3f76-4f62-948e-93b338d6cf22_5
2021-05-21T07:06:05+00:00,1621580765,"Delphine Horvilleur, ""folle"" d'histoire","Delphine Horvilleur s'envisage médecin puis journaliste, jusqu’en 2003. Elle entreprend alors des études rabbiniques à New York. De retour à Paris, elle exerce le rabbinat, dans un judaïsme libéral. Un itinéraire et un héritage familial qui interrogent l’histoire. ",https://www.franceculture.fr/franceculture/podcasts/le-cours-de-l-histoire/fou-folle-d-histoire-delphine-horvilleur-2118262,,,,e353d533-59c0-4012-b992-cbc2eac8efcc_5
2021-05-24T07:06:05+00:00,1621839965,Parcours et mémoires de compagnons de la Libération,"La croix de la Libération cesse d’être attribuée quand le général de Gaulle quitte le pouvoir en 1946. Qui sont les 1038 résistants, hommes et femmes, compagnons de la Libération ? Comment conserver la mémoire de leur engagement et de leurs combats ?
",https://www.franceculture.fr/franceculture/podcasts/le-cours-de-l-histoire/parcours-et-memoires-de-compagnons-de-la-liberation-4928552,,,,fc275c88-26fb-401a-abe1-9295a7e6d65e_5
2021-05-25T07:06:05+00:00,1621926365,"Vercors, à l’ombre du maquis ","Durant la Seconde Guerre mondiale, le maquis du Vercors s'organise pour devenir un haut lieu de la Résistance. Une éphémère République du Vercors y est même proclamée en juillet 1944. Habitants et maquisards paient leur bravoure d’un sanglant tribut.",https://www.franceculture.fr/franceculture/podcasts/le-cours-de-l-histoire/vercors-a-l-ombre-du-maquis-6011434,,,,8fe80218-083c-4119-9959-a94656f5042b_5
2021-05-26T07:06:05+00:00,1622012765,"Compagnons au féminin, Berty Albrecht et les autres","Longtemps occulté, le rôle des femmes dans la Libération fut pourtant décisif. Une partie de la résistance française s’organise autour de figures féminines, telle Berty Albrecht. Existe-t-il des spécificités dans ces organisations mixtes ? Comment expliquer cette reconnaissance tardive ?",https://www.franceculture.fr/franceculture/podcasts/le-cours-de-l-histoire/compagnons-au-feminin-berty-albrecht-et-les-autres-5939809,,,,0446773e-c32e-4a46-8bb8-ffd972e20c4b_5
2021-05-27T07:06:05+00:00,1622099165,"Pierre Brossolette, la voix de la France libre","Dirigeant de la résistance intérieure, arrêté et torturé en 1944, Pierre Brossolette ne parle pas, il préfère se donner la mort. Pourquoi ce journaliste s’engage-t-il pour la Libération ? Quel est son rôle dans la lutte clandestine ? En quoi son entrée au Panthéon en 2015 est un symbole fort ?",https://www.franceculture.fr/franceculture/podcasts/le-cours-de-l-histoire/pierre-brossolette-la-voix-de-la-france-libre-1674509,,,,47896bde-d117-489e-99b9-f7d9d714b7ff_5
2021-05-28T07:06:05+00:00,1622185565,"Lilian Thuram, fou d'histoire","Champion du monde de football en 1998, militant anti-raciste reconnu, Lilian Thuram est également un ardent défenseur de la mémoire de l’esclavage. Son parcours et ses réflexions permettent de comprendre l’importance de l’histoire pour combattre les préjugés et permettre l’émancipation de chacun.",https://www.franceculture.fr/franceculture/podcasts/le-cours-de-l-histoire/fou-d-histoire-lilian-thuram-8508645,,,,aeec95f7-e9c3-464c-85d0-806cd655950f_5
2021-05-31T07:06:05+00:00,1622444765,L’ombre du crime sur la France des Lumières,"Quelle place pour la sécurité dans la pensée des philosophes des Lumières ? Ainsi, durant la Révolution française, une vague de criminalité force les autorités à adopter de nouveaux outils pour maintenir l’ordre, mais comment concilier sécurité et désir de liberté ? ",https://www.franceculture.fr/franceculture/podcasts/le-cours-de-l-histoire/l-ombre-du-crime-sur-la-france-des-lumieres-1054065,,,,bb90910f-2ceb-41f8-944b-8538cad203db_5
2021-06-01T07:06:05+00:00,1622531165,"Sécurité, quand on arrive en ville","Justifié ou non, le sentiment d'insécurité en milieu urbain est largement partagé, la nuit plus encore. Pourquoi l'espace public peut-il nous sembler hostile et menaçant ? Pourquoi et comment est-il devenu l’objet, depuis le XVIIIe, siècle d’une politique de sécurité ? 
",https://www.franceculture.fr/franceculture/podcasts/le-cours-de-l-histoire/securite-quand-on-arrive-en-ville-7278800,,,,2e7c05c7-15cd-4ccc-a5ba-1c526af38011_5
2021-06-02T07:06:05+00:00,1622617565,Qu’est-ce qu’elle a ma gueule ? Identifier les criminels ,"De l’Ancien Régime à l’identification judiciaire, une “identité de papier” se substitue aux pratiques de reconnaissance visuelle ou orale. L'identification, ce monopole d'État, évolue et se perfectionne. Vos papiers, s'il vous plaît ! ",https://www.franceculture.fr/franceculture/podcasts/le-cours-de-l-histoire/qu-est-ce-qu-elle-a-ma-gueule-identifier-les-criminels-2160226,,,,0d99e830-3cc3-4051-9d02-c69e09d65dbc_5
2021-06-03T07:06:05+00:00,1622703965,"Des suffragettes au MLF, quand les femmes rendent coup pour coup","C’est une histoire de dominants et de dominées, de droits à conquérir et de stéréotypes à renverser. Engagées corps et âmes pour leur émancipation, les suffragettes et les féministes ponctuent leur parcours d'actions rebelles, voire d’une violence au féminin, éminemment politique. Debout !
",https://www.franceculture.fr/franceculture/podcasts/le-cours-de-l-histoire/des-suffragettes-au-mlf-quand-les-femmes-rendent-coup-pour-coup-8717783,,,,ab6d16a1-6e35-40be-ba9f-ae3b650f4e21_5
2021-06-04T07:06:05+00:00,1622790365,"Momies et pharaons, fascinante Égypte","Le musée Granet d'Aix-en-Provence expose un fond exceptionnel de pièces archéologiques égyptiennes, issues de cabinets de curiosités de l’Ancien Régime et de la première moitié du XIXe siècle. L’occasion de se pencher sur l’actualité de la recherche en égyptologie, une passion française. 
",https://www.franceculture.fr/franceculture/podcasts/le-cours-de-l-histoire/momies-et-pharaons-fascinante-egypte-7294512,,,,417946d2-62e3-4796-9155-3c985b37dace_5
2021-06-07T07:06:05+00:00,1623049565,"L’invention de la rhétorique, quand le discours devient une arme","L’Antiquité classique pose les bases de la rhétorique, qui font référence encore aujourd’hui. D'Athènes à Rome, elle est au centre de l’espace public et de la vie politique où la défense des idées et le goût du débat sont hissés au rang d’art.
",https://www.franceculture.fr/franceculture/podcasts/le-cours-de-l-histoire/l-invention-de-la-rhetorique-quand-le-discours-devient-une-arme-4801386,,,,db3765c2-f80e-40b2-ae95-00be96a34d0b_5
2021-06-08T07:06:05+00:00,1623135965,"De la dispute au discours, enseigner par l’éloquence","Se disputer au Moyen Âge n’entraîne pas nécessairement de violence. La dispute est un échange d’arguments contradictoires, autrement dit une joute verbale. Cet exercice oral de l’université médiévale disparaît peu à peu, quand l’oralité est supplantée par l’écrit. 

",https://www.franceculture.fr/franceculture/podcasts/le-cours-de-l-histoire/de-la-dispute-au-discours-enseigner-par-l-eloquence-8593765,,,,24d0b1bc-24b2-4e97-8b91-7c5c347c208c_5
2021-06-09T07:06:05+00:00,1623222365,Sarah Bernhardt en faisait-elle trop ? Déclamer d’hier à aujourd’hui,"Écouter un enregistrement de la voix de Sarah Bernhardt provoque la surprise, parfois la déception. Comment déclamaient les comédiens d’antan ? Le voyage dans les voix du passé est décidément une archéologie bien singulière !  
",https://www.franceculture.fr/franceculture/podcasts/le-cours-de-l-histoire/sarah-bernhardt-en-faisait-elle-trop-declamer-d-hier-a-aujourd-hui-1224748,,,,cfc00cec-599b-40a3-88ba-834de76bcc82_5
2021-06-10T07:06:05+00:00,1623308765,"La République et ses tribuns, Hugo, Gambetta, Jaurès, et les autres","Tribuns, orateurs, foudres d’éloquence… Du haut de la tribune, quelques figures politiques marquent l’histoire de leur verve et témoignent de la vitalité de la vie démocratique : une puissance oratoire au service de la vie publique. 


",https://www.franceculture.fr/franceculture/podcasts/le-cours-de-l-histoire/la-republique-et-ses-tribuns-hugo-gambetta-jaures-et-les-autres-8477152,,,,a10bfbfb-288a-477c-8c73-83fba99bad63_5
2021-06-11T07:06:05+00:00,1623395165,"Riad Sattouf, fou d'histoire","Riad Sattouf est d’origine syrienne et bretonne. À travers ses dessins, il nous raconte une enfance entre l’Orient et l’Occident, une histoire surprenante et déroutante, comme un kebbé au beurre salé. ",https://www.franceculture.fr/franceculture/podcasts/le-cours-de-l-histoire/fou-d-histoire-riad-sattouf-2822889,,,,58e372e4-733f-4b0f-943f-e201ecc0e610_5
2021-06-14T07:06:05+00:00,1623654365,"Proto-industrie, les paysans hors-champs","Le monde paysan est caractérisé par la pluriactivité. Ainsi, suivant les régions et les saisons, les paysans se font lunetiers, tisserands ou couteliers. Regard sur ces activités proto-industrielles exercées à domicile.










",https://www.franceculture.fr/franceculture/podcasts/le-cours-de-l-histoire/proto-industrie-les-paysans-hors-champs-8507599,,,,50e31eb8-7cbe-41f3-bf67-612fb48ab653_5
2021-06-15T07:06:05+00:00,1623740765,"Aristocrate, un travail à plein temps ? ","Sous peine de déroger, le noble ne peut pas embrasser une carrière incompatible avec l’état de noblesse. Pourtant, n'est-il qu'un propriétaire oisif ?",https://www.franceculture.fr/franceculture/podcasts/le-cours-de-l-histoire/aristocrate-un-travail-a-plein-temps-7003454,,,,58e0eb5a-8ead-470d-ab9c-2bf50b0d1732_5
2021-06-16T07:06:05+00:00,1623827165,Quand la robe de bure devient bleu de travail,"La règle de saint Benoit organise la vie du monastère autour de trois piliers : la prière, l'étude des Saintes Écritures et le labeur. Ils sont ""vraiment moines s’ils vivent du travail de leurs mains"". Prie et travaille, une idée révolutionnaire du VIe siècle pour des moines épris de travail.",https://www.franceculture.fr/franceculture/podcasts/le-cours-de-l-histoire/quand-la-robe-de-bure-devient-bleu-de-travail-3698124,,,,1b4db13a-d1b7-43e2-b719-9178fba7ced1_5
2021-06-17T07:06:05+00:00,1623913565,"Femmes au foyer, histoire d'un travail invisible","Agricultrice, artisane, employée de maison ou encore ouvrière, nombreuses cumulent les emplois et travaillent à la maison. Rares sont celles considérées comme ""femme au foyer"" : dans l'histoire du travail, quelle place pour ce statut exclusif qui émerge au XIXe siècle ?",https://www.franceculture.fr/franceculture/podcasts/le-cours-de-l-histoire/femmes-au-foyer-histoire-d-un-travail-invisible-7731689,,,,5198aa43-7fe2-4299-9817-65dec3c1b33d_5
2021-06-18T07:06:05+00:00,1623999965,Réparer les soldats : une médecin auprès des gueules cassées ,"En 1918, pas moins de 15 000 soldats sortent de la guerre défigurés. Médecin, pionnière de la chirurgie, Suzanne Noël répare les visages et apporte un peu de réconfort à ces gueules cassées qui effraient les passants. ",https://www.franceculture.fr/franceculture/podcasts/le-cours-de-l-histoire/reparer-les-soldats-une-medecin-aupres-des-gueules-cassees-5727960,,,,511dc5b1-d88e-4128-8bf4-1d342517e49e_5
2021-06-21T07:06:05+00:00,1624259165,"Panthéon égyptien, quand les animaux étaient des dieux","Dans l'Égypte ancienne, hommes et animaux participent à l'équilibre cosmique : ibis, cobra, chat, ou chacal sont élevés au rang de divinité. 
Le panthéon pharaonique est-il une ménagerie ?",https://www.franceculture.fr/franceculture/podcasts/le-cours-de-l-histoire/pantheon-egyptien-quand-les-animaux-etaient-des-dieux-9198821,,,,fd3000c5-2c7a-4d79-8391-dbc1cdeae57c_5
2021-06-22T07:06:05+00:00,1624345565,"Licornes, dragons et manticores : morale du bestiaire médiéval ","Réels, imaginaires ou symboliques, l’omniprésence des animaux dans les sources médiévales est à la mesure de la place fondamentale qu’ils occupent dans la vie quotidienne de cette époque. ",https://www.franceculture.fr/franceculture/podcasts/le-cours-de-l-histoire/licornes-dragons-et-manticores-morale-du-bestiaire-medieval-2451950,,,,a3aa409d-1d11-411f-b098-e6620d0245c5_5
2021-06-23T07:06:05+00:00,1624431965,Les animaux sont-ils des gens comme les autres ? ,"La relation entre les hommes et les animaux est une histoire aux frontières mal définies. Au XVIIIe siècle, savants, philosophes et révolutionnaires repensent ce rapport, entre exploitation violente et domestication affectueuse. ",https://www.franceculture.fr/franceculture/podcasts/le-cours-de-l-histoire/les-animaux-sont-ils-des-gens-comme-les-autres-8822243,,,,7f9fc5b8-34fd-4c7d-b5e7-15f2be58081d_5
2021-06-24T07:06:05+00:00,1624518365,"Animal studies, ce que les animaux disent de nous","Depuis une quarantaine d’années, les animal studies s'emploient à comprendre la place qu’occupent les animaux dans nos sociétés. Une des caractéristiques de ce champ de recherche est son caractère pluridisciplinaire. De la domestication à l'élevage, les animaux ont une histoire. ",https://www.franceculture.fr/franceculture/podcasts/le-cours-de-l-histoire/animal-studies-ce-que-les-animaux-disent-de-nous-4145794,,,,7162acb7-06a8-4d2b-bab4-e9ba5096ba70_5
2021-06-25T07:06:05+00:00,1624604765,"Venise, ce n'est pas la taille qui compte","Union de coeur et d'intérêts, Venise est symboliquement mariée à la mer. Comment cette lagune inhospitalière prospère jusqu'à devenir la plaque tournante du commerce médiéval, entre Orient et Occident ?",https://www.franceculture.fr/franceculture/podcasts/le-cours-de-l-histoire/venise-ce-n-est-pas-la-taille-qui-compte-4001860,,,,9b49a70f-ab72-4621-a1ea-571b63aa7228_5
2021-06-28T07:06:25+00:00,1624863985,La Préhistoire n’aurait-elle que deux cents ans ?,"Le mot ""préhistoire"" a été forgé au XIXe siècle pour désigner le lointain passé des humains. Depuis, la connaissance de cette période ne cesse de s’affiner. La préhistoire en dit beaucoup de notre passé, mais aussi de ceux qui l'explorent.  
",https://www.franceculture.fr/franceculture/podcasts/le-cours-de-l-histoire/la-prehistoire-n-aurait-elle-que-deux-cents-ans-6397970,,,,77cc48e0-61c5-48e4-97fa-6fc2ed8189d2_5
2021-06-29T07:06:25+00:00,1624950385,"Plus on est d’Hominidés, plus on rit","Néandertaliens, Denisoviens, Homo erectus… Il y a 60 000 ans, Sapiens coexiste avec d'autres espèces humaines, certaines ne nous sont peut-être pas encore connues. La découverte de ces autres humanités nous interroge sur l’héritage légué par nos ancêtres et sur les raisons de notre survie.
",https://www.franceculture.fr/franceculture/podcasts/le-cours-de-l-histoire/plus-on-est-d-hominides-plus-on-rit-3303220,,,,dd410933-d03c-4e61-8499-72ece702d4d4_5
2021-06-30T07:06:05+00:00,1625036765,"Femmes préhistoriques, le silex fort !","Longtemps, les femmes préhistoriques étaient représentées telles les femmes au foyer de notre époque contemporaine, vaquant à leurs occupations domestiques tandis que l’homme chassait. Les rôles étaient-ils aussi genrés ? Quelle place avaient les femmes dans les sociétés préhistoriques ?  ",https://www.franceculture.fr/franceculture/podcasts/le-cours-de-l-histoire/femmes-prehistoriques-le-silex-fort-5207447,,,,aa909645-0934-4d24-99e2-fa3475b750b7_5
2021-07-01T07:06:05+00:00,1625123165,"Il était une fouille, l’art rupestre en Afrique","Berceau de l'humanité, l'Afrique peut s'enorgueillir de posséder un patrimoine archéologique exceptionnel, avec plus de 150 000 foyers d'art rupestre. Du Zimbabwe au Congo, depuis la Préhistoire et dans des temps plus récents, l'art rupestre africain est un trésor patrimonial. ",https://www.franceculture.fr/franceculture/podcasts/le-cours-de-l-histoire/il-etait-une-fouille-l-art-rupestre-en-afrique-8458163,,,,a29b1347-b911-42eb-9536-78de193eb3f7_5
2021-07-02T07:06:05+00:00,1625209565,Déambulation historique avec Georges Vigarello ,"La déambulation est une pratique qui se prête bien à l'examen de l'œuvre de Georges Vigarello, historien et philosophe, spécialiste de l'histoire de l'hygiène, de la santé, des pratiques corporelles et des représentations du corps. Avec notre invité, l'histoire prend corps. ",https://www.franceculture.fr/franceculture/podcasts/le-cours-de-l-histoire/deambulation-historique-avec-georges-vigarello-5754546,,,,84e19159-e706-4e94-aa24-94ae816de666_5
2021-08-30T07:06:30+00:00,1630307190,"Le patrimoine afghan, aussi riche que menacé","Les talibans ont détruit de nombreux trésors de l’histoire préislamique, traces de la diversité culturelle de l'Afghanistan. Alors qu'ils reprennent le pouvoir du pays, le spectre de ce désastre patrimonial s'agite. La préservation de l'histoire afghane millénaire est en jeu.",https://www.franceculture.fr/franceculture/podcasts/le-cours-de-l-histoire/le-patrimoine-afghan-aussi-riche-que-menace-5553876,,,,2051b127-7605-49ad-b1ea-dc1829e4d7de_5
2021-08-31T07:06:30+00:00,1630393590,"La Bactriane, rendez-vous en terre gréco-bouddhiste","Dans l'Antiquité, l'actuel territoire afghan fut le point de rencontre des mondes grecs et orientaux. Région vaste et prospère convoitée par les empires antiques, la Bactriane est le berceau d'une civilisation à l'identité culturelle unique.",https://www.franceculture.fr/franceculture/podcasts/le-cours-de-l-histoire/bactriane-rendez-vous-en-terre-greco-bouddhiste-2307037,,,,9ca212ad-a42b-4a21-941a-5082f3a1e938_5
2021-09-01T07:06:30+00:00,1630479990,"Le Grand Jeu, l’Afghanistan au cœur des convoitises","Au XIXe siècle, l'Angleterre victorienne et la Russie tsariste veulent étendre leur zone d'influence en Asie centrale. La terre d'Afghanistan résiste et se retrouve à la croisée des rivalités coloniales.",https://www.franceculture.fr/franceculture/podcasts/le-cours-de-l-histoire/le-grand-jeu-l-afghanistan-au-coeur-des-convoitises-6268330,,,,d450b489-fe4c-442c-835b-e5f0c5329f2d_5
2021-09-02T07:06:30+00:00,1630566390,"Afghanistan, des Soviétiques aux talibans","L'Afghanistan est souvent présenté comme le ""Vietnam de l'URSS"". De 1979 à 1989, les forces soviétiques et les rebelles afghans s'enfoncent dans une guerre longue d'une décennie.",https://www.franceculture.fr/franceculture/podcasts/le-cours-de-l-histoire/afghanistan-des-sovietiques-aux-talibans-8718485,,,,c150ed1c-f6ce-441e-90b2-c0496973d693_5
2021-09-03T07:06:30+00:00,1630652790,"Le manuscrit franciscain retrouvé, coulisses d’une enquête",Un manuscrit tenant dans la paume d'une main est découvert en 2014. La Bibliothèque nationale de France numérise les cent vingt-deux feuillets inédits et offre ainsi le codex à l'expertise internationale pour révéler ses secrets. Il aurait appartenu à un disciple de François d'Assise.,https://www.franceculture.fr/franceculture/podcasts/le-cours-de-l-histoire/le-manuscrit-franciscain-retrouve-coulisses-d-une-enquete-8416619,,,,974bd391-fcfb-4cbc-b44b-163fc2765ca5_5
2021-09-06T07:06:30+00:00,1630911990,Quand les Anciens abattent leurs cartes,"Imaginer le monde et se représenter la Terre n'est pas une évidence. Les cartes, atlas ou autres mappemondes n’ont pas toujours existé. Comment la cartographie s'est-elle développée de l'Antiquité au Moyen Âge ?",https://www.franceculture.fr/franceculture/podcasts/le-cours-de-l-histoire/quand-les-anciens-abattent-leurs-cartes-2653690,,,,abd98476-c7e9-429c-8c7b-f90ada773deb_5
2021-09-07T07:06:30+00:00,1630998390,"Hissez haut, les cartographes prennent le large","Vastes étendues porteuses de promesses et de dangers, les mers sont à la fois des espaces commerciaux et la voie vers un monde à explorer. À partir du XIIIe siècle, les navigateurs tracent des cartes marines et racontent leur monde. Cap sur le Moyen Âge et la Renaissance !",https://www.franceculture.fr/franceculture/podcasts/le-cours-de-l-histoire/hissez-haut-les-cartographes-prennent-le-large-5731761,,,,2f62f0cf-7b0e-48b7-be15-a77da2953db8_5
2021-09-08T07:06:30+00:00,1631084790,"La Société de Géographie, deux cents ans d’aventures","Élisée Reclus, Jules Verne, Anatole France... ces illustres personnages ont appartenu à la Société de Géographie, savante organisation fondée en 1821 pour porter les progrès de la géographie et encourager les découvertes. Retour sur deux cents ans d'histoire et d'aventures.",https://www.franceculture.fr/franceculture/podcasts/le-cours-de-l-histoire/la-societe-de-geographie-deux-cents-ans-d-aventures-3511724,,,,2b759d0d-e2b4-4533-a800-533834f9a961_5
2021-09-09T07:06:30+00:00,1631171190,Cartographier l’imaginaire,"En parallèle des cartes scientifiques, les cartographes développent une autre manière de représenter les espaces géographiques. Continent-visage, île-jambe, mer-chevelure... Quelle histoire racontent ces terres aux formes humaines et animales, du Moyen Âge à nos jours ?",https://www.franceculture.fr/franceculture/podcasts/le-cours-de-l-histoire/cartographier-l-imaginaire-3802147,,,,4bd7dfb8-5c76-4416-ae7b-5799fc004c69_5
2021-09-10T07:06:30+00:00,1631257590,"Abolition de la peine capitale, histoire d’un combat","Si elle ne fait plus débat aujourd'hui en France, l'abolition de la peine de mort était loin d'être une cause acquise quand Robert Badinter, alors ministre de la justice, la défendait devant les députés français le 17 septembre 1981. Retour sur l'histoire de la pensée abolitionniste.",https://www.franceculture.fr/franceculture/podcasts/le-cours-de-l-histoire/abolition-de-la-peine-capitale-histoire-d-un-combat-2215775,,,,d41dcef3-c235-4547-9c60-4ac43ff72a67_5
2021-09-13T07:06:05+00:00,1631516765,"À Rome, le culte impérial gravé dans le marbre","Au Ier siècle avant notre ère, les représentations de l’empereur Auguste, aux traits d'Apollon, fleurissent à travers le vaste empire romain. L'enjeu est de taille : diffuser l'idée du retour d'un âge d'or et fédérer l'empire derrière un seul homme. ",https://www.franceculture.fr/franceculture/podcasts/le-cours-de-l-histoire/a-rome-le-culte-imperial-grave-dans-le-marbre-3186109,,,,d88b8f37-b1c5-4ec2-82a0-bfdff663480a_5
2021-09-14T07:06:05+00:00,1631603165,"Graffitis, marquer les murs, marquer l’histoire","Entre les XVIe et XIXe siècles, artistes de grand nom, soldats et touristes anonymes ont creusé dessins et inscriptions au-dessous d’œuvres majeures à Rome. Acte de dégradation ou symbole d'adoration ? Comment interpréter ces graffitis ?",https://www.franceculture.fr/franceculture/podcasts/le-cours-de-l-histoire/graffitis-marquer-les-murs-marquer-l-histoire-6330331,,,,0144e9b4-6dca-4db9-bf95-02ee46a6d22f_5
2021-09-15T07:06:05+00:00,1631689565,"Les ruines, pierre angulaire de la ville","Murs écroulés, colonnes décrépites, pierres entassées. Au détour d'une rue, les ruines surgissent dans le paysage urbain, témoins de la survivance du passé. Fascination, appropriation, indifférence, comment les sociétés, de l'Antiquité au XIXe siècle, ont-elles pensé les ruines dans leurs villes ?",https://www.franceculture.fr/franceculture/podcasts/le-cours-de-l-histoire/les-ruines-pierre-angulaire-de-la-ville-5435538,,,,8c3dad37-fa91-4740-9aeb-df70a2ccc797_5
2021-09-16T07:06:05+00:00,1631775965,"Les plaques dans la ville, la mémoire au coin de la rue","Noms de rue ou plaques commémoratives, promenons-nous dans la ville de Paris à l'affût de ces inscriptions porteuses de mémoire.",https://www.franceculture.fr/franceculture/podcasts/le-cours-de-l-histoire/les-plaques-dans-la-ville-la-memoire-au-coin-de-la-rue-4557177,,,,4e1504a8-c1ae-4630-b4b9-5ce092b166d1_5
2021-09-17T07:06:05+00:00,1631862365,"Didier Daeninckx, fou d'histoire","Dans ses romans, l'écrivain Didier Daeninckx n'a de cesse de mêler faits historiques et fiction pour interroger le passé. Il revient sur son histoire familiale, terreau de son œuvre et de ses engagements.",https://www.franceculture.fr/franceculture/podcasts/le-cours-de-l-histoire/fou-d-histoire-didier-daeninckx-4576560,,,,b10a0fd4-ee29-4b4d-b813-85f11445e949_5
2021-09-20T07:06:05+00:00,1632121565,Le Moyen Âge était-il écolo ?,"Dès la Préhistoire, les hommes brûlent des plaines ou abattent des arbres pour créer des zones de culture. Alors que le christianisme et la féodalité se développent au Moyen Âge, une nouvelle perception de l'espace sauvage se met en place. Retour au temps médiéval entre moulte bestes et forests.",https://www.franceculture.fr/franceculture/podcasts/le-cours-de-l-histoire/le-moyen-age-etait-il-ecolo-1714467,,,,a6203a32-bfe4-455d-9c25-0ed4e00e21ed_5
2021-09-21T07:06:25+00:00,1632207985,"Les Lumières, le jeu de la nature et du progrès","Au lendemain de 1790, les révolutionnaires français ne badinent pas avec la nature. Ils veulent inventer un ordre harmonieux, où l’humain, le végétal et l’animal coexistent et réaliser l’idéal universel de la Révolution. Une écologie républicaine inspirée de la philosophie des Lumières.
",https://www.franceculture.fr/franceculture/podcasts/le-cours-de-l-histoire/les-lumieres-le-jeu-de-la-nature-et-du-progres-8946771,,,,d1047d66-aef4-43c4-9cde-df0e3289f182_5
2021-09-22T07:06:25+00:00,1632294385,"La forêt contre l’usine, les premiers combats environnementaux","Alors que l'Angleterre est en plein essor industriel au XIXe siècle, une conscience environnementale voit le jour pour préserver les paysages et lutter contre la pollution.",https://www.franceculture.fr/franceculture/podcasts/le-cours-de-l-histoire/la-foret-contre-l-usine-les-premiers-combats-environnementaux-2210119,,,,ccab0b0f-3e1c-444a-9b31-50a4adfa561c_5
2021-09-23T07:06:25+00:00,1632380785,Quand l'écologie devint parti,"En France, dans les années 1970, une multitude d'associations et d'initiatives locales alertent contre la crise écologique. Peu à peu, l'écologie gagne du terrain au niveau national et devient une affaire politique globale. Genèse d'un mouvement.",https://www.franceculture.fr/franceculture/podcasts/le-cours-de-l-histoire/quand-l-ecologie-devint-parti-5054554,,,,79c044f3-c946-4b3e-ba9e-10ca86baac68_5
2021-09-24T07:06:25+00:00,1632467185,"Sabine Weiss, ""folle"" d'histoire","Sabine Weiss a fait œuvre de photographe pour ""conserver l'éphémère, fixer le hasard et garder en image ce qui va disparaître."" Juste avant de disparaître, elle nous recevait chez elle à Paris. Rencontre avec celle dont les photographies font histoire.",https://www.franceculture.fr/franceculture/podcasts/le-cours-de-l-histoire/sabine-weiss-folle-d-histoire-8510291,,,,89d50560-d103-4692-ad83-e82b5bed4e65_5
2021-09-27T07:06:55+00:00,1632726415,"Quand la mode voit rouge, c’est la cochenille qui redémarre","Petit insecte servant à produire la couleur rouge, la cochenille mexicaine est un trésor du Nouveau Monde au XVIe siècle. Lointaine et difficile à fabriquer, elle devient un pigment de luxe pour la confection de vêtements nobles en Occident, au cœur de rivalités commerciales.",https://www.franceculture.fr/franceculture/podcasts/le-cours-de-l-histoire/quand-la-mode-voit-rouge-c-est-la-cochenille-qui-redemarre-8830335,,,,a1befb4d-735d-4328-a159-7b92372a8197_5
2021-09-28T07:06:55+00:00,1632812815,"Travailler en noir, une sombre histoire","Veston bleu-noir, uniforme gris foncé, costume ardoise. L'habillement professionnel apparaît à la fin du XIXe en même temps qu'il revêt des couleurs sombres. Il évoque à lui seul le sérieux, la discrétion, la décence et acquiert, très vite, une fonction de distinction sociale.",https://www.franceculture.fr/franceculture/podcasts/le-cours-de-l-histoire/travailler-en-noir-une-sombre-histoire-4140621,,,,0ad45391-7dfd-42cf-90cc-2b87226c3a0e_5
2021-09-29T07:06:55+00:00,1632899215,Allez le bleu ! les vêtements du pouvoir,"Attribut royal sous l'Ancien Régime, teinte de la Garde nationale puis symbole républicain, l'habit bleu acquiert une signification politique forte en France. La couleur devient emblème national et réussit à résister aux soubresauts politiques du XIXe siècle.",https://www.franceculture.fr/franceculture/podcasts/le-cours-de-l-histoire/allez-le-bleu-les-vetements-du-pouvoir-6896819,,,,d4021b04-c591-4ca3-b181-6d6e5ad2fdf1_5
2021-09-30T07:06:55+00:00,1632985615,"Tout de blanc vêtues, porter sa vertu","Marque d'humilité et de pureté dans la liturgie catholique, le blanc émeut, émerveille, rapproche du sublime et du sacré. Une panoplie de vêtements religieux qui imprègne peu à peu le monde profane.",https://www.franceculture.fr/franceculture/podcasts/le-cours-de-l-histoire/tout-de-blanc-vetues-porter-sa-vertu-9138000,,,,ec54abaf-8859-485e-a712-13e3da89a663_5
2021-10-01T07:06:55+00:00,1633072015,"Bruno Solo, fou d'histoire","À l'écran ou sur les planches, Bruno Solo a incarné Pierre Mendès France et Napoléon. À la ville, il se passionne pour Garibaldi ou Stefan Zweig. Le comédien remonte le fil de ses souvenirs pour raconter son goût de l'histoire et de sa transmission. ",https://www.franceculture.fr/franceculture/podcasts/le-cours-de-l-histoire/fou-d-histoire-bruno-solo-1026903,,,,08f384c4-11d6-438c-8ce9-ced96fca83c2_5
2021-10-04T07:06:55+00:00,1633331215,La paresse est-elle l’oreiller du diable ?,"Critique morale ou revendication politique, l'idée de paresse occupe autant les communautés monastiques médiévales, les humanistes de la Renaissance que les penseurs révolutionnaires du prolétariat. Regarder la paresse à travers les siècles révèle comment les hommes et les femmes ordonnent le temps.",https://www.franceculture.fr/franceculture/podcasts/le-cours-de-l-histoire/la-paresse-est-elle-l-oreiller-du-diable-4984148,,,,eee85297-3c9a-453f-b35a-6684a6e31202_5
2021-10-05T07:06:55+00:00,1633417615,Et le salariat créa le chômage,"À la fin du XIXe siècle, le droit et la science statistique inventent une nouvelle catégorie sociale : le chômage. La manière de dénombrer les populations actives et inactives marque un tournant dans l'histoire du travail et devient un enjeu politique.",https://www.franceculture.fr/franceculture/podcasts/le-cours-de-l-histoire/et-le-salariat-crea-le-chomage-7103386,,,,64e2ffdd-febf-4c70-b15d-365fbb8629e1_5
2021-10-06T07:06:55+00:00,1633504015,"Histoire de la grève, débrayer pour mieux travailler","Valorisation des salaires, sécurité des ouvriers, réduction du temps de travail, les mouvements ouvriers se saisissent de la grève comme outil révolutionnaire pour protester contre une organisation du travail oppressante, affirmer un contrepouvoir et renverser le système capitaliste.",https://www.franceculture.fr/franceculture/podcasts/le-cours-de-l-histoire/histoire-de-la-greve-debrayer-pour-mieux-travailler-9669218,,,,80cf20e2-ac36-4c3f-8beb-22f3c9a332e9_5
2021-10-07T07:06:55+00:00,1633590415,"Ce jour-là, même Dieu se reposa","Jour sanctifié par le christianisme, le dimanche est traditionnellement consacré au recueillement pieux. À partir du XVIIIe siècle, le jour du Seigneur laisse progressivement place à de nouvelles activités dominicales. ",https://www.franceculture.fr/franceculture/podcasts/le-cours-de-l-histoire/ce-jour-la-meme-dieu-se-reposa-8608075,,,,4d91181a-01f4-46dd-b75c-e54fef20304b_5
2021-10-08T07:06:05+00:00,1633676765,Histoires connectées : des fixeurs au Moyen Âge à la France d’ici et d’ailleurs,"En direct des Rendez-vous de l'histoire de Blois, partons à la découverte des fixeurs au Moyen Âge, ces hommes et femmes invisibles, mais essentiels, de l'histoire. Puis démultiplions les échelles et les perspectives pour regarder la France et son histoire dans un espace mondialisé.",https://www.franceculture.fr/franceculture/podcasts/le-cours-de-l-histoire/l-histoire-au-grand-large-emission-speciale-aux-rendez-vous-de-l-histoire-de-blois-4606071,,,,717688d6-59e5-4fd5-8fd3-726504e19125_5
2021-10-11T07:07:00+00:00,1633936020,Qui étaient les massacreurs de la Saint-Barthélemy ?,"Fin août 1572, à Paris puis dans les provinces de France, des voisins tuent leurs voisins tandis que d'autres poursuivent leur routine dans l'indifférence. Si le massacre de la Saint-Barthélemy n'a pas été prémédité, il est rendu possible par des années de préparation aux gestes de persécution.",https://www.franceculture.fr/franceculture/podcasts/le-cours-de-l-histoire/qui-etaient-les-massacreurs-de-la-saint-barthelemy-3307572,,,,7e0adcdd-5d5d-44a4-8bd4-5cb5b7c6bbde_5
2021-10-12T07:06:55+00:00,1634022415,Il était deux fois... les croisades,"À l'appel du pape Urbain II en 1095, les pèlerins s'arment et partent reconquérir la Terre sainte. Si trois siècles de croisades s'enchaînent, ces dernières ne se limitent pas à l'affrontement entre croisés et musulmans du Levant et s'étendent sur d'autres fronts européens. ",https://www.franceculture.fr/franceculture/podcasts/le-cours-de-l-histoire/il-etait-deux-fois-les-croisades-8116040,,,,06da9094-9927-4bb0-b9f8-71e2d0024909_5
2021-10-13T07:06:55+00:00,1634108815,"Pogroms en Russie, quand la persécution des Juifs devient une habitude","La persécution des populations juives dans l'Empire russe prend une forme particulièrement violente et massive à la fin du 19e siècle avec les pogroms. Les massacres, d'abord commis par les populations voisines et tolérés par le pouvoir, s'intensifient au tournant du 20e siècle.",https://www.franceculture.fr/franceculture/podcasts/le-cours-de-l-histoire/pogroms-en-russie-quand-la-persecution-des-juifs-devient-une-habitude-4935966,,,,43e85e39-0ae3-40e5-897f-c0ddfb4d2baf_5
2021-10-14T07:06:55+00:00,1634195215,"Grande Guerre, le djihad au service de l’Allemagne ?","Quelques mois après le déclenchement de la Première Guerre mondiale, l'Empire ottoman, allié de l'Allemagne, lance un appel au djihad. Pour comprendre l'histoire de la guerre spirituelle, remontons le temps jusqu'à l'émergence de la théorie du djihad au Moyen Âge et interrogeons les textes sacrés.",https://www.franceculture.fr/franceculture/podcasts/le-cours-de-l-histoire/grande-guerre-le-djihad-au-service-de-l-allemagne-7334559,,,,fa2e881f-4400-4e22-a42d-2ca4ac721b2d_5
2021-10-15T07:06:55+00:00,1634281615,"Léonora Miano, ""folle"" d'histoire","Née au Cameroun, Léonora Miano interroge l'histoire en mêlant les genres littéraires. De la traite transatlantique à l'utopie post-raciale, elle travaille sans relâche à comprendre et mettre au jour l'histoire mal ou méconnue du continent africain.",https://www.franceculture.fr/franceculture/podcasts/le-cours-de-l-histoire/fou-folle-d-histoire-leonora-miano-7293325,,,,d37cdd5a-323b-4c3a-a63f-b2464063f1fb_5
2021-10-18T07:06:55+00:00,1634540815,"L’Antiquité, aux sources de La Fontaine","Haut représentant de la fable dans la Grèce antique, Ésope mène une vie surprenante et acquiert le rang de légende. Les fables dites ésopiennes traversent les siècles, éduquent les grands princes et inspirent Jean de la Fontaine.",https://www.franceculture.fr/franceculture/podcasts/le-cours-de-l-histoire/l-antiquite-aux-sources-de-la-fontaine-9426653,,,,eac07bf9-aeb1-47d3-93b1-6fc5bacc4d88_5
2021-10-19T07:06:55+00:00,1634627215,Les courtisans et le fabuliste,"Ancien protégé du fastueux mécène Nicolas Fouquet, Jean de La Fontaine, s'il connaît la consécration dans sa carrière poétique, vit également un déclassement social et ne réussit pas à intégrer les services du Roi Soleil.",https://www.franceculture.fr/franceculture/podcasts/le-cours-de-l-histoire/les-courtisans-et-le-fabuliste-6131970,,,,9dcdfbca-632c-48cd-a601-c74e1af87f58_5
2021-10-20T07:06:55+00:00,1634713615,"La Fontaine libertin, un homme affable",Jean de La Fontaine n'échappe pas à la vague de libertinage qui se développe en France au XVIIe siècle. Libre-pensée et esprit de débauche imprègnent les contes du poète mondain au cœur d'un phénomène de société. ,https://www.franceculture.fr/franceculture/podcasts/le-cours-de-l-histoire/la-fontaine-libertin-un-homme-affable-5529494,,,,0ec30c34-17e7-4ee7-98f1-586d81e3b48f_5
2021-10-22T07:06:55+00:00,1634886415,"Tony Gatlif, fou d'histoire","Né d’un père kabyle et d’une mère gitane d’origine andalouse, le cinéaste Tony Gatlif a grandi dans un bidonville algérois. Inlassablement, ses films témoignent de l’histoire méconnue du peuple Rom. Comment transmettre une histoire encore pleine de mystères et de silences ? ",https://www.franceculture.fr/franceculture/podcasts/le-cours-de-l-histoire/fou-d-histoire-tony-gatlif-8484433,,,,464a02dd-9cce-4822-b2e2-ca2dacd36293_5
2021-10-25T07:06:45+00:00,1635145605,Fantômes d’ici et d’ailleurs,"Apparitions spectrales aux significations ambiguës et plurielles, les fantômes hantent hommes et femmes par-delà les continents et les cultures. Des yōkai japonais aux dorlis afro-caribéens, panorama des représentations de cette figure surnaturelle.",https://www.franceculture.fr/franceculture/podcasts/le-cours-de-l-histoire/fantomes-d-ici-et-d-ailleurs-3674189,,,,82582fff-efcf-46a0-a14f-63662f105536_5
2021-10-26T07:06:45+00:00,1635232005,Le fantôme qui murmurait à l’oreille du Roi-Soleil,"Au printemps 1697, une mystérieuse entrevue se tient entre Louis XIV et un maréchal-ferrant. Ce dernier porte le message d'un fantôme, adressé au Roi-Soleil. Dans le sillage du prophétisme royal, ce fait divers éclaire sur la culture du surnaturel à l'œuvre dans la France du XVIIe siècle.",https://www.franceculture.fr/franceculture/podcasts/le-cours-de-l-histoire/le-fantome-qui-murmurait-a-l-oreille-du-roi-soleil-1485314,,,,bbf1aa56-7371-4ac9-a1e9-27916e6e5b3e_5
2021-10-27T07:06:45+00:00,1635318405,Esprit es-tu là ? Quand le XIXe siècle fait tourner les tables,"Communiquer avec les esprits est une pratique en vogue dans la seconde moitié du XIXe siècle. Le spiritisme fleurit aux États-Unis et en Europe, comme une nouvelle voie de compréhension d'un monde en proie à de nombreux bouleversements et mutations.",https://www.franceculture.fr/franceculture/podcasts/le-cours-de-l-histoire/esprit-es-tu-la-quand-le-xixe-siecle-fait-tourner-les-tables-7670731,,,,f381b572-7686-4927-90f5-484fa57fad6b_5
2021-10-28T07:06:45+00:00,1635404805,"Maisons hantées, histoire des fantômes à domicile","Portes qui claquent, parquet grinçant, courant d'air glacé... le motif de la maison hantée peuple les imaginaires comme un révélateur des peurs et des inquiétudes du temps. Panorama des figures spectrales revenues hanter les vivants,  du XVIe siècle à nos jours.",https://www.franceculture.fr/franceculture/podcasts/le-cours-de-l-histoire/maisons-hantees-histoire-des-fantomes-a-domicile-9284858,,,,77a7499b-d92c-4121-aeac-16e9b859b971_5
2021-10-29T07:06:45+00:00,1635491205,Comment l'école fabrique-t-elle les classiques ?,"En 2021, les écoliers français ont reçu un fablier de Jean de La Fontaine. Aux côtés de Molière, Victor Hugo, Colette ou encore Maurice Carême, le poète compte parmi les auteurs favoris de l'école républicaine. Inspection du répertoire scolaire à la découverte de la fabrique des « classiques ».",https://www.franceculture.fr/franceculture/podcasts/le-cours-de-l-histoire/comment-l-ecole-fabrique-les-classiques-1680111,,,,3e55e1db-6676-439b-8f3a-70abb1ff1ec2_5
2021-11-02T08:06:45+00:00,1635840405,"Pétain, le mythe du sauveur","Chansons, livres scolaires, affiches... l'image du maréchal Pétain en habit militaire, héros de la Première Guerre mondiale et homme providentiel, inonde la France de juin 1940. Retour sur la fabrication d'un mythe qui conduisit les deux Chambres à confier au maréchal Pétain les pleins pouvoirs.",https://www.franceculture.fr/franceculture/podcasts/le-cours-de-l-histoire/petain-le-mythe-du-sauveur-4328312,,,,ae26a191-dac8-4d91-8beb-9af1bb2f07c3_5
2021-11-03T08:06:45+00:00,1635926805,"Pétain, acteur de la Solution finale","Dès l’été 1940, le régime du maréchal Pétain impulse une politique antisémite. Retour sur le choix de la collaboration et la contribution active du régime aux déportations massives décidées par les nazis.
",https://www.franceculture.fr/franceculture/podcasts/le-cours-de-l-histoire/petain-acteur-de-la-solution-finale-3096569,,,,0726f2cb-a7b3-441a-83e4-a7639b382ee7_5
2021-11-04T08:06:45+00:00,1636013205,Pétain après Pétain,"Tandis que Philippe Pétain est reconnu coupable d’intelligence avec l’ennemi et de haute trahison en 1945, des collaborationnistes s'immiscent dans le paysage politique français. Parallèlement, des thèses négationnistes instrumentalisent l'héritage de Pétain et servent une idéologie complotiste.",https://www.franceculture.fr/franceculture/podcasts/le-cours-de-l-histoire/petain-apres-petain-9648418,,,,ae9ff03b-fb10-4e92-8698-bf9be0313f30_5
2021-11-05T08:06:45+00:00,1636099605,Esprits révoltés : Frantz Fanon et Édouard Glissant,"Regards croisés sur la trajectoire, l'engagement et la lutte de deux penseurs de la décolonisation, Frantz Fanon et Édouard Glissant.",https://www.franceculture.fr/franceculture/podcasts/le-cours-de-l-histoire/esprits-revoltes-frantz-fanon-et-edouard-glissant-6989260,,,,6886a42b-e464-44c2-acd6-a14c97a4b3c0_5
2021-11-08T08:06:45+00:00,1636358805,"Hongrie, terminus pour les Magyars de l’Est","De nos jours, la période médiévale est perçue comme un âge d'or par le récit national hongrois. Décryptage de l'Europe centrale au Moyen Âge, entre conquête magyare, christianisation et invasion des Mongols. ",https://www.franceculture.fr/franceculture/podcasts/le-cours-de-l-histoire/hongrie-terminus-pour-les-magyars-de-l-est-3431575,,,,c631f6f7-02e7-46bc-af4b-c4f82d971ef2_5
2021-11-09T08:06:45+00:00,1636445205,"La Hongrie ottomane, entre Orient et Occident","En 1526, la Hongrie s'incline face à l'Empire ottoman lors de la bataille de Mohács. Les villes de Buda et Pest, sur les deux rives du Danube, se trouvent à la croisée de deux mondes, l'Orient et l'Occident.",https://www.franceculture.fr/franceculture/podcasts/le-cours-de-l-histoire/la-hongrie-ottomane-entre-orient-et-occident-9686502,,,,1204e6fa-ca1d-41c8-9ff9-18caa7b9084d_5
2021-11-10T08:06:45+00:00,1636531605,"Au sein de l’Empire austro-hongrois, la Grande Hongrie","Le souvenir de la Grande Hongrie du XIXe siècle est un ferment de l'identité nationale hongroise. Affirmation d'une nation au cœur d'un empire, le rêve de grandeur touche à sa fin au sortir de la Première Guerre mondiale.",https://www.franceculture.fr/franceculture/podcasts/le-cours-de-l-histoire/au-sein-de-l-empire-austro-hongrois-la-grande-hongrie-3697783,,,,1ce1c7d6-b352-4571-a838-7fa82bb4f1aa_5
2021-11-11T08:06:45+00:00,1636618005,"Budapest 1956, briser le bloc","Le 23 octobre 1956, en l’espace d’une nuit, des manifestations étudiantes à Budapest se transforment en une véritable révolution populaire. Violemment réprimée par les forces soviétiques, cette révolte laisse un souvenir vif dans la mémoire hongroise.",https://www.franceculture.fr/franceculture/podcasts/le-cours-de-l-histoire/budapest-1956-briser-le-bloc-4035542,,,,740f85f5-a63a-477d-9b96-73ac38d25d2f_5
2021-11-12T08:07:00+00:00,1636704420,Déambulation historique avec Robert Darnton,"Tout au long de ses recherches, Robert Darnton s'est dévoué à faire l'histoire du livre sous l'Ancien Régime. De la matérialité de l'objet aux pensées qu'il véhicule, l'historien éclaire de ses lumières le pouvoir du livre à l'époque prérévolutionnaire.",https://www.franceculture.fr/franceculture/podcasts/le-cours-de-l-histoire/deambulation-historique-avec-robert-darnton-1584658,,,,f75ac472-5c92-4895-be04-b021160e2866_5
2021-11-15T08:06:45+00:00,1636963605,"Artemisia Gentileschi, une femme dans l’histoire de l’art","Peintre baroque du XVIIe siècle au style original et à la carrière ambitieuse, Artemisia Gentileschi s’est imposée comme une des artistes majeures de sa génération malgré un milieu très masculin.",https://www.franceculture.fr/franceculture/podcasts/le-cours-de-l-histoire/artemisia-gentileschi-une-femme-dans-l-histoire-de-l-art-4802018,,,,6b78447a-bdd6-436c-9c0e-962d81bca050_5
2021-11-16T08:06:45+00:00,1637050005,"Camille Claudel, de l’atelier à l’asile","Sculptrice avant-gardiste dont la créativité a ébranlé les normes, Camille Claudel évoque l'image mythifiée d'une artiste au destin tragique qu'il convient d'interroger au regard d'une histoire des genres.",https://www.franceculture.fr/franceculture/podcasts/le-cours-de-l-histoire/camille-claudel-de-l-atelier-a-l-asile-7548105,"Camille Claudel, de l’atelier à l’asile",https://proxycast.radiofrance.fr/1088e5dc-c0f3-4e75-83a4-badfeab6e1a8/10076-31.01.2026-ITEMA_24392342-2021C36128S0320-NET_MFC_D09E350A-1643-43BF-8692-2931C0F78D35-21-eb1e0a2382804d01a7bd0a7d4a23ff52.mp3?project=c9985698-c0ee-4af3-b0ed-f1a8c7c2d4cd,https://embed.radiofrance.fr/franceculture/player?id_diffusion=c31bbe83-c0bc-49c8-94df-38d0ceb11cd4,c31bbe83-c0bc-49c8-94df-38d0ceb11cd4_5
2021-11-17T08:06:45+00:00,1637136405,"Alice Guy, une réalisatrice laissée hors champ","Premier film de fiction, premier péplum, premier making-of... la réalisatrice Alice Guy est à l'initiative de nombreuses innovations dans l'histoire du cinéma. Elle a pourtant été oubliée pendant plusieurs décennies, avant une réhabilitation progressive à partir des années 1960.",https://www.franceculture.fr/franceculture/podcasts/le-cours-de-l-histoire/alice-guy-une-realisatrice-laissee-hors-champ-7739098,,,,0ab5c8d2-e2d8-4275-9a7b-ef2ebbd747ad_5
2021-11-18T08:06:45+00:00,1637222805,Anni Albers. Tisse ! Prouve que tu existes,"Étudiante du Bauhaus attirée par la peinture et le vitrail, Anni Albers est orientée automatiquement vers l'atelier de tissage, comme toutes les femmes de l'école. Elle révèle alors la dimension résolument moderne de l'art textile et fait évoluer le regard porté sur ce genre artistique.",https://www.franceculture.fr/franceculture/podcasts/le-cours-de-l-histoire/anni-albers-tisse-prouve-que-tu-existes-9794776,,,,77ca7870-f2b1-45d8-ad32-7d37bc5bc110_5
2021-11-19T08:06:45+00:00,1637309205,"Macha Méril, ""folle"" d'histoire","Révolution russe, Nouvelle Vague, Mai 68... la trajectoire personnelle de Macha Méril croise des épisodes majeurs du XXe siècle. L'actrice, comédienne et romancière nous raconte comment et pourquoi elle s'intéresse à l'histoire.",https://www.franceculture.fr/franceculture/podcasts/le-cours-de-l-histoire/fou-folle-d-histoire-macha-meril-3798772,,,,4407b440-e57e-4ec3-a92f-f1773c25d5ef_5
2021-11-22T08:06:45+00:00,1637568405,"Archéologie sonore, écouter les sons du passé","Faire l'histoire des paysages sonores, c'est proposer une approche sensible et immersive des époques passées. De la Rome antique au Paris des Lumières, quels bruits peuplaient le quotidien des hommes et des femmes d'antan ?",https://www.franceculture.fr/franceculture/podcasts/le-cours-de-l-histoire/archeologie-sonore-ecouter-les-sons-du-passe-3462720,,,,cdfcb500-6d28-4458-8e10-a415b2c92edc_5
2021-11-23T08:06:45+00:00,1637654805,"À vous les studios, une histoire de la radio","Le 24 décembre 1921, Radio Tour Eiffel émettait la première émission destinée à un public. La radio devient un rituel familial où l'on se retrouve autour du poste. L'arrivée du transistor permet ensuite une écoute plus mobile et individuelle. Près d'un siècle de pratiques radiophoniques à décrypter.",https://www.franceculture.fr/franceculture/podcasts/le-cours-de-l-histoire/a-vous-les-studios-une-histoire-de-la-radio-5593918,,,,f3d999fe-7a19-4d5d-857f-5fa48cb66596_5
2021-11-24T08:06:45+00:00,1637741205,"Rouge micro, des voix dans la nuit","La radio la nuit a une tonalité bien particulière, propre au temps de l'intime et du rêve. Les programmes nocturnes font voyager les auditeurs et auditrices dans un univers à part et accompagnent insomniaques, travailleurs de nuit et autres ""sans sommeil"" dans la traversée de la nuit.",https://www.franceculture.fr/franceculture/podcasts/le-cours-de-l-histoire/rouge-micro-des-voix-dans-la-nuit-2975064,,,,335ca6b2-4016-44ff-9e93-383a13c6e645_5
2021-11-25T08:06:45+00:00,1637827605,"Les voix du passé, du microsillon aux archives sonores","Cylindre, vinyle, audiocassette... L'histoire du son et de la radio s'articule à celle des inventions techniques. Se pose aussi la question de ce que l'on souhaite enregistrer, diffuser, graver et finalement conserver pour la postérité.",https://www.franceculture.fr/franceculture/podcasts/le-cours-de-l-histoire/les-voix-du-passe-du-microsillon-aux-archives-sonores-5648157,,,,c5e003aa-1551-4b80-b6bc-2d407b705711_5
2021-11-26T08:06:45+00:00,1637914005,"Mahamat-Saleh Haroun, fou d'histoire","La trajectoire familiale de Mahamat-Saleh Haroun a scellé son intérêt pour l'histoire. Né au Tchad au lendemain de la décolonisation, le cinéaste nous raconte comment son goût de l'histoire s'est éveillé.",https://www.franceculture.fr/franceculture/podcasts/le-cours-de-l-histoire/fou-d-histoire-mahamat-saleh-haroun-3194104,,,,1a3a181c-8188-44ab-88cd-23679e45af27_5
2021-11-29T08:06:45+00:00,1638173205,"Comment vivre ensemble, comment vivre avec soi ? (1ère partie)","Sommes-nous au bord de la guerre civile ? Vivons-nous en dictature ? Le consentement est-il devenu la norme ? Historiens, historiennes et philosophes répondent à ces questions dans une émission spéciale animée avec Les Chemins de la philosophie pour ""Et maintenant ? Le festival des idées de demain"".",https://www.franceculture.fr/franceculture/podcasts/le-cours-de-l-histoire/et-maintenant-comment-vivre-ensemble-comment-vivre-avec-soi-5391239,,,,e2c318b3-6e20-48e8-a4b8-ed33f942fa66_5
2021-11-30T08:06:45+00:00,1638259605,"Donjons et espions, épier au Moyen Âge","Marchand, ambassadeur, moine, femme du peuple... un bon espion (ou une bonne espionne) au Moyen Âge n'en a pas l'habit. Alors que la guerre de Cent Ans se joue sur les champs de bataille, une lutte d'influence s'opère également dans l'ombre.",https://www.franceculture.fr/franceculture/podcasts/le-cours-de-l-histoire/donjons-et-espions-epier-au-moyen-age-2912048,,,,37fef2fb-7516-47b2-8ca3-61a5b5910f4c_5
2021-12-01T08:06:45+00:00,1638346005,"Au service de sa Majesté, chevaliers espions","L'espionnage prend une tournure inédite au siècle des Lumières avec l'émergence de la diplomatie européenne et les avancées technologiques. La pratique du renseignement se structure avec les réseaux d'espionnages, comme celui de Louis XV, le Secret du Roi.",https://www.franceculture.fr/franceculture/podcasts/le-cours-de-l-histoire/au-service-de-sa-majeste-chevaliers-espions-4137010,,,,524543d5-f51e-4efb-81d0-5017ae68dc39_5
2021-12-02T08:06:45+00:00,1638432405,"Affrontement Est-Ouest : la guerre est froide, les espions sont chauds","CIA à l'Ouest, KGB à l'Est. L'image d'espions opérant sous couverture pour le compte des puissances des deux blocs peuple notre imaginaire historique. Quel rôle ces agents de l'ombre ont-ils joué pendant la guerre froide ?",https://www.franceculture.fr/franceculture/podcasts/le-cours-de-l-histoire/affrontement-est-ouest-la-guerre-est-froide-les-espions-sont-chauds-3068759,,,,387e3b94-316e-40df-becc-63fd7729912d_5
2021-12-03T08:06:45+00:00,1638518805,Les espions de l'Armée des ombres,"Collecte de renseignements, intoxication des informations allemandes, recrutement d'agents doubles : l'espionnage dans la France sous occupation allemande revêt une tournure collective et protéiforme.",https://www.franceculture.fr/franceculture/podcasts/le-cours-de-l-histoire/les-espions-de-l-armee-des-ombres-5569482,,,,b3cde6d1-1401-442b-9290-dd52c6622dd3_5
2021-12-06T08:06:45+00:00,1638778005,"Les épopées homériques, cheval de Troie historique ?","L’Iliade et L’Odyssée. Le premier raconte un épisode de la guerre de Troie. L’autre les dix ans de périple d’Ulysse pour retourner à Ithaque. Quelle est la part de mythe et de réalité de ces deux épopées antiques ? Homère, le poète aveugle, a-t-il seulement existé ?",https://www.franceculture.fr/franceculture/podcasts/le-cours-de-l-histoire/les-epopees-homeriques-cheval-de-troie-historique-4326209,,,,c55604f8-7db4-425e-9c65-d343a46519a5_5
2021-12-07T08:06:45+00:00,1638864405,"Shakespeare, au théâtre de l’histoire","Avec ses pièces historiques, William Shakespeare couvre près d'un siècle d'histoire anglaise. Fin de la royauté médiévale, reconstruction politique, guerre des Deux-Roses, le dramaturge peint une fresque sanglante du passé pour mieux glorifier le temps présent.",https://www.franceculture.fr/franceculture/podcasts/le-cours-de-l-histoire/shakespeare-au-theatre-de-l-histoire-4694835,,,,2e44c710-ec05-481f-b5d7-869fcec3a6d5_5
2021-12-08T08:06:45+00:00,1638950805,"Père Dumas, raconte-nous l’histoire","Parus sous forme de feuilleton dans la presse à grand tirage, les romans historiques d'Alexandre Dumas passionnent des milliers de lecteurs. L'écrivain prolifique fait de la restitution historique un puissant vecteur de diffusion de ses idées.",https://www.franceculture.fr/franceculture/podcasts/le-cours-de-l-histoire/pere-dumas-raconte-nous-l-histoire-3142282,,,,2f906a2e-ec4a-43ff-9494-c389485f4d6b_5
2021-12-09T08:06:45+00:00,1639037205,"Grandes sagas historiques, dans le sillage des Rois maudits","Les Rois maudits, fresque historique en sept volumes de Maurice Druon, a passionné (et passionne encore) les lecteurs et lectrices grâce à son savant mélange de personnages historiques, éléments légendaires et intrigue romanesque dans un décor médiéval. La fiction devient alors vecteur d'histoire.",https://www.franceculture.fr/franceculture/podcasts/le-cours-de-l-histoire/grandes-sagas-historiques-dans-le-sillage-des-rois-maudits-6635940,,,,d6880e11-a6a9-4a20-bb09-143e3525565f_5
2021-12-10T08:06:45+00:00,1639123605,"Paris, XIXe siècle. Une capitale au pluriel","Au XIXe siècle, Paris connaît de nombreuses mutations au gré des changements de régime, de l'essor de l'industrialisation, de la croissance démographique et des élans révolutionnaires. La capitale atteint, dans ce siècle mouvant, l'acmé de son influence politique, culturelle et symbolique.",https://www.franceculture.fr/franceculture/podcasts/le-cours-de-l-histoire/paris-xixe-siecle-une-capitale-au-pluriel-7461260,,,,6bc220b0-9f25-4a7a-a0e7-5a527ac54c63_5
2021-12-13T08:06:45+00:00,1639382805,Arrête ton char ! Les premières fissures du bloc soviétique,"Insurrection de Budapest en 1956, Printemps de Prague en 1968, création de Solidarnosc en Pologne en 1980. Les tentatives pour réformer le système communiste font trembler le bloc soviétique. Est-il pertinent d'y lire les signes annonciateurs de la dislocation de l'URSS ?",https://www.franceculture.fr/franceculture/podcasts/le-cours-de-l-histoire/arrete-ton-char-les-premieres-fissures-du-bloc-sovietique-4132944,,,,5c2a4522-3c4d-408c-bc96-e243b4c43482_5
2021-12-14T08:06:45+00:00,1639469205,Tchernobyl a-t-il fait exploser l’URSS ?,"La catastrophe nucléaire de Tchernobyl survenue le 26 avril 1986 révèle les failles du système soviétique basé sur le secret et la bureaucratie. En réaction, Mikhaïl Gorbatchev promeut une campagne de ""transparence"" (glasnost) et de réforme économique (la perestroïka).",https://www.franceculture.fr/franceculture/podcasts/le-cours-de-l-histoire/tchernobyl-a-t-il-fait-exploser-l-urss-3072831,,,,38ec45f3-7f05-4bc8-ac50-502fc922f129_5
2021-12-15T08:06:45+00:00,1639555605,Debout les peuples de l’URSS ! Les républiques s'émancipent,"Élections libres en Pologne, révolution de velours à Prague, brèches dans le rideau de fer... Le fond de l’air est à la contestation dans le bloc soviétique, en 1989. L'année suivante, les quinze républiques soviétiques déclarent tour à tour leur indépendance et précipitent la chute de l'URSS.",https://www.franceculture.fr/franceculture/podcasts/le-cours-de-l-histoire/debout-les-peuples-de-l-urss-les-republiques-s-emancipent-7566688,,,,c82e811b-bf13-4aec-a658-426915f16bd0_5
2021-12-16T08:06:45+00:00,1639642005,"1991, l'URSS effondrée ?","Idéologie anachronique, régime autoritaire irréformable, pression du rival occidental : les explications de la chute de l'URSS, près de soixante-dix ans après son édification, sont multiples. Quels vestiges du régime soviétique reste-t-il dans la Russie d’aujourd’hui ?",https://www.franceculture.fr/franceculture/podcasts/le-cours-de-l-histoire/1991-l-urss-effondree-5844520,,,,30bfd110-862e-43b0-91ef-c935979539ef_5
2021-12-17T08:06:45+00:00,1639728405,"Louis-Sampion Bouglione, fou d'histoire","Son nom évoque immédiatement une dynastie du spectacle et le Cirque d'Hiver qu'elle dirige. Outre son illustre ascendance, Louis-Sampion Bouglione est un fou d'histoire. Il collectionne notamment les objets et uniformes de l'Empire (et du Second) et se passionne pour le Maréchal Murat.",https://www.franceculture.fr/franceculture/podcasts/le-cours-de-l-histoire/louis-sampion-bouglione-fou-d-histoire-4908147,,,,76abb7f6-c517-4a07-af47-69472934455d_5
2021-12-20T08:06:45+00:00,1639987605,"Je voudrais déjà être roi, l’éducation des petits princes","De la cour des Valois à celle des Bourbons, l'éducation des jeunes princes est une préoccupation majeure à partir de la Renaissance. Il s'agit de déterminer les savoirs, utiles à la vie civique, que doivent acquérir les futurs gouvernants.",https://www.franceculture.fr/franceculture/podcasts/le-cours-de-l-histoire/je-voudrais-deja-etre-roi-l-education-des-petits-princes-5416220,,,,db8f7641-756b-451b-99f3-11545082144b_5
2021-12-21T08:06:45+00:00,1640074005,"Enfants de troupe, enfants en guerre","L'écho de la Révolution française et du mythe de l'enfant-héros est prégnant au XIXe siècle. Des guerres napoléoniennes à la Première Guerre mondiale, quelle est la place accordée aux enfants dans la sphère militaire et quelles motivations se cachent derrière l'enrôlement des jeunes combattants ?",https://www.franceculture.fr/franceculture/podcasts/le-cours-de-l-histoire/enfants-de-troupe-enfants-en-guerre-7325477,,,,27e541e8-fef0-4e5a-8dbb-8b13bdbfc6be_5
2021-12-22T08:06:45+00:00,1640160405,La croisade des enfants a-t-elle eu lieu ?,"Dans la société médiévale, l’enfant est particulièrement proche du sacré. En 1212, deux croisades d’enfants s’élancent vers la Terre Sainte. Entre mythe et réalité, comment interpréter ces processions ?",https://www.franceculture.fr/franceculture/podcasts/le-cours-de-l-histoire/la-croisade-des-enfants-a-t-elle-eu-lieu-3148721,,,,6249add1-0348-4e5d-88ba-c31c073b8ae0_5
2021-12-23T08:06:45+00:00,1640246805,Toujours prêt ! Une histoire du scoutisme,"Né au début du XXe siècle, le scoutisme devient un mouvement de formation pour la jeunesse massif qui valorise la débrouillardise, l'entraide et la coopération. Tout d'abord d'initiative religieuse, le scoutisme développe des formes non-chrétiennes, avec toujours à cœur l'émancipation des enfants.",https://www.franceculture.fr/franceculture/podcasts/le-cours-de-l-histoire/toujours-pret-une-histoire-du-scoutisme-5333000,,,,eb5f59bd-b97a-4863-b7ad-b5407f19ea71_5
2021-12-24T08:06:45+00:00,1640333205,"Festoyer d’hier à aujourd’hui, l'histoire nous livre ses recettes","Quels mets sur la table de nos ancêtres ? Saucissons et yaourts préhistoriques, huîtres et escargots dans les banquets romains, poulardes au verjus ou pots médiévaux, pièces rôties, fricassées et friands au XVIIe siècle, l'histoire se raconte... par le menu !",https://www.franceculture.fr/franceculture/podcasts/le-cours-de-l-histoire/festoyer-d-hier-a-aujourd-hui-l-histoire-nous-livre-ses-recettes-4851011,,,,69093013-0fcd-4ea6-98a6-0b19d1083ee1_5
2021-12-27T08:06:45+00:00,1640592405,"Tutoyer les sommets, ""histoires verticales"" de la montagne","La montagne n’est pas qu’un obstacle géologique. Elle est un enjeu politique, culturel et économique. La franchir ou la conquérir demeure un défi que le pouvoir cherche à relever.",,,,,20065055-9309-41fd-a4d3-74e4371622af_5
2021-12-28T08:06:45+00:00,1640678805,Qui étaient les crétins des Alpes ?,"L'expression ""crétin des Alpes"" est insultante, mais elle recouvre une réalité médicale avant 1922. C'est à cette date que les scientifiques découvrent pourquoi les goitres et autres handicaps physiques ou mentaux affligent les habitants de nos montagnes : la solution ne manque pas de sel ! ",,,,,e278d612-5f25-4f9f-8126-6a6d651e6968_5
2021-12-29T08:06:45+00:00,1640765205,"Loup, vouivre et dahu, nous ne sommes pas seuls en montagne","Chamois, bouquetins, ours et loups sont indissociables de la culture alpine. Avant eux, dragons, dahu, yeti, vouivre et loup-garou hantaient l'imaginaire des montagnards. Entre peur, fascination et fantasme, ce bestiaire des cimes nous raconte le rapport de l'homme à son milieu naturel.",,,,,582fab02-6474-474a-8968-d22280ddd7fb_5
2021-12-30T08:06:45+00:00,1640851605,Tout schuss ! Une histoire de la glisse,"De réputation hostile et rebutante, la montagne est devenue au cours du XIXe siècle le lieu hospitalier et attrayant que nous vantent les publicités touristiques. Le développement des sports d'hiver et leur démocratisation participent de cet élan, créateur d'une image positive.",,,,,7ab605f5-1933-4828-8942-e6f03bc412a2_5
2021-12-31T08:06:45+00:00,1640938005,"Week-end à Pompéi, petite station balnéaire","Les travaux de sauvegarde engagés à Pompéi depuis 2010 sont l’occasion de nouvelles découvertes. La ville antique, endormie pendant deux millénaires, fascine depuis son identification au XVIIIe siècle. Puisqu’elle ne cesse de nous surprendre, partons en balade dans les ruelles de Pompéi.",https://www.franceculture.fr/franceculture/podcasts/le-cours-de-l-histoire/week-end-a-pompei-petite-station-balneaire-7228201,,,,7ece2503-8a4f-4e1c-ac9d-2ea2d99b2916_5
2022-01-03T08:06:45+00:00,1641197205,Rire dans la démocratie athénienne,"Raillerie, ironie et satire occupent une place centrale dans la la démocratie athénienne. Manié à la fois par les hommes politiques et le peuple, le rire se révèle un outil politique de premier plan dans la cité.",https://www.franceculture.fr/franceculture/podcasts/le-cours-de-l-histoire/rire-dans-la-democratie-athenienne-4587510,,,,a28951c8-4ffb-44ea-b737-e7f9a5f52d80_5
2022-01-04T08:06:45+00:00,1641283605,"Être en joie pour le roi, réjouissances monarchiques au siècle des Lumières","Feux d'artifice, acclamations, jets de vivres et d'argent, les réjouissances publiques de la France prérévolutionnaire sont des festivités codifiées pour célébrer le monarque et cultiver l'approbation populaire. En parallèle, le concept fédérateur de bonheur émerge dans ce siècle des Lumières.",https://www.franceculture.fr/franceculture/podcasts/le-cours-de-l-histoire/etre-en-joie-pour-le-roi-rejouissances-monarchiques-au-siecle-des-lumieres-8571047,,,,f8c44ac3-cf3d-4661-8cf4-0670b12b1966_5
2022-01-05T08:06:45+00:00,1641370005,"Énigmatique ou à pleines dents, une histoire du sourire en peinture","Moyen d’expression non-verbal, le sourire révèle et communique des émotions. Pourtant, sa représentation picturale n'est pas une évidence. Du sourire divin de l'art chrétien aux chefs-d'œuvre de la Renaissance, quelle est l'évolution du sourire en peinture ?",https://www.franceculture.fr/franceculture/podcasts/le-cours-de-l-histoire/enigmatique-ou-a-pleines-dents-une-histoire-du-sourire-en-peinture-5332837,,,,633da07c-9646-4e57-8dd3-5b95c68c9fda_5
2022-01-06T08:06:45+00:00,1641456405,Le bonheur est-il une idée neuve ?,"Croissance économique, paix et idées nouvelles améliorent la qualité de vie des Français dès les années 1962. La recherche de l'épanouissement, la société des loisirs et l'essor d'une culture jeune érigent le bonheur comme un droit, voire une norme. Quelle place reste-t-il pour l'utopie ?",https://www.franceculture.fr/franceculture/podcasts/le-cours-de-l-histoire/le-bonheur-est-il-une-idee-neuve-4777597,,,,45d6d7bd-3f7e-4ab6-95a6-e6638a6d68e3_5
2022-01-07T08:06:45+00:00,1641542805,"Maylis de Kerangal, ""folle"" d'histoire","L'écrivaine Maylis de Kerangal a grandi au Havre, une ville où le passé a disparu sous les bombes de la Seconde Guerre mondiale. Son goût pour l'histoire se cristallise à la rencontre d'un professeur et se poursuit jusqu'aujourd'hui dans son travail d'écriture.",https://www.franceculture.fr/franceculture/podcasts/le-cours-de-l-histoire/maylis-de-kerangal-folle-d-histoire-7198222,,,,27e61868-0606-4ab0-b913-3a328080e5b2_5
2022-01-10T08:06:45+00:00,1641802005,"Grèce antique, Grèce rêvée","L'idée que la Grèce antique serait le berceau de notre civilisation européenne contemporaine est très répandue. Néanmoins, c'est surtout un monde perdu qu'il s'agit de replacer dans son contexte historique tout en interrogeant les anachronismes. Déconstruisons donc la Grèce idéalisée.",https://www.franceculture.fr/franceculture/podcasts/le-cours-de-l-histoire/grece-antique-grece-revee-5687735,,,,5184bca0-d701-4cfd-b705-1110d0682e56_5
2022-01-11T08:06:45+00:00,1641888405,Irréductibles moines orthodoxes ? La Grèce médiévale sous influence,"Perchés sur le Mont Athos ou repliés dans les Météores, les moines grecs seraient les gardiens d’une certaine identité grecque orthodoxe. Alors que la Grèce médiévale est sous influence byzantine puis ottomane, est-il justifié de qualifier sa population monacale de résistante ?",https://www.franceculture.fr/franceculture/podcasts/le-cours-de-l-histoire/irreductibles-moines-orthodoxes-la-grece-medievale-sous-influence-6550378,,,,f76aeac2-17c4-4734-b23f-2573b80d3370_5
2022-01-12T08:06:45+00:00,1641974805,"Épidaure, théâtre de l’indépendance grecque","Après quatre siècles de domination ottomane, le peuple grec mène une guerre d'indépendance longue de dix ans. Malgré l’indépendance proclamée en 1822, la contre-offensive ottomane est violente. La Grèce voit finalement le jour en 1830, comme fabriquée de toutes pièces par les diplomates européens.",https://www.franceculture.fr/franceculture/podcasts/le-cours-de-l-histoire/epidaure-theatre-de-l-independance-grecque-9541225,,,,0139937b-771d-419d-84e8-ea94ef26fa33_5
2022-01-13T08:06:45+00:00,1642061205,"La Grèce moderne, une histoire de faillites ?","En 2008, l'État grec se trouve en défaut de paiement de sa dette, une situation qui lui est malheureusement familière depuis sa création, dans les années 1820. De faillites en faillites, comment - et pourquoi - la Grèce est-elle prise dans l'engrenage des crises financières ?",https://www.franceculture.fr/franceculture/podcasts/le-cours-de-l-histoire/la-grece-moderne-une-histoire-de-faillites-3822261,,,,b4703eeb-72a3-4ccb-ad79-c262ad1ea397_5
2022-01-14T08:06:45+00:00,1642147605,"Pierre Bonte, fou d'histoire","Homme de radio et de télévision, Pierre Bonte a arpenté la France et ses campagnes tout au long de sa carrière. Passionné par les bustes de Marianne qui ornent les mairies, il raconte comment s'est forgé sous goût pour l'histoire.",https://www.franceculture.fr/franceculture/podcasts/le-cours-de-l-histoire/pierre-bonte-fou-d-histoire-2647443,,,,d63ce43b-eefc-471a-a845-e7ec329fa978_5
2022-01-17T08:06:45+00:00,1642406805,"Érotique en toge, réguler le désir dans la Rome antique","La sexualité romaine avait-elle des tabous ? Qui pouvait avoir des relations sexuelles avec qui ? À quoi servait la pornographie sur les murs de Pompéi ? Prostitution, sexualité récréative ou procréative, comment était régulée la vie sexuelle dans la Rome antique ?",https://www.franceculture.fr/franceculture/podcasts/le-cours-de-l-histoire/erotique-en-toge-reguler-le-desir-dans-la-rome-antique-3605082,,,,a7ac06d3-ba81-4fc2-8c53-78afe3a94ad0_5
2022-01-18T08:06:45+00:00,1642493205,"Église et sexualité, quand la chair devint péché","Le christianisme a une influence majeure sur l'ordre sexuel au Moyen Âge. Notion de péché, précepte du mariage, valorisation de la procréation président à l'ordonnancement des pratiques sexuelles. Comment l'Église consolide-t-elle ses prescriptions sexuelles ?",https://www.franceculture.fr/franceculture/podcasts/le-cours-de-l-histoire/eglise-et-sexualite-quand-la-chair-devint-peche-4932331,,,,c658b579-79cd-40f3-b41b-838a0e8abc61_5
2022-01-19T08:06:45+00:00,1642579605,"Libertinage, de la liberté politique à la licence sexuelle","Ils font preuve d'audace de la pensée, s'affranchissent du dogme religieux et promeuvent un nouvel art d'aimer, qui sont les libertins et libertines ? De l'érudition à la préciosité, en passant parfois par la débauche des mœurs, comment évolue et se transforme le libertinage ?",https://www.franceculture.fr/franceculture/podcasts/le-cours-de-l-histoire/libertinage-de-la-liberte-politique-a-la-licence-sexuelle-5323120,,,,fdc1ebba-b3f5-4faa-9189-c060174823ba_5
2022-01-20T08:06:45+00:00,1642666005,"Histoire du désir féminin, entre imaginaires et entraves","La sexologie, sous le prisme d'un regard masculin et hétérosexuel, fait ses débuts au XIXe siècle. La science médicale relaie l’Église pour départager le bien et le mal sous les aspects de la santé et de la pathologie. Une fausse compréhension du désir féminin s'installe, relayée dans les romans.",https://www.franceculture.fr/franceculture/podcasts/le-cours-de-l-histoire/histoire-du-desir-feminin-entre-imaginaires-et-entraves-3922614,,,,29a22ad3-aa5f-497d-b614-a8cdc8114cd6_5
2022-01-21T08:06:45+00:00,1642752405,"Philippe Gloaguen, fou d'histoire","Depuis 1973, Philippe Gloaguen partage ses bonnes adresses et astuces pour voyager dans le Guide du routard. Celui qui se décrit comme un banlieusard au beurre salé raconte comment l'histoire est entrée dans sa vie, des côtes bretonnes jusqu'aux confins du monde.",https://www.franceculture.fr/franceculture/podcasts/le-cours-de-l-histoire/philippe-gloaguen-fou-d-histoire-6243809,,,,5e0ee169-7fab-4362-ac06-5592f0d46f50_5
2022-01-24T08:06:45+00:00,1643011605,"Éclairer les jeunes esprits, enseigner au siècle des Lumières","Une révolution pédagogique est à l'œuvre au XVIIIe siècle. Les penseurs des Lumières rediscutent les pratiques éducatives et la relation maître-élève. Les méthodes d’enseignement, grâce aux expériences scientifiques ludiques, font la part belle à l’éveil de la curiosité et au goût du travail.",https://www.franceculture.fr/franceculture/podcasts/le-cours-de-l-histoire/eclairer-les-jeunes-esprits-enseigner-au-siecle-des-lumieres-3943586,,,,a6df820b-18d6-47ea-92c4-fcdafcaba76e_5
2022-01-25T08:06:45+00:00,1643098005,"Fessée et châtiment, punir pour éduquer ?","Lignes d'écriture, bonnet d'âne, fessée ou coups de martinet : les châtiments corporels et l'humiliation ont longtemps appartenu au registre éducatif. Ils reposent sur l'idée du ""droit de correction"", qui serait un pilier de l'ordre social. ",https://www.franceculture.fr/franceculture/podcasts/le-cours-de-l-histoire/fessee-et-chatiments-punir-pour-eduquer-7200910,,,,5faaa77c-66ec-4e0d-ae7c-9b741f3e5bfa_5
2022-01-26T08:06:45+00:00,1643184405,"Le temps des pédagogies innovantes, l’enfant au centre de l’école","Au tournant du 20e siècle, des intellectuelles et pédagogues imaginent des méthodes innovantes et révolutionnaires, véritables contre-modèles éducatifs. De l'apparition de l'école maternelle à la méthode Freinet, comment le concept même d'enfance est-il repensé ?",https://www.franceculture.fr/franceculture/podcasts/le-cours-de-l-histoire/le-temps-des-pedagogies-innovantes-l-enfant-au-centre-de-l-ecole-6035427,,,,17f96fd1-5599-47f0-b4be-71aa6e447775_5
2022-01-27T08:06:45+00:00,1643270805,"Panthéon-Sorbonne, quelle université après Mai 68 ?","Grande université de sciences humaines et sociales, Paris 1 Panthéon-Sorbonne est emblématique du paysage universitaire français. Pluridisciplinaire, démocratique, internationale et professionnalisante, elle intègre des revendications de Mai 68. Histoire d'une vocation ""universaliste"" et humaniste.",https://www.franceculture.fr/franceculture/podcasts/le-cours-de-l-histoire/pantheon-sorbonne-quelle-universite-apres-mai-68-9819418,,,,a6e5f0c9-3a07-4df0-9e74-b72256614c81_5
2022-01-28T08:06:45+00:00,1643357205,"Pascal Convert, fou d'histoire","À travers ses œuvres, le plasticien Pascal Convert s'intéresse aux empreintes, aux zones d'ombre et aux traces de l'histoire. Par son travail des matières et des supports, il explore l'histoire tel un archéologue du temps.",https://www.franceculture.fr/franceculture/podcasts/le-cours-de-l-histoire/pascal-convert-fou-d-histoire-3797118,,,,81fc3201-de63-4b98-b80f-9251798367b8_5
2022-01-31T08:06:45+00:00,1643616405,"Coup d’État sur l’agora, Athènes 403","En 403 avant J.-C., trente magistrats, élus par un groupe restreint de citoyens, gouvernent Athènes huit mois durant. Un épisode notable où la démocratie, mise à mal, montre sa capacité à se relever.",https://www.franceculture.fr/franceculture/podcasts/le-cours-de-l-histoire/coup-d-etat-sur-l-agora-athenes-403-7532887,,,,4eb0d7c9-aa72-4312-8b9c-b7c8a61d09be_5
2022-02-01T08:06:45+00:00,1643702805,"Prends ton château, on s’en va ! Naissance du système féodo-vassalique ","La période carolingienne est marquée par l'émergence d'élites laïques et religieuses, intermédiaires entre le roi et Dieu. Comment exercent-elles leur domination politique, judiciaire, religieuse, économique ? Comment se démarquent-elles, se reconnaissent-elles ?",https://www.franceculture.fr/franceculture/podcasts/le-cours-de-l-histoire/prends-ton-chateau-on-s-en-va-naissance-du-systeme-feodo-vassalique-6568236,,,,5eaa302c-3d57-462b-914f-bd7646b16af2_5
2022-02-02T08:06:45+00:00,1643789205,"Des élites si peu populaires, de l’Ancien Régime à nos jours","Le XIXe siècle est celui des révolutions. Est-il celui de la défiance du peuple français envers ses élites ? 1789, 1830, 1848, défaite de 1870 sont-elles l’expression de la défaillance des élites ? D’ailleurs, quelles réalités recouvrent ce mot ?",https://www.franceculture.fr/franceculture/podcasts/le-cours-de-l-histoire/des-elites-si-peu-populaires-de-l-ancien-regime-a-nos-jours-4909800,"Des élites si peu populaires, de l’Ancien Régime à nos jours",https://proxycast.radiofrance.fr/d4822a06-a950-49c6-90c3-031dac245c0f/10076-21.02.2026-ITEMA_24407158-2022C36128E0003-ITE_00122444_RSCE-21-a7657431c076aa4ca7e12368f6aed866.mp3?project=c9985698-c0ee-4af3-b0ed-f1a8c7c2d4cd,https://embed.radiofrance.fr/franceculture/player?id_diffusion=59fc8c0b-132e-421f-b5d2-8bcc1fdf05ee,59fc8c0b-132e-421f-b5d2-8bcc1fdf05ee_5
2022-02-03T08:06:45+00:00,1643875605,"1944-1945, du sang dans l’encrier","Confronté à la question de l’épuration des intellectuels au sortir de la Seconde Guerre mondiale, le général de Gaulle écrit dans ses ""Mémoires de guerre"" que, ""dans les lettres, comme en tout, le talent est un titre de responsabilité"". ",https://www.franceculture.fr/franceculture/podcasts/le-cours-de-l-histoire/1944-1945-du-sang-dans-l-encrier-6534618,,,,ef2e9231-e28a-4bd1-b9ab-14b57b600b17_5
2022-02-04T08:06:45+00:00,1643962005,"Sabine Weiss, ""folle"" d'histoire","Sabine Weiss a fait œuvre de photographe pour ""conserver l'éphémère, fixer le hasard et garder en image ce qui va disparaître."" Juste avant de disparaître, elle nous recevait chez elle à Paris. Rencontre avec celle dont les photographies font histoire.",,,,,85d6a612-7606-4d93-9146-599584e58801_5
2022-02-07T08:06:45+00:00,1644221205,Proust politique ? L’écrivain dans la cité,"L’affaire Dreyfus voit naître les intellectuels qui prennent la parole pour s’opposer au discours officiel. Marcel Proust évolue dans un univers mondain où la société française, alors profondément divisée, est auscultée, analysée, commentée. Proust est-il un écrivain engagé ? ",https://www.franceculture.fr/franceculture/podcasts/le-cours-de-l-histoire/proust-politique-l-ecrivain-dans-la-cite-9527538,,,,d892b019-7a2c-4bea-be7e-4f0316401b10_5
2022-02-08T08:06:45+00:00,1644307605,"Proust, du bon côté du ""Grand monde""","Marcel Proust est le héraut de la bonne société parisienne. Elle se révèle complexe, internationale, cosmopolite et en écho avec les usages réinventés du modèle aristocratique. Dans quel univers Marcel Proust construit-il son œuvre, lui-même acteur et spectateur d’une décadence aristocratique ? ",https://www.franceculture.fr/franceculture/podcasts/le-cours-de-l-histoire/proust-du-bon-cote-du-grand-monde-2102893,,,,ec4df3f6-ffc5-4b75-9d5e-5b0214568281_5
2022-02-09T08:06:45+00:00,1644394005,"À l’ombre des combats, Proust face à la guerre","Le premier volume d’À la recherche du temps perdu paraît en 1913, à la veille du premier conflit mondial. L’auteur meurt en 1922, dans un pays traumatisé par la guerre, où les anciens combattants sont devenus des figures incontournables. Quelle place pour la guerre dans l'œuvre de Marcel Proust ?  ",https://www.franceculture.fr/franceculture/podcasts/le-cours-de-l-histoire/a-l-ombre-des-combats-proust-face-a-la-guerre-8611917,,,,a71a3fcb-4325-4e3e-9263-db2f4889d9c7_5
2022-02-10T08:06:45+00:00,1644480405,"Lire Proust ici et ailleurs, histoire d’un phénomène littéraire","En 1919, Marcel Proust reçoit le Prix Goncourt pour À l’ombre des jeunes filles en fleurs, le deuxième volet d’À la recherche du temps perdu. La décision provoque une polémique dont la portée est difficile à mesurer : comment s’imposer dans le champ littéraire. D’ailleurs, qui lit Proust ?",https://www.franceculture.fr/franceculture/podcasts/le-cours-de-l-histoire/lire-proust-ici-et-ailleurs-histoire-d-un-phenomene-litteraire-5020338,,,,e372a249-3da9-4303-87b2-06c1c826fbda_5
2022-02-11T08:06:45+00:00,1644566805,"Christian Guémy alias C215, fou d'histoire",Christian Guémy peint au pochoir les portraits de grandes personnalités de l'histoire comme Simone Veil ou Jean Moulin dont les visages ornent boîtes aux lettres et armoires électriques. L'artiste militant raconte comment il est devenu fou d'histoire.,https://www.franceculture.fr/franceculture/podcasts/le-cours-de-l-histoire/christian-guemy-alias-c215-fou-d-histoire-8903238,,,,38edd7c9-b39f-421a-b4f7-413cf9a9dec2_5
2022-02-14T08:06:45+00:00,1644826005,Sommes-nous tous descendants de nomades ?,"Le nomadisme représente 99,7% de l’histoire humaine. L’ethnoarchéologie permet de mieux appréhender l'existence de nos ancêtres chasseurs-cueilleurs grâce à l'étude des populations nomades d'aujourd'hui. Comment vivaient ces groupes à l’époque paléolithique ? Comment est arrivée la sédentarisation ?",https://www.franceculture.fr/franceculture/podcasts/le-cours-de-l-histoire/sommes-nous-tous-descendants-de-nomades-5162394,,,,39ba702a-f2bc-4a85-a0f7-4eaf892e351e_5
2022-02-15T08:06:45+00:00,1644912405,"Steppe by steppe, la puissance des empires nomades","Au XIIe siècle, les Mongols de Gengis Khan triomphent de leurs rivaux des steppes et bâtissent des empires. Ces populations nomades et frustres entreprennent de grandes guerres et visent à conquérir le monde. Retour sur l'histoire souvent méconnue des nomades des steppes.",https://www.franceculture.fr/franceculture/podcasts/le-cours-de-l-histoire/steppe-by-steppe-la-puissance-des-empires-nomades-5825412,,,,a0e50729-9cbb-4a94-929c-5d082f69c8f2_5
2022-02-16T08:06:45+00:00,1644998805,"Les Roms et les populations voyageuses durant la Seconde Guerre mondiale, histoire d’une persécution","L'histoire des persécutions et violences subies par les populations romanis et voyageuses pendant la Seconde Guerre mondiale a longtemps été marginalisée. Outre la politique génocidaire menée par le Troisième Reich à travers l'Europe, le régime de Vichy a également déployé des mesures anti-nomades.",https://www.franceculture.fr/franceculture/podcasts/le-cours-de-l-histoire/les-roms-et-les-populations-voyageuses-durant-la-seconde-guerre-mondiale-histoire-d-une-persecution-3020164,,,,541a8616-7bc4-435e-a0e6-5ee91d9c669e_5
2022-02-17T08:06:45+00:00,1645085205,"Tsiganes, Gitans, Manouches, entre mythes et défiance","D'où vient le sentiment d'étrangeté et de défiance à l’encontre des Tsiganes ? Depuis le XVe siècle, les préjugés sur les Roms, Manouches ou Gitans vont bon train. L'idée d'un peuple nomade, à l'identité unique, nourrit un mythe qu'historiens et anthropologues entreprennent de déconstruire.",https://www.franceculture.fr/franceculture/podcasts/le-cours-de-l-histoire/tsiganes-gitans-manouches-entre-mythes-et-defiance-5730684,,,,b8c71371-8f71-4ab3-bda2-e61a6f4110ec_5
2022-02-18T08:06:45+00:00,1645171605,"L’archéologie préventive, de l’histoire plein les fouilles","L'archéologie préventive assure la sauvegarde de vestiges susceptibles d’être détruits lors de travaux liés à l’aménagement du territoire. Depuis 2001, des milliers de chantiers de fouilles dessinent une histoire de France, de la préhistoire aux périodes les plus contemporaines. ",https://www.franceculture.fr/franceculture/podcasts/le-cours-de-l-histoire/l-archeologie-preventive-de-l-histoire-plein-les-fouilles-8658417,,,,bc5d8b4c-11cf-40dd-a13b-b25890d37dd6_5
2022-02-21T08:06:45+00:00,1645430805,"La Jérusalem biblique, naissance d'une ville sainte ","Située au cœur d’une zone montagneuse, à l’écart des grandes routes commerciales, le site antique de Jérusalem connaît tour à tour la gloire et la destruction. Comment cette bourgade, du IVe millénaire avant notre ère jusqu'à l'arrivée des Romains, est-elle devenue une ville sainte ?",https://www.franceculture.fr/franceculture/podcasts/le-cours-de-l-histoire/la-jerusalem-biblique-naissance-d-une-ville-sainte-6085630,,,,2099d336-5624-4da2-9ef0-bc25c9cb4002_5
2022-02-22T08:06:45+00:00,1645517205,"De Godefroy de Bouillon à Saladin, le royaume franc de Jérusalem","Jérusalem fut conquise par les croisés en 1099 avant d'être reprise par Saladin en 1187. Comment le royaume chrétien de Jérusalem a-t-il vu le jour ? Comment les populations locales considéraient-elles les rois francs ? Comment les États ""latins"" s'intègrent-ils à l'espace oriental ?",https://www.franceculture.fr/franceculture/podcasts/le-cours-de-l-histoire/de-godefroy-de-bouillon-a-saladin-le-royaume-franc-de-jerusalem-5277223,,,,c4b37c6d-ccc7-4b8e-8e58-41ec5ac6f57d_5
2022-02-23T08:06:45+00:00,1645603605,"Le quartier maghrébin de Jérusalem, mille ans de coexistence religieuse","Au pied du Mur des Lamentations à Jérusalem se tient aujourd'hui une vaste esplanade. Auparavant y était implanté un quartier maghrébin, vieux de huit siècles, rasé par l'armée israélienne à la fin de la Guerre des Six jours. Comment faire l'histoire d'un quartier dont il ne reste plus de traces ?",https://www.franceculture.fr/franceculture/podcasts/le-cours-de-l-histoire/le-quartier-maghrebin-de-jerusalem-mille-ans-de-coexistence-religieuse-1196140,,,,8f74a718-2f9d-4e84-9a38-60611ba413cd_5
2022-02-24T08:06:45+00:00,1645690005,"La guerre des Six Jours, Jérusalem dans la tourmente","Du 5 au 10 juin 1967, la guerre dite ""des Six Jours"" oppose l'État d'Israël à trois de ses voisins, l'Égypte, la Jordanie et la Syrie. Comment Jérusalem-Ouest et Jérusalem-Est coexistaient-elles depuis la partition de 1948 ? Que symbolise la prise de la vieille ville aux yeux des États arabes ?",https://www.franceculture.fr/franceculture/podcasts/le-cours-de-l-histoire/la-guerre-des-six-jours-jerusalem-dans-la-tourmente-2561110,,,,d3a5e9ea-ea61-4214-b470-4184157b37dd_5
2022-02-25T08:06:45+00:00,1645776405,"Jean-Marie Rouart, fou d'histoire","Napoléon, Charles de Gaulle ou encore le cardinal de Bernis, les grandes figures historiques et personnages providentiels peuplent l'œuvre de Jean-Marie Rouart. Descendant d'une famille d'artistes prestigieux, l'élu de l'Académie française nous raconte comment il s'est passionné pour l'histoire.",https://www.franceculture.fr/franceculture/podcasts/le-cours-de-l-histoire/jean-marie-rouart-fou-d-histoire-3050923,,,,eaf4bdcf-8696-4540-99ae-a94a7dfe6484_5
2022-02-28T08:06:45+00:00,1646035605,"Croissant fertile, cultiver les premiers empires","L’essor de l'agriculture au Néolithique a accompagné celui des grands empires du ""Croissant fertile"". De la Mésopotamie à l'Égypte, quelles révolutions techniques ont accompagné ces progrès ? D'ailleurs, l'idée du ""Croissant fertile"" comme berceau de l'agriculture est-elle encore pertinente ?",https://www.franceculture.fr/franceculture/podcasts/le-cours-de-l-histoire/croissant-fertile-cultiver-les-premiers-empires-5316798,,,,4fd5049e-2992-459c-8e97-ad37dff16119_5
2022-03-01T08:06:45+00:00,1646122005,"Destins paysans, les entrepreneurs de l'Ancien Régime","Sous l'Ancien Régime, neuf Français sur dix vivent dans les campagnes. Intéressons-nous à trois fermiers ""capitalistes"" avant l'heure et figures de l'élite paysanne. Peut-on considérer leurs exploitations comme des laboratoires de progrès technique, social et culturel ?",https://www.franceculture.fr/franceculture/podcasts/le-cours-de-l-histoire/destins-paysans-les-entrepreneurs-de-l-ancien-regime-3013598,,,,d3ac1c43-d39d-49b5-892b-483e3536dcca_5
2022-03-02T08:06:45+00:00,1646208405,"Campagnes et petites villes, les paysans face à l'industrialisation","Exode rural, développement des transports et modernisation agricole : les sociétés rurales connaissent de profondes mutations lors de l'industrialisation. Le monde paysan est-il le miroir des transformations sociales du XIXe siècle ? Quel rôle les villes de campagne jouent-elles ?",https://www.franceculture.fr/franceculture/podcasts/le-cours-de-l-histoire/campagnes-et-petites-villes-les-paysans-face-a-l-industrialisation-6302323,,,,255de5f6-13a7-4ad0-9c9b-989fa2f78b6b_5
2022-03-03T08:06:45+00:00,1646294805,"Paysans militants, c'est la lutte rurale !","Comment un certain ""mythe agraire"" a-t-il fait des espaces paysans le lieu rêvé pour penser le progrès social ? De l'implantation rurale du Parti communiste français pendant l'entre-deux-guerres à la vague du retour à la terre des années 1970, retour sur deux modes de militantisme rural.",https://www.franceculture.fr/franceculture/podcasts/le-cours-de-l-histoire/paysans-militants-c-est-la-lutte-rurale-1035785,,,,406365e0-2547-4ad6-be69-c157ae97306a_5
2022-03-04T08:06:45+00:00,1646381205,Écrire l’histoire populaire et sensible de la guerre d’indépendance algérienne,Souvenirs de liesse en même temps que deuils et inquiétudes profondes. C'est ainsi que les Algériens se remémorent l'Indépendance de leur pays. Historiennes et historiens s'intéressent aux expériences vécues pour documenter et transmettre l'histoire et la mémoire populaires de la guerre d'Algérie.,https://www.franceculture.fr/franceculture/podcasts/le-cours-de-l-histoire/ecrire-l-histoire-populaire-et-sensible-de-la-guerre-d-algerie-9070392,,,,c894d383-9763-4135-bd6d-cce61c902b9b_5
2022-03-07T08:06:45+00:00,1646640405,L’histoire ukrainienne vue du Kremlin,"Quels sont les arguments historiques avancés par le pouvoir politique russe sur les liens entre l’Ukraine et la Russie ? Aux côtés d'historiennes et historiens, décryptage des discours des dirigeants russes pour comprendre comment ils lisent l'histoire ukrainienne à l'aune de leur projet politique.",https://www.franceculture.fr/franceculture/podcasts/le-cours-de-l-histoire/l-histoire-ukrainienne-vue-du-kremlin-1237351,L’histoire ukrainienne vue du Kremlin,https://proxycast.radiofrance.fr/bac5c47e-0693-4996-9916-5f128fe7005b/10076-28.02.2026-ITEMA_24424358-2022C36128S0066-NET_MFC_28939FF8-1C99-47B8-8B45-346323F11B3A-21-ebce3efe2a1b4120376899ace0b674c2.mp3?project=c9985698-c0ee-4af3-b0ed-f1a8c7c2d4cd,https://embed.radiofrance.fr/franceculture/player?id_diffusion=1dceb000-b077-4dab-88ac-29955044b262,1dceb000-b077-4dab-88ac-29955044b262_5
2022-03-08T08:06:45+00:00,1646726805,"La Rus’ de Kiev, chronique des temps passés","Grande principauté slave médiévale, la Rus' de Kiev fut l'État d'Europe le plus étendu au XIe siècle. De son origine mythique à son déclin, retour sur près de quatre siècles d'une histoire millénaire.",https://www.franceculture.fr/franceculture/podcasts/le-cours-de-l-histoire/la-rus-de-kiev-chronique-des-temps-passes-7391706,,,,a7d4e72b-bafe-4f64-a4f2-1fe75de10562_5
2022-03-09T08:06:45+00:00,1646813205,Les Cosaques d’Ukraine face aux Empires,"Les Cosaques zaporogues sont représentés comme des guerriers à cheval idéalistes et amoureux de la liberté, prêts à sacrifier leur vie pour leur pays. Ils fondent l'Hetmanat en 1649, considéré comme le premier État ukrainien. Une histoire cosaque au cœur de l'identité nationale ukrainienne.",https://www.franceculture.fr/franceculture/podcasts/le-cours-de-l-histoire/les-cosaques-d-ukraine-face-aux-empires-6624164,,,,38da9182-4794-445b-83c7-3efa90c4d553_5
2022-03-10T08:06:45+00:00,1646899605,"Ukraine 1917-1921, une indépendance confisquée","Lorsque la révolution russe éclate en 1917, les nationalistes ukrainiens créent la Rada, assemblée indépendante et souveraine. Pendant quatre ans, la ""République populaire ukrainienne"" est en proie à une guerre civile où s'affrontent Rouges, Blancs, paysans insurgés et nationalistes.",https://www.franceculture.fr/franceculture/podcasts/le-cours-de-l-histoire/ukraine-1917-1921-une-independance-confisquee-7274654,,,,c330f4e4-2218-47b8-8ab0-5ee439c94972_5
2022-03-11T08:06:45+00:00,1646986005,"Fatou Diome, ""folle"" d'histoire","Des traditions animistes sénégalaises à l’histoire politique et littéraire de la France des Lumières, l'histoire parcourt l'œuvre de Fatou Diome. La romancière nous livre comment l'histoire a influencé sa pensée et son travail.",https://www.franceculture.fr/franceculture/podcasts/le-cours-de-l-histoire/fatou-diome-folle-d-histoire-3404773,,,,550753d9-ede1-4fbd-8281-fc8646b6850c_5
2022-03-14T08:06:45+00:00,1647245205,"Clovis. Un vase, un baptême, un mythe","De siècle en siècle, la figure historique de Clovis a servi les discours politiques. De la dynastie mérovingienne qui forge sa renommée autour du roi franc aux mythifications de l'Église ou de la république, décryptage d'une icône française.",https://www.franceculture.fr/franceculture/podcasts/le-cours-de-l-histoire/clovis-un-vase-un-bapteme-un-mythe-5218339,,,,16d3eabf-cfe6-4b14-8409-0bb191fb7d48_5
2022-03-15T08:06:45+00:00,1647331605,"Mythe identitaire, Charles Martel ne fait pas les choses à Poitiers ","Devenu un symbole de la droite identitaire, la figure de Charles Martel cristallise le mythe du monde chrétien opposé au monde islamique. Comment la bataille de Poitiers et le chef franc ont-ils fait l'objet de multiples récupérations politiques et idéologiques, de l'époque médiévale à nos jours ?",https://www.franceculture.fr/franceculture/podcasts/le-cours-de-l-histoire/mythe-identitaire-charles-martel-ne-fait-pas-les-choses-a-poitiers-2689703,,,,2bc8f566-58d3-4e8a-a362-bb96de2434bc_5
2022-03-16T08:06:45+00:00,1647418005,"Le mythe de Jeanne d’Arc, c’est l’heure de bouter","Martyre populaire et visionnaire, figure de prophétesse ou de sorcière, héroïne chrétienne et laïque, les mythes qui entourent Jeanne d'Arc sont légion. Comment, depuis le XVe siècle, l'image de la Pucelle d'Orléans a-t-elle été récupérée par les régimes et les partis politiques ?",https://www.franceculture.fr/franceculture/podcasts/le-cours-de-l-histoire/le-mythe-de-jeanne-d-arc-c-est-l-heure-de-bouter-1938424,,,,16f03f3d-be72-48ab-9362-fbe944297b3e_5
2022-03-18T08:06:45+00:00,1647590805,"Madeline Fontaine, ""folle"" d'histoire","Comment les corps habitaient-ils leurs vêtements à la cour de Louis XIV ou dans les tranchées de la Somme ? Entre authenticité historique et représentations fantasmées, la créatrice de costumes Madeline Fontaine donne vie à l'histoire... sur grand écran.",https://www.franceculture.fr/franceculture/podcasts/le-cours-de-l-histoire/madeline-fontaine-folle-d-histoire-4527632,,,,dfa13a45-817b-4f00-aa90-ff5c6c2a53b6_5
2022-03-21T08:06:45+00:00,1647850005,Quand les Celtes font dieu de tout bois,"Chêne, hêtre, if, pommier... l'arbre est incontournable dans les religions celtes. Par sa force sacrée et symbolique, il contient l’ensemble du cosmos. S'il vient à tomber, c'est le monde entier qui bascule. ",https://www.franceculture.fr/franceculture/podcasts/le-cours-de-l-histoire/quand-les-celtes-font-dieu-de-tout-bois-5974290,,,,f1cdee21-d4f5-454d-b4cc-9aecfa83cad9_5
2022-03-22T08:06:45+00:00,1647936405,"Dans la forêt lointaine, le Moyen Âge nous fait coucou","L’image d’une forêt sombre et menaçante peuple les imaginaires, tant médiévaux qu'actuels. Pourtant, en dehors des périodes d'intempéries ou d’épidémie, la forêt est un lieu clair, aux arbres gros et peu élevés. Entre fantasmes et réalité, promenons-nous dans les bois du Moyen Âge.",https://www.franceculture.fr/franceculture/podcasts/le-cours-de-l-histoire/dans-la-foret-lointaine-le-moyen-age-nous-fait-coucou-4563579,,,,a13bacf3-f80a-4277-bd0b-a812b6da5937_5
2022-03-23T08:06:45+00:00,1648022805,"Quand les Lumières arrivent en ville, les végétaux battent le pavé","Jardins royaux, promenades plantées, talus cultivés... Quelle place occupe le végétal en ville, à l'aube de la Révolution française ? Embellir ou assainir l'espace urbain est une question tant philosophique que politique au siècle des Lumières.",https://www.franceculture.fr/franceculture/podcasts/le-cours-de-l-histoire/quand-les-lumieres-arrivent-en-ville-les-vegetaux-battent-le-pave-3805716,,,,7125ea3b-1e81-41a3-ab34-6cd74caf3a79_5
2022-03-24T08:06:45+00:00,1648109205,"Impressionnisme et Art nouveau, fleurs sur la ville !","Des tableaux floraux impressionnistes aux courbes architecturales de l’Art nouveau, le monde végétal inspire l’art de la Belle Époque. Comment une fascination renouvelée pour la ""nature"" modèle-t-elle les villes et les intérieurs au tournant du 19e et 20e siècle ? ",https://www.franceculture.fr/franceculture/podcasts/le-cours-de-l-histoire/impressionnisme-et-art-nouveau-fleurs-sur-la-ville-2816419,,,,41110bce-7ddc-42d8-b26e-079202b2f9c2_5
2022-03-25T08:06:45+00:00,1648195605,"Gambetta démembré, dissection d’un mythe républicain","Personnage charismatique et populaire, Léon Gambetta incarne le modèle républicain. À sa mort, le sort réservé à sa dépouille - embaumée puis autopsiée jusqu'au démembrement - révèle l'aura de cette figure politique, qui fut l'objet de récupérations dans tous les sens du terme.",https://www.franceculture.fr/franceculture/podcasts/le-cours-de-l-histoire/gambettta-demembre-dissection-d-un-mythe-republicain-6937931,,,,081a3b5b-1875-472f-aa12-5fa1cb72164f_5
2022-03-28T07:06:45+00:00,1648451205,"Routes de la soie, de la Chine ancienne à la vallée du Gange","Ivoire, jade, laque... la Chine des Han rencontre l'Empire kouchan sur ce qu'on appelle communément les routes de la soie. Néanmoins, ces échanges ne sont pas uniquement commerciaux et diplomatiques. Les idées religieuses voyagent aussi sur ces routes de la foi.",https://www.franceculture.fr/franceculture/podcasts/le-cours-de-l-histoire/routes-de-la-soie-de-la-chine-ancienne-a-la-vallee-du-gange-9943396,,,,4977f94e-207b-4965-958b-fbb6874a85f0_5
2022-03-29T07:06:45+00:00,1648537605,"Le Grand Qing face à la Russie des tsars, le choc des empires","En 1689, les empires russes et chinois signent pour la première fois un traité qui définit clairement leur ligne de démarcation. Quels enjeux entourent la création de relations diplomatiques entre ces deux puissances ? Comment réagissent les populations autochtones installées dans ces régions ?",https://www.franceculture.fr/franceculture/podcasts/le-cours-de-l-histoire/le-grand-qing-face-a-la-russie-des-tsars-le-choc-des-empires-5405146,,,,5292e3b1-2738-4ef0-b6bb-32a34b48f36c_5
2022-03-30T07:06:45+00:00,1648624005,"Chine-Japon, quand l’empire du Milieu inspire le Soleil Levant","Du VIIIe au XIe siècle, la culture chinoise inspire l'élite japonaise qui y voit un signe de distinction et un instrument de pouvoir. Comment se déroule le processus de sinisation de l'archipel japonais ? Est-ce une influence mutuelle ou à sens unique ?",https://www.franceculture.fr/franceculture/podcasts/le-cours-de-l-histoire/chine-japon-quand-l-empire-du-milieu-inspire-le-soleil-levant-9962142,,,,ea1761e7-f6b7-4a3d-84a9-cfe82110375e_5
2022-03-31T07:06:45+00:00,1648710405,"Taïwan, l'histoire de l’autre Chine","Au lendemain de la Seconde Guerre mondiale, l'île de Taïwan devient le bastion de la Chine nationaliste, qui fuit la Chine continentale devenue communiste. Entre défiance, esprit de reconquête et rapprochement, comment les relations sino-taïwanaises évoluent-elles ?",https://www.franceculture.fr/franceculture/podcasts/le-cours-de-l-histoire/taiwan-l-histoire-de-l-autre-chine-7296920,,,,0675eabe-527c-4d3b-b70f-6bc613b299cc_5
2022-04-01T07:06:45+00:00,1648796805,"Alice Zeniter, ""folle"" d'histoire","Morceaux de souvenirs racontés à peu de mots, films d'archives ou livres d'histoire, l'écrivaine Alice Zeniter se plonge dans les documents pour donner corps à l'histoire. Au fil de l'écriture, elle interroge dans quelle mesure l'histoire influe sur chacune de nos vies.",https://www.franceculture.fr/franceculture/podcasts/le-cours-de-l-histoire/alice-zeniter-folle-d-histoire-7572843,,,,c346eac1-8863-454c-aebf-7b7db663766c_5
2022-04-04T07:06:45+00:00,1649056005,"Des Hébreux aux Juifs, l'Exil à Babylone","Au VIe siècle avant notre ère, le roi Nabuchodonosor II décide de déporter la population de Judée pour mater totalement le pays en proie à la révolte contre le joug babylonien. Pourquoi l’Exil à Babylone est-il considéré comme la matrice de tous les exils ?",https://www.franceculture.fr/franceculture/podcasts/le-cours-de-l-histoire/des-hebreux-aux-juifs-l-exil-a-babylone-1792800,,,,9f5952fe-2e7c-4293-9427-723c17c8d990_5
2022-04-05T07:06:45+00:00,1649142405,Trajectoires d'exils face à l'Inquisition espagnole,"Obsédée par le renforcement religieux de la Couronne espagnole, l’Inquisition remet en doute la sincérité de la foi des marranes et des morisques, populations juives et musulmanes converties au christianisme. Traquées, menacées, torturées, elles sont successivement contraintes à l’exil.",https://www.franceculture.fr/franceculture/podcasts/le-cours-de-l-histoire/trajectoires-d-exils-face-a-l-inquisition-espagnole-1536399,,,,a0d15288-d3b7-4628-abb7-5f56d2a8c076_5
2022-04-06T07:06:45+00:00,1649228805,"Bannis, réfugiés, réprouvés, le XIXe siècle à l'épreuve de l'exil","Les crises politiques et économiques du XIXe siècle massifient le phénomène d'exil. Les pays européens mettent en place des politiques d'accueil, qui se révèlent des outils de contrôle. De l'idée de charité chrétienne à la stigmatisation des exilés, comment la figure du réfugié se construit-elle ?",https://www.franceculture.fr/franceculture/podcasts/le-cours-de-l-histoire/bannis-refugies-reprouves-le-xixe-siecle-a-l-epreuve-de-l-exil-2874130,,,,dc0e4e17-d509-4845-8c0a-09ad780b7540_5
2022-04-07T07:06:45+00:00,1649315205,"L'exode de 1940. À pied, en voiture, à bicyclette","Le 10 mai 1940, le bruit des sirènes retentit dans vingt-quatre villes françaises pour annoncer l’offensive d’envergure lancée par les Allemands. Des millions de réfugiés prennent la route vers le sud pour fuir le déferlement de feu. Retour sur cet exode massif qui a marqué les mémoires.",https://www.franceculture.fr/franceculture/podcasts/le-cours-de-l-histoire/l-exode-de-1940-a-pied-en-voiture-a-bicyclette-3613468,,,,692d01a5-7e55-435f-b6d6-d80f8d49713b_5
2022-04-08T07:06:45+00:00,1649401605,"Jean-Charles de Castelbajac, fou d'histoire","Descendant d'une illustre lignée du Sud-Ouest de la France, Jean-Charles de Castelbajac a construit sa créativité et son imaginaire autour des figures héraldiques. Le créateur de mode, artiste et designer raconte sa passion de l'histoire... haute en couleurs !",https://www.franceculture.fr/franceculture/podcasts/le-cours-de-l-histoire/jean-charles-de-castelbajac-fou-d-histoire-5192217,,,,1eb556bf-4bbb-42fc-93e6-f8b9ebfe7c6f_5
2022-04-11T07:06:45+00:00,1649660805,"Cléopâtre & Marc Antoine vs Octave, passer à l’Actium","À la mort de Jules César, la répartition des provinces romaines cristallise la rivalité entre Marc Antoine, alors consul, et Octave, héritier légitime de César. L'alliance politique et amoureuse de Marc Antoine et Cléopâtre, reine d'Égypte, exacerbe les tensions jusqu'à l'issue fatale du conflit.",https://www.franceculture.fr/franceculture/podcasts/le-cours-de-l-histoire/cleopatre-marc-antoine-vs-octave-passer-a-l-actium-2755632,,,,083b57d5-b5cf-4c28-a39a-6c69b41c87c1_5
2022-04-12T07:06:45+00:00,1649747205,"Élisabeth Ire vs Marie Stuart, jeu de trônes","Élisabeth d'Angleterre s'est forgé la réputation d'une reine sage, ""vierge"" et a su affirmer son autorité, malgré la méfiance à l'égard d'un règne féminin. Marie Stuart, reine d'Écosse et de France, est, elle, associée à l'impulsivité et aux passions. Quelle est la réalité de leur rivalité ?",https://www.franceculture.fr/franceculture/podcasts/le-cours-de-l-histoire/elisabeth-ire-vs-marie-stuart-jeu-de-trones-1923245,,,,bbaa712e-865c-4dd5-b9df-4648cbf4a384_5
2022-04-13T07:06:45+00:00,1649833605,"Danton vs Robespierre, une rivalité à en perdre la tête","Formés par l'esprit des Lumières, figures incontournables de la Révolution, Georges Danton et Maximilien de Robespierre étaient frères d'armes avant de devenir ennemis. Comment le duo formé par les deux révolutionnaires s'est-il transformé en duel ?",https://www.franceculture.fr/franceculture/podcasts/le-cours-de-l-histoire/danton-vs-robespierre-une-rivalite-a-en-perdre-la-tete-8912195,,,,304214f3-72fc-448c-8989-b753e887b775_5
2022-04-14T07:06:45+00:00,1649920005,"Kennedy vs Nixon, le premier duel cathodique aux États-Unis","Le 26 septembre 1960, Richard Nixon et John Fitzgerald Kennedy, candidats à l'élection présidentielle américaine, s'affrontent lors d'un débat télévisé. Entre théorie marketing et stratégie de l'image, comment ce débat mythique a-t-il imposé un genre nouveau à la communication politique ?",https://www.franceculture.fr/franceculture/podcasts/le-cours-de-l-histoire/kennedy-vs-nixon-duel-cathodique-2677996,,,,c6899f22-300f-4770-915d-c883c94f37f4_5
2022-04-15T07:06:45+00:00,1650006405,"Grégoire Ichou, ténor-conférencier et fou d'histoire : ""Tout musicien classique est passeur de la musique""","Grégoire Ichou est ténor-conférencier. Il propose des visites chantées pour découvrir expositions, musées et monuments par l'entremise du chant lyrique. Musique sacrée, chanson populaire ou air d'opéra, le ténor-conférencier fait résonner l'histoire des œuvres et des lieux.",https://www.franceculture.fr/franceculture/podcasts/le-cours-de-l-histoire/gregoire-ichou-fou-d-histoire-9684620,,,,599c9cdf-001d-499e-b8f2-35b68fd1cb58_5
2022-04-18T07:06:45+00:00,1650265605,"La Grande-Bretagne face à l’Europe, la longue histoire d’un splendide isolement ?","Presqu'île devenue île, la Grande-Bretagne a une histoire étroitement liée au continent européen. De la Britannia romaine aux actes d'Union, entre migrations, échanges et isolement, les Britanniques sont-ils des Européens comme les autres ?",https://www.franceculture.fr/franceculture/podcasts/le-cours-de-l-histoire/la-grande-bretagne-face-a-l-europe-la-longue-histoire-d-un-splendide-isolement-7111325,,,,04148ad5-4aae-44ed-85ae-c03e7287580b_5
2022-04-19T07:06:45+00:00,1650352005,"L’islam en Europe, d’al-Andalus à l’Empire ottoman","Péninsule ibérique, Europe centrale, Balkans... Des pays européens ont une histoire liée à l'islam tout comme l'islam a une histoire européenne. À travers l'exemple d'al-Andalus et de l'Empire ottoman, quelle est l'histoire des relations entre l'Europe et le monde musulman ?",https://www.franceculture.fr/franceculture/podcasts/le-cours-de-l-histoire/l-islam-en-europe-d-al-andalus-a-l-empire-ottoman-6017990,,,,17d76dde-0ae0-4963-a1b6-16a697474211_5
2022-04-20T07:06:45+00:00,1650438405,"Russie, une histoire à cheval sur deux continents","Du Moyen Âge à nos jours, les relations entre l'Europe et la Russie ne cessent d'osciller entre méfiance et attrait. Modèle de modernité ou repoussoir, l'Europe occidentale interroge les dirigeants russes, d'Ivan le Terrible à Vladimir Poutine, sur l'identité qu'ils prêtent à leur pays.",https://www.franceculture.fr/franceculture/podcasts/le-cours-de-l-histoire/russie-une-histoire-a-cheval-sur-deux-continents-7768198,,,,38b9bca9-8dda-405d-9bb2-b7c3f0264ff1_5
2022-04-21T07:06:45+00:00,1650524805,"Europe/Afrique, histoire d'une amitié intéressée","Tandis que les pays africains gagnent leur indépendance après la Seconde Guerre mondiale, les pays européens œuvrent à construire la Communauté économique européenne. L'Europe regarde aussi vers l'Afrique nouvellement décolonisée et entreprend une politique d'aide économique dite de ""développement"".",https://www.franceculture.fr/franceculture/podcasts/le-cours-de-l-histoire/europe-afrique-histoire-d-une-amitie-interessee-4479360,,,,ecd7ebe5-5ebd-4661-99b4-3562fffecda9_5
2022-04-22T07:06:45+00:00,1650611205,"Monseigneur Patrick Chauvet, fou d'histoire","Recteur-archiprêtre de la cathédrale Notre-Dame de Paris, Monseigneur Patrick Chauvet est attaché à l'histoire de l'édifice, qui témoigne du savoir-faire des bâtisseurs médiévaux. Il a à cœur de transmettre l'esprit des lieux, tant dans sa dimension spirituelle que comme lieu de rassemblement.",https://www.franceculture.fr/franceculture/podcasts/le-cours-de-l-histoire/monseigneur-patrick-chauvet-fou-d-histoire-4321580,,,,79e6e8f5-dc1d-445a-9229-a020a5e8110a_5
2022-04-25T07:06:45+00:00,1650870405,"Des épouses aux vacataires, une histoire des petites mains de la science","Prendre des notes, manipuler, allumer les fourneaux. L'importance des laborantins, secrétaires, épouses et filles de scientifiques est souvent passée sous silence dans l'histoire des sciences. Dès lors, comment étudier leur apport historique malgré leur invisibilisation ?",https://www.franceculture.fr/franceculture/podcasts/le-cours-de-l-histoire/des-epouses-aux-vacataires-une-histoire-des-petites-mains-de-la-science-9478520,,,,d9ec612c-47b3-44a6-bafd-9466336b32dc_5
2022-04-26T07:06:45+00:00,1650956805,"Des brocheuses aux libraires, la fabrique des livres à succès","De la fabrication du papier à la commercialisation des livres, le monde de l'édition est en pleine mutation au XIXe siècle. Quelles sont les mains ouvrières qui se cachent derrière les livres à succès ?",https://www.franceculture.fr/franceculture/podcasts/le-cours-de-l-histoire/des-brocheuses-aux-libraires-la-fabrique-des-livres-a-succes-8289056,,,,2c99fef0-27a0-453a-ba51-eb09b1e7a672_5
2022-04-27T07:06:45+00:00,1651043205,"Des machinistes aux costumières, histoire du théâtre par ses invisibles","Entretenir la salle et les décors, maîtriser les effets spéciaux, accueillir le public... Comment l'avènement d'un théâtre commercial et spectaculaire sous le Second Empire impacte-il les métiers en coulisses ?",https://www.franceculture.fr/franceculture/podcasts/le-cours-de-l-histoire/des-machinistes-aux-costumieres-histoire-du-theatre-par-ses-invisibles-9387120,,,,0b56c41e-0d52-4e4e-b71e-b188b15d9012_5
2022-04-28T07:06:45+00:00,1651129605,"Des favoris aux conseillers, dans les coulisses du pouvoir","Dans les coulisses des palais, les favoris bousculent les hiérarchies de la cour. Ceux qui reçoivent l'affection et la confiance des rois et des reines sont accusés d'intrigue et d'arrivisme. De Mazarin à Struensee, l’essor des favoris révèle les ressorts des monarchies autocratiques européennes.",https://www.franceculture.fr/franceculture/podcasts/le-cours-de-l-histoire/des-favoris-aux-conseillers-dans-les-coulisses-du-pouvoir-7295666,,,,10200a5b-960e-4ee1-ae57-b0b44fd04c4a_5
2022-04-29T07:06:45+00:00,1651216005,"Dany Laferrière, fou d'histoire","Récits de guerres de libération, souvenirs de la dictature des Duvalier, expérience de l'exil, l'écrivain et scénariste Dany Laferrière raconte sa relation à l'histoire, articulée entre Haïti et le Québec, jusqu'à l'immortalité du fauteuil de l'Académie française.",https://www.franceculture.fr/franceculture/podcasts/le-cours-de-l-histoire/dany-laferriere-fou-d-histoire-2248546,,,,61e98c61-d420-475b-b19c-7acd0bdacd1a_5
2022-05-02T07:06:45+00:00,1651475205,Se libérer pour gouverner,"À quel moment les combats pour la décolonisation ont-ils débuté ? Peut-être le premier jour de la colonisation. Toutefois, c'est après la Seconde Guerre mondiale que s'ouvrent trois décennies de conflits entre la France et ses anciennes colonies, une période marquée par ""du sang et des larmes"".",https://www.franceculture.fr/franceculture/podcasts/le-cours-de-l-histoire/se-liberer-pour-gouverner-8738650,,,,1fef7809-ecb8-4e57-9878-4d2201ec258f_5
2022-05-03T07:06:45+00:00,1651561605,"Juin 1789, gouverner sans-culottes","Combien de temps faut-il pour passer d'un pouvoir absolu de droit divin à une monarchie constitutionnelle ? Sept jours ! Ce tour de force s'opère du 17 au 23 juin 1789, une semaine encore dans les esprits avec serment du Jeu de paume, un tournant décisif dans le tourbillon révolutionnaire.",https://www.franceculture.fr/franceculture/podcasts/le-cours-de-l-histoire/juin-1789-gouverner-sans-culottes-3597690,,,,34307952-bb98-4115-ba07-4895dc5fd119_5
2022-05-04T07:06:45+00:00,1651648005,Les médecins qui murmuraient à l'oreille des souverains. Gouverner par la science,"La pratique de la médecine est en pleine mutation au Moyen Âge. Désormais formés sur les bancs des universités, les praticiens se trouvent au plus près des princes et exercent un certain pouvoir. Émerge une nouvelle figure d'autorité : le médecin conseil... du prince !
",https://www.franceculture.fr/franceculture/podcasts/le-cours-de-l-histoire/les-medecins-qui-murmuraient-a-l-oreille-des-souverains-gouverner-par-la-science-8528856,,,,bf3d73dc-ba3f-41fb-99ab-3532168d1084_5
2022-05-05T07:06:45+00:00,1651734405,C'est de l'art ou du pouvoir ? Le cas Médicis,"Marchands et banquiers de génie, les Médicis imposent leur pouvoir à Florence durant la Renaissance. Richissimes, ils gouvernent par les arts : comment leur mécénat sert-il leur pouvoir ?",https://www.franceculture.fr/franceculture/podcasts/le-cours-de-l-histoire/c-est-de-l-art-ou-du-pouvoir-le-cas-medicis-3237463,,,,8827546c-7faa-45fe-9255-483ec76421b7_5
2022-05-06T07:06:45+00:00,1651820805,"Gaël Faye, fou d'histoire","Vivre la guerre civile au Burundi, entendre le génocide à l'œuvre contre les Tutsis au Rwanda, combler une histoire familiale hachurée de silences. Le rappeur, romancier et scénariste Gaël Faye convoque l'histoire pour appréhender l'entreprise génocidaire et enclencher le devoir de mémoire.",https://www.franceculture.fr/franceculture/podcasts/le-cours-de-l-histoire/gael-faye-fou-d-histoire-9570906,,,,f40c8f83-271d-49da-82ed-47f990b0757d_5
2022-05-09T07:06:45+00:00,1652080005,"Barques sur le Nil, voyager avec les orientalistes",Le XIXe siècle est marqué par l'avènement du tourisme moderne. Comment le cas de l'Égypte révèle-t-il la passion pour le récit de voyage et l'observation de terrain ? Dans quelle mesure la mode du voyage en Égypte influence-t-elle tout un courant de la littérature et de la photographie ?,https://www.franceculture.fr/franceculture/podcasts/le-cours-de-l-histoire/barques-sur-le-nil-voyager-avec-les-orientalistes-1675860,,,,48d387f4-c758-4640-aae1-7118ff31e861_5
2022-05-10T07:06:45+00:00,1652166405,"Égyptomanie, une très longue histoire","Depuis l'Antiquité romaine, pharaons, reines et rois égyptiens sont source de fascination, tant en Occident qu'en Égypte même. Le goût mamelouk du Caire médiéval séduit également les collectionneurs et architectes du XIXe siècle. Comment expliquer la longévité de l'égyptomanie ?",https://www.franceculture.fr/franceculture/podcasts/le-cours-de-l-histoire/egyptomanie-une-tres-longue-histoire-9994881,,,,1e1a80ab-45c2-4ea4-89c2-aa2623679efa_5
2022-05-11T07:06:45+00:00,1652252805,"Champollion, déchiffrer l’homme","En 1822, Jean-François Champollion, égyptologue prodige de trente-deux ans, perçait le secret des hiéroglyphes. Comment cette découverte révolutionnaire a-t-elle permis de renouveler les connaissances sur l'Égypte ancienne et de fonder l'égyptologie moderne ?",https://www.franceculture.fr/franceculture/podcasts/le-cours-de-l-histoire/champollion-dechiffrer-l-homme-8992160,,,,a69d02dc-8e32-4d6b-810c-9e762678a1a7_5
2022-05-12T07:06:45+00:00,1652339205,Pourquoi les pharaons noirs ont-ils été oubliés ?,"Au VIIIe siècle avant notre ère, les rois de Napata, originaires de Nubie, conquièrent l'Égypte et fondent la 25e dynastie pharaonique. Certains de ces illustres pharaons étaient noirs : comment expliquer que notre imaginaire, saturé de références à l'Égypte ancienne, les a (relativement) oubliés ?",https://www.franceculture.fr/franceculture/podcasts/le-cours-de-l-histoire/pourquoi-les-pharaons-noirs-ont-ils-ete-oublies-6231346,,,,618b4456-68d4-4b38-b8af-37c5ac7a1f48_5
2022-05-13T07:06:45+00:00,1652425605,"Laurent Gaudé, fou d'histoire","Romancier, poète et dramaturge, Laurent Gaudé plonge dans l'histoire pour révéler les constances de l'âme humaine, à la recherche des failles, des élans de désir, ou des basculements. L'écrivain propose de regarder le passé - et ses erreurs - comme une boussole pour l'avenir.",https://www.franceculture.fr/franceculture/podcasts/le-cours-de-l-histoire/laurent-gaude-fou-d-histoire-1563977,,,,b2a690a4-f8ef-47a6-aa5e-f0285dcd1711_5
2022-05-16T07:06:45+00:00,1652684805,"Ben-Hur, l’Antiquité spectacle","Film à grand spectacle, démesuré et impressionnant, ""Ben-Hur"" est le péplum par excellence dans l’imaginaire collectif. Immense succès populaire en même temps qu’un témoignage de l’âge d’or d’Hollywood, ""Ben-Hur"" est-il un film sur la Rome antique ou le reflet de l’époque qui le produit ?",https://www.franceculture.fr/franceculture/podcasts/le-cours-de-l-histoire/ben-hur-l-antiquite-spectacle-5433103,,,,f33484b4-22f5-4bf3-8945-2e519419e970_5
2022-05-17T07:06:45+00:00,1652771205,"Le Nom de la rose, quand le Moyen Âge crève l’écran","Dans son adaptation au cinéma du ""Nom de la rose"", roman au succès planétaire d'Umberto Eco, Jean-Jacques Annaud mêle reconstitution matérielle précise et licence créatrice. Quel rôle a été donné aux historiens sur le tournage ? Comment le film est-il devenu un objet de transmission du savoir ?",https://www.franceculture.fr/franceculture/podcasts/le-cours-de-l-histoire/le-nom-de-la-rose-quand-le-moyen-age-creve-l-ecran-2348005,"Le Nom de la rose, quand le Moyen Âge crève l’écran",https://proxycast.radiofrance.fr/99bf7744-5d4a-43fe-b7f1-989bda74fd29/10076-15.02.2026-ITEMA_24407151-2022C36128S0137-NET_MFC_78094A12-DEEC-494B-BCDF-1680B5DFB467-21-f0ebd1c5db4bad232c839f653e31549b.mp3?project=c9985698-c0ee-4af3-b0ed-f1a8c7c2d4cd,https://embed.radiofrance.fr/franceculture/player?id_diffusion=f5a35811-b0ea-4559-8c42-04b3e59166c9,f5a35811-b0ea-4559-8c42-04b3e59166c9_5
2022-05-18T07:06:45+00:00,1652857605,"La Grande Vadrouille, la comédie fait de la Résistance","En 1966, ""La Grande Vadrouille"" séduit des millions de Français et devient un phénomène de société. Quelle représentation de la Seconde Guerre mondiale en général et du peuple français sous l'Occupation en particulier propose cette comédie dite de résistance, vernie d'irrévérence et de conformisme ?",https://www.franceculture.fr/franceculture/podcasts/le-cours-de-l-histoire/la-grande-vadrouille-la-comedie-fait-de-la-resistance-4829477,,,,ae303a38-81b5-4575-87c7-a83f1bda19d6_5
2022-05-19T07:06:45+00:00,1652944005,"Pocahontas, quand Disney redessine l’histoire","L'histoire de la ""princesse"" amérindienne Pocahontas est un mythe fondateur des États-Unis. En 1995, les studios Disney s'en emparent et signent un dessin animé sur fond de romance. Comment l'histoire de la colonisation européenne en Amérique est-elle racontée aux enfants ?",https://www.franceculture.fr/franceculture/podcasts/le-cours-de-l-histoire/pocahontas-quand-disney-redessine-l-histoire-8150500,,,,46f1a477-0277-4104-af61-ecb2c941570c_5
2022-05-20T07:06:45+00:00,1653030405,"Flânerie au musée de Cluny, le Moyen Âge fait peau neuve","En route pour le musée de Cluny qui rouvre ses portes après un long processus de rénovation entamé en 2011. Du frigidarium aux tapisseries de ""La Dame à la licorne"", partons à la découvertes des trésors du musée national du Moyen Âge en compagnie de ses conservateurs.",https://www.franceculture.fr/franceculture/podcasts/le-cours-de-l-histoire/flanerie-au-musee-de-cluny-le-moyen-age-fait-peau-neuve-1648544,,,,26532ecf-87bc-4ae2-9570-656420323b01_5
2022-05-23T07:06:45+00:00,1653289605,Les Anglais ont-ils inventé les partis politiques ?,"En Angleterre, la Déclaration des Droits de 1689 renforce les pouvoirs du Parlement et limite le rôle politique du roi. Deux groupes politiques émergent et se structurent peu à peu : les Whigs et les Tories. Comment ce nouveau modèle bipartisan influence-t-il les États-Unis et les pays européens ?",https://www.franceculture.fr/franceculture/podcasts/le-cours-de-l-histoire/les-anglais-ont-ils-invente-les-partis-politiques-9816733,,,,3655c974-7687-4295-8def-5b983c5aad3c_5
2022-05-24T07:06:45+00:00,1653376005,"Clubs et sociétés populaires, la Révolution prend parti",Dans l'effervescence révolutionnaire de 1789 émerge une nouvelle forme de sociabilité. Citoyennes et citoyens se réunissent en sociétés pour discuter d'idées politiques à défendre et mettre en œuvre. Est-ce le ferment des partis politiques tels que nous les connaissons aujourd’hui ?,https://www.franceculture.fr/franceculture/podcasts/le-cours-de-l-histoire/clubs-et-societes-populaires-la-revolution-prend-parti-2564195,,,,3e08169b-ea5a-42ad-87c8-187c5ede3528_5
2022-05-25T07:06:45+00:00,1653462405,"Troisième République, à l'aube des partis politiques","Alors que le XIXe siècle est hanté par le souvenir des clubs révolutionnaires, l'idée d'une structuration en partis politiques chemine sous la Troisième République. Quelles évolutions de la vie politique, culturelle et sociale ont encouragé la formation de partis politiques en France ?",https://www.franceculture.fr/franceculture/podcasts/le-cours-de-l-histoire/troisieme-republique-a-l-aube-des-partis-politiques-9745230,,,,9fbe0de5-42d2-4342-8dd0-0083a4ff232a_5
2022-05-27T07:06:45+00:00,1653635205,"Orhan Pamuk, fou d'histoire","Prix Nobel de littérature en 2006, l’écrivain turc Orhan Pamuk n’a de cesse de mettre l’histoire en roman et de nourrir son imaginaire grâce à l’histoire. De la fin de l’Empire ottoman à l’histoire d’Istanbul, le romancier ausculte le passé pour mieux approfondir sa propre identité.",https://www.franceculture.fr/franceculture/podcasts/le-cours-de-l-histoire/orhan-pamuk-fou-d-histoire-3492556,,,,23266215-866e-41d8-9e6b-93f33cacfcb0_5
2022-05-30T07:06:45+00:00,1653894405,Les Romains avaient-ils du plomb dans l’air ?,"Monnaie, munitions, hameçons, ancres mais aussi mascara ou condiment, le plomb est omniprésent dans la civilisation romaine. Comment l’exploitation minière à grande échelle organisée par l’Empire romain a-t-elle engendré l’une des premières crises écologiques de l’histoire ?",https://www.franceculture.fr/franceculture/podcasts/le-cours-de-l-histoire/les-romains-avaient-ils-du-plomb-dans-l-air-8874963,,,,97cdf69e-31fe-4c50-9b30-913a6c1df6fa_5
2022-05-31T07:06:45+00:00,1653980805,"Peaux, draps, étoffes, quand se vêtir déteint sur l’environnement","Si les pollutions dues aux activités artisanales ont toujours existé en milieu urbain comme rural, l’essor de l’industrie textile aux XVIIe et XVIIIe siècles aggrave la pollution des eaux. Quelles réglementations ont été mises en place pour limiter leur impact sur les hommes et sur l’environnement ?",https://www.franceculture.fr/franceculture/podcasts/le-cours-de-l-histoire/peaux-draps-etoffes-quand-se-vetir-deteint-sur-l-environnement-7867909,,,,b297b07d-ce6b-4b26-8095-c644218cb625_5
2022-06-01T07:06:45+00:00,1654067205,Tous au charbon ! Polluer à l’usine comme à la ville,"L'essor de la production et de la consommation du charbon marque l'entrée dans l'ère industrielle. Du chauffage domestique aux hauts-fourneaux, ce combustible millénaire enfume les villes européennes du XIXe siècle. L'air était-il irrespirable au siècle du progrès ?",https://www.franceculture.fr/franceculture/podcasts/le-cours-de-l-histoire/tous-au-charbon-polluer-a-l-usine-comme-a-la-ville-1014512,,,,87c568c8-e74e-4ffe-85a5-bf2606d7267d_5
2022-06-02T07:06:45+00:00,1654153605,"Chimie à la ferme, naissance d’une pollution intensive","Après la Seconde Guerre mondiale, les engrais de synthèse s'imposent en France et en Grande-Bretagne. De même, des antibiotiques sont introduits dans l'alimentation des élevages intensifs. Quel est l'impact sur l'environnement de ce nouveau modèle agricole ?",https://www.franceculture.fr/franceculture/podcasts/le-cours-de-l-histoire/chimie-a-la-ferme-naissance-d-une-pollution-intensive-9000311,,,,7af1af6b-22be-470d-9e78-908519920012_5
2022-06-03T07:06:45+00:00,1654240005,"David Madec, fou d'histoire","Administrateur du Panthéon, David Madec est le gardien de ce haut lieu de la République. Des héros inconnus aux illustres figures de l'histoire panthéonisées, il nous raconte l'histoire du monument national et de la politique mémorielle qu'il révèle.",https://www.franceculture.fr/franceculture/podcasts/le-cours-de-l-histoire/david-madec-fou-d-histoire-1144296,,,,403b5570-b885-4a95-961d-c78e2505fcdc_5
2022-06-06T07:06:45+00:00,1654499205,"Mithra à Rome, prendre le culte par les cornes","Mithra, un dieu sauveur issu des mondes iranien et indien, a fait l’objet d’un culte surprenant dans l’Empire romain. Cette nouvelle ""religion à mystères"" truffée de rites initiatiques était-elle clandestine ? Les adeptes de Mithra pratiquaient-ils leur culte en secret ?",https://www.franceculture.fr/franceculture/podcasts/le-cours-de-l-histoire/mithra-a-rome-prendre-le-culte-par-les-cornes-4246225,,,,fe4f987b-33aa-4c4d-a866-e5adbf6b99c6_5
2022-06-07T07:06:45+00:00,1654585605,"Francs-maçons, le secret pour fondations","La société discrète des francs-maçons, née au début du XVIIIe siècle, a suscité autant de fantasmes que de suspicions depuis sa création. Comment les Lumières ont-elles façonné la franc-maçonnerie ? Qui ont été les principaux détracteurs de cette confrérie répartie en différentes loges ?    ",https://www.franceculture.fr/franceculture/podcasts/le-cours-de-l-histoire/francs-macons-le-secret-pour-fondations-5179410,,,,beb48164-b62b-4f4b-b219-8d62fc5d1e33_5
2022-06-08T07:06:45+00:00,1654672005,"Illuminati, à l’ombre d’un fantasme","En 1776, l’ordre des ""Illuminaten"" est fondé en Allemagne dans l’espoir de former les futurs cadres du régime. Comment cette société secrète, très vite interdite, a-t-elle laissé la place à un mythe conspirationniste ? Comment expliquer la survivance de cette ancienne théorie du complot ?",https://www.franceculture.fr/franceculture/podcasts/le-cours-de-l-histoire/illuminati-a-l-ombre-d-un-fantasme-6358571,,,,393de0db-a5d5-4668-8db4-2de73b5b0034_5
2022-06-09T07:06:45+00:00,1654758405,"Le siècle des sociétés secrètes, qui reprend des carbonari ?","Au XIXe siècle, les sociétés secrètes sont en effervescence. De la Charbonnerie française aux carbonari en Italie, comment ces sociétés deviennent-elles une composante essentielle des mouvements révolutionnaires, nationaux et libéraux contre les monarchies absolutistes ?
",https://www.franceculture.fr/franceculture/podcasts/le-cours-de-l-histoire/le-siecle-des-societes-secretes-qui-reprend-des-carbonari-4878606,,,,b2a10410-91a4-4087-a9be-80a975a94fa5_5
2022-06-10T07:06:45+00:00,1654844805,"Recueillir et prendre soin, destins d’enfants juifs après la guerre","Après la Seconde Guerre mondiale, l'urgence pour la communauté juive est de retrouver les enfants cachés durant l'Occupation. Face à ces destins brisés, la priorité est de leur offrir la sécurité et un avenir. C'est l'objectif que poursuit dès 1945 la Commission centrale de l'enfance.",https://www.franceculture.fr/franceculture/podcasts/le-cours-de-l-histoire/recueillir-et-prendre-soin-destins-d-enfants-juifs-apres-la-guerre-9469341,,,,4f870f10-f2e3-4dab-b7b0-219d711446a1_5
2022-06-13T07:06:45+00:00,1655104005,"Erik Le Rouge, les vikings à l’assaut des mers","Explorateur norvégien charismatique et violent, Erik Le Rouge est le premier viking à jeter l'ancre au Groenland. Comment les vikings ont-ils réussi à s'implanter dans les régions du Nord de l'Atlantique à la fin du VIIIe siècle et à découvrir l'Amérique au Xe siècle ?",https://www.franceculture.fr/franceculture/podcasts/le-cours-de-l-histoire/erik-le-rouge-les-vikings-a-l-assaut-des-mers-6363786,,,,9c257082-3be2-43cc-a4d2-e880b23163b7_5
2022-06-14T07:06:45+00:00,1655190405,"Artémise, une femme à la barre en mer Égée ","En 480 avant notre ère, quand la seconde guerre médique bat son plein, Artémise, reine grecque d’Halicarnasse et capitaine de vaisseaux, s’engage aux côtés des Perses. Comment une femme à un poste de commandement était-elle perçue dans le monde grec ? ",https://www.franceculture.fr/franceculture/podcasts/le-cours-de-l-histoire/artemise-une-femme-a-la-barre-en-mer-egee-9588622,,,,b6a5d72d-fcb7-4de6-9547-d01aefaae212_5
2022-06-15T07:06:45+00:00,1655276805,"Surcouf, un corsaire ancré dans son temps","Proche des idées des Lumières, mais armateur de navires qui pratiquent la traite négrière, le corsaire Surcouf synthétise à lui seul les contradictions de son temps. Pourquoi ce navigateur hors pair est-il l'objet d'une légende, celle du corsaire patriote par excellence ?",https://www.franceculture.fr/franceculture/podcasts/le-cours-de-l-histoire/surcouf-un-corsaire-ancre-dans-son-temps-7420215,,,,a12b80ff-1010-4a45-b9cd-b0fe1e078858_5
2022-06-16T07:06:45+00:00,1655363205,"Anita Conti, l’aventure en haute mer","Anita Conti est une femme aux multiples casquettes. À la fois artiste, journaliste, écrivaine, c'est aussi la première femme océanographe. Comment Anita Conti est-elle devenue la ""Dame de la mer"" et une pionnière dans la défense de l'environnement ?",https://www.franceculture.fr/franceculture/podcasts/le-cours-de-l-histoire/anita-conti-l-aventure-en-haute-mer-7593018,,,,9ce6870a-f5b7-484f-aa3c-7ac537b1f5bb_5
2022-06-17T07:06:45+00:00,1655449605,"Roland Becker, fou d’histoire","Saxophoniste, sonneur de bombarde, compositeur et auteur, l'artiste breton Roland Becker s'attache à mieux comprendre l'histoire de la musique bretonne pour composer un univers musical entre musique populaire et musique actuelle. Comment la musique peut-elle éclairer l'histoire paysanne bretonne ?",https://www.franceculture.fr/franceculture/podcasts/le-cours-de-l-histoire/roland-becker-fou-d-histoire-4435186,,,,e8ce06d6-e53d-4319-911a-48c7416263b5_5
2022-06-20T07:06:45+00:00,1655708805,"Nu comme un Grec, se dévêtir dans l’Antiquité","Dans l'Antiquité gréco-romaine, la nudité n’est pas louée en tant que telle : elle répond à des codes. Sa fonction est esthétique mais également politique et morale. Dans quels contextes les corps se dénudent-ils ? La nudité est-elle perçue de la même façon pour tous les habitants de la cité ?",https://www.franceculture.fr/franceculture/podcasts/le-cours-de-l-histoire/nu-comme-un-grec-se-devetir-dans-l-antiquite-8478630,,,,b0ba53cb-56d4-490e-a327-2303e0c968be_5
2022-06-21T07:06:45+00:00,1655795205,"Du bon sauvage à l’indigène, regards européens sur le corps nu","Des premiers voyages des explorateurs au XVIe siècle jusqu’à l'expansion coloniale au XIXe siècle, le corps de l'""Autre"" fascine autant qu'il inquiète les Européens. Comment la figure du ""sauvage"" évolue-t-elle dans le regard occidental ?",https://www.franceculture.fr/franceculture/podcasts/le-cours-de-l-histoire/du-bon-sauvage-a-l-indigene-regards-europeens-sur-le-corps-nu-8976235,,,,2984fcc5-ea90-4418-8a2b-008f8142c86b_5
2022-06-22T07:06:45+00:00,1655881605,Vivre nu pour vivre mieux ? Histoire du naturisme,"Si le naturisme est aujourd’hui associé à une pratique de loisir liée à la nudité, il a d’abord été une doctrine médicale créée au XVIIIe siècle. Comment la vogue des ""médecines naturelles"" a vu naître un courant de pensée qui promeut la nudité ? Comment le nudisme s'est-il répandu ? 
",https://www.franceculture.fr/franceculture/podcasts/le-cours-de-l-histoire/vivre-nu-pour-vivre-mieux-histoire-du-naturisme-9647850,,,,f097e7d7-1d1a-45d2-a042-0a1614e9ad69_5
2022-06-23T07:06:45+00:00,1655968005,"Tout nu et tout bronzé, histoire du corps à la plage","De l'Antiquité jusqu'au début du XXe siècle, la peau féminine diaphane tel un lys est le standard de la beauté. Cette tendance s'inverse dans les années 1920 avec l'essor du bronzage. Qu'est-ce qui favorise la mode de la peau brunie et le triomphe d'un corps quasiment dénudé l'été ?",https://www.franceculture.fr/franceculture/podcasts/le-cours-de-l-histoire/tout-nu-et-tout-bronze-histoire-du-corps-a-la-plage-1912150,,,,903d066b-76a3-46b5-80ef-f08d92e65cc7_5
2022-06-24T07:06:45+00:00,1656054405,"Kévi Donat, fou d’histoire. Balade dans le ""Paris noir""","Guide-conférencier, Kévi Donat raconte l'histoire de Paris à travers le destin des grandes personnalités noires, artistes, intellectuelles ou politiques, qui ont foulé son sol. Comment Kévi Donat s'attache-t-il à raconter et diffuser une histoire du ""Paris noir"" méconnue ?",https://www.franceculture.fr/franceculture/podcasts/le-cours-de-l-histoire/kevi-donat-fou-d-histoire-balade-dans-le-paris-noir-3364806,,,,06209927-7700-4926-bcf9-517289f64c01_5
2022-06-27T07:06:45+00:00,1656313605,Penser l’histoire de l’Afrique avec François-Xavier Fauvelle,"L'évidence mérite d'être rappelée : l'Afrique a une histoire. L'historien et archéologue François-Xavier Fauvelle interroge la discipline historique et son rapport au continent africain. Penser l'histoire de l'Afrique, c'est s'outiller pour comprendre le monde qui nous entoure.",https://www.franceculture.fr/franceculture/podcasts/le-cours-de-l-histoire/penser-l-histoire-de-l-afrique-avec-francois-xavier-fauvelle-3745143,,,,0e0d9e75-b129-471a-89ec-91270589e567_5
2022-06-29T07:06:45+00:00,1656486405,"Du royaume d'Éthiopie au sultanat du Mali, une histoire qui ne manque pas de Sahel ","Qu’il s’agisse du prestigieux empire malien ou du destin exceptionnel du royaume d’Éthiopie, berceau d’un syncrétisme religieux unique, l’histoire médiévale de l’Afrique reste largement méconnue. Comment en retrouver les traces quand les sources pour y accéder sont parfois incomplètes ou biaisées ? ",https://www.franceculture.fr/franceculture/podcasts/le-cours-de-l-histoire/du-royaume-d-ethiopie-au-sultanat-du-mali-une-histoire-qui-ne-manque-pas-de-sahel-7286484,,,,f74dde10-2d24-4f30-9ca4-936c6edecf33_5
2022-06-30T07:06:45+00:00,1656572805,"Tirailleurs sénégalais, les colonies au service de la France","Le décret du 21 juillet 1857 signé par Napoléon III marque la création du corps des tirailleurs sénégalais. Incités ou contraints de s'enrôler, quelle place occupaient-ils dans l'armée coloniale ? Comment retracer leur expérience quotidienne, tant sur le continent africain qu'européen ?",https://www.franceculture.fr/franceculture/podcasts/le-cours-de-l-histoire/tirailleurs-senegalais-les-colonies-au-service-de-la-france-7091039,,,,4f7b4d48-1b4c-4c16-a7af-856ff26905b9_5
2022-07-01T07:06:45+00:00,1656659205,"Maryline Martin, ""folle"" d’histoire. Construire un château fort","Construire pour comprendre, tel est l’adage des ouvriers de Guédelon qui, depuis 1997, bâtissent un château fort à partir des techniques et outils du XIIIe siècle. Maryline Martin, cofondatrice du projet, revient sur les apprentissages du chantier, une manière inédite d'appréhender l'histoire.",https://www.franceculture.fr/franceculture/podcasts/le-cours-de-l-histoire/maryline-martin-folle-d-histoire-construire-un-chateau-fort-6485988,,,,6532ba0c-634d-4ef3-8d12-69e8efb50672_5
2022-07-04T07:00:00+00:00,1656918000,"Ce jour-là, un volcan explose en mer Égée, fin d'une civilisation ?","Entre 1500 et 1600 avant J.-C. survint l'une des plus puissantes éruptions enregistrées au cours des dix mille dernières années, celle du volcan de Santorin en mer Égée. Dans quelle mesure contribue-t-elle à la fin de la civilisation minoenne ? Comment a-t-elle inspiré le mythe de l'Atlantide ? ",https://www.franceculture.fr/franceculture/podcasts/le-cours-de-l-histoire/ce-jour-la-un-volcan-explose-en-mer-egee-fin-d-une-civilisation-8925183,,,,afa87f35-6bde-480c-a6a1-5290ba91aa1e_5
2022-07-05T07:00:00+00:00,1657004400,"Ce jour-là, la peste arrive en Europe","En 1347, la peste arrive en Europe et s’y propage par épisodes jusqu’au XVIIIe siècle. Si les médecins ne parviennent pas à guérir les malades, comment leur influence a-t-elle été renforcée et comment la terrible peste a-t-elle donné naissance aux premières politiques de santé publique ? 
",https://www.franceculture.fr/franceculture/podcasts/le-cours-de-l-histoire/ce-jour-la-la-peste-arrive-en-europe-3904766,,,,bc0b119e-1dc0-4285-81ae-68a2062d4466_5
2022-07-06T07:00:00+00:00,1657090800,"Ce jour-là au ""Nouveau Monde"", trois navires en vue ","Le 6 juillet 2022, « Cinq jours où le monde a basculé » met en lumière l’année 1492, qui, pour les Européens, marque la ""découverte"" du ""Nouveau monde"". Or, des millions d’Amérindiens occupent déjà ce qui ne s'appelle pas encore l'Amérique. ",https://www.franceculture.fr/franceculture/podcasts/le-cours-de-l-histoire/ce-jour-la-au-nouveau-monde-trois-navires-en-vue-8877043,,,,e55fed39-814b-4aa7-b2ed-3caddadc0c2a_5
2022-07-07T07:00:00+00:00,1657177200,"Ce jour-là, l’esclavage est aboli","En France, le décret du 4 février 1794 abolit l'esclavage, mais n'en marque pas la fin effective. Combien de temps a-t-il fallu pour que l’esclavage soit définitivement aboli en France ? Quel rôle les esclaves ont-ils joué dans leur libération ?",https://www.franceculture.fr/franceculture/podcasts/le-cours-de-l-histoire/ce-jour-la-l-esclavage-est-aboli-2577990,,,,ea3e024b-2df1-4c1f-bce4-200f7eef8119_5
2022-07-08T07:00:00+00:00,1657263600,"Ce jour-là, essai atomique au Nouveau-Mexique","Le 16 juillet 1945 à 5h29 au Nouveau-Mexique, une bombe atomique explose pour la première fois. Comment cet essai nucléaire a-t-il initié une course à l'armement ? Comment l'arme nucléaire est-elle devenue un moyen de dissuasion dans les années 1950 après le traumatisme d'Hiroshima et Nagasaki ? ",https://www.franceculture.fr/franceculture/podcasts/le-cours-de-l-histoire/ce-jour-la-essai-atomique-au-nouveau-mexique-8550881,,,,aa658de4-e3e4-4b08-93db-7387a7675ff6_5
2022-07-10T14:00:00+00:00,1657461600,"Didier Daeninckx, fou d'histoire ","Dans ses romans, l'écrivain Didier Daeninckx n'a de cesse de mêler faits historiques et fiction pour interroger le passé. Il revient sur son histoire familiale, terreau de son œuvre et de ses engagements.",https://www.franceculture.fr/franceculture/podcasts/le-cours-de-l-histoire/didier-daeninckx-fou-d-histoire-8611521,,,,e4a23b94-516d-4023-a186-c1f4892b25a1_5
2022-07-17T14:00:00+00:00,1658066400,"Maylis de Kerangal, ""folle"" d'histoire","L'écrivaine Maylis de Kerangal a grandi au Havre, une ville où le passé a disparu sous les bombes de la Seconde Guerre mondiale. Son goût pour l'histoire se cristallise à la rencontre d'un professeur et se poursuit jusqu'aujourd'hui dans son travail d'écriture.",https://www.franceculture.fr/franceculture/podcasts/le-cours-de-l-histoire/maylis-de-kerangal-folle-d-histoire-2377421,,,,0ad1912a-74a6-4740-80e1-005ab2d3dd97_5
2022-07-24T14:00:00+00:00,1658671200,"Simon Abkarian, fou d'histoire ","Acteur, comédien, metteur en scène et dramaturge, Simon Abkarian est un homme de théâtre accompli. À la scène comme à la vie, il transporte avec lui une histoire familiale qui, de l'Arménie à la Syrie, du Liban à la France, porte une culture, raconte une diaspora et éclaire ses engagements. ",https://www.franceculture.fr/franceculture/podcasts/le-cours-de-l-histoire/simon-abkarian-fou-d-histoire-4533868,,,,4a1a3384-5c01-4170-819e-87c16dc9530a_5
2022-07-31T14:00:00+00:00,1659276000,"Delphine Horvilleur, ""folle"" d'histoire","Delphine Horvilleur s'envisage médecin puis journaliste, jusqu’en 2003. Elle entreprend alors des études rabbiniques à New York. De retour à Paris, elle exerce le rabbinat, dans un judaïsme libéral. Un itinéraire et un héritage familial qui interrogent l’histoire. ",https://www.franceculture.fr/franceculture/podcasts/le-cours-de-l-histoire/delphine-horvilleur-folle-d-histoire-5017854,,,,4f84d01b-4909-4e0e-a707-41403c95ff35_5
2022-08-07T14:00:00+00:00,1659880800,"Christian Guémy alias C215, fou d'histoire ",Christian Guémy peint au pochoir les portraits de grandes personnalités de l'histoire comme Simone Veil ou Jean Moulin dont les visages ornent boîtes aux lettres et armoires électriques. L'artiste militant raconte comment il est devenu fou d'histoire.,https://www.franceculture.fr/franceculture/podcasts/le-cours-de-l-histoire/christian-guemy-alias-c215-fou-d-histoire-ok-9885383,,,,2c7d442d-8d42-48fc-8214-ae0c5ea3ffa0_5
2022-08-14T14:00:00+00:00,1660485600,"Fatou Diome, ""folle"" d'histoire ","Des traditions animistes sénégalaises à l’histoire politique et littéraire de la France des Lumières, l'histoire parcourt l'œuvre de Fatou Diome. La romancière nous livre comment l'histoire a influencé sa pensée et son travail.",https://www.franceculture.fr/franceculture/podcasts/le-cours-de-l-histoire/fatou-diome-est-folle-d-histoire-4076633,,,,ceb49546-f603-4f8c-83cc-bd6c5eba6177_5
2022-08-21T14:00:00+00:00,1661090400,"Orhan Pamuk, fou d'histoire ","Prix Nobel de littérature en 2006, l’écrivain turc Orhan Pamuk n’a de cesse de mettre l’histoire en roman et de nourrir son imaginaire grâce à l’histoire. De la fin de l’Empire ottoman à l’histoire d’Istanbul, le romancier ausculte le passé pour mieux approfondir sa propre identité.",https://www.franceculture.fr/franceculture/podcasts/le-cours-de-l-histoire/orhan-pamuk-est-fou-d-histoire-8713237,,,,f1062c4b-cdd0-4d2c-84ad-e5f1099cc89f_5
2022-08-28T14:00:00+00:00,1661695200,"Alice Zeniter, ""folle"" d'histoire ","Morceaux de souvenirs racontés à peu de mots, films d'archives ou livres d'histoire, l'écrivaine Alice Zeniter se plonge dans les documents pour donner corps à l'histoire. Au fil de l'écriture, elle interroge dans quelle mesure l'histoire influe sur chacune de nos vies.",https://www.franceculture.fr/franceculture/podcasts/le-cours-de-l-histoire/alice-zeniter-est-folle-d-histoire-3910812,,,,4f74c711-c5d9-4144-8335-9c3823d8552d_5
2022-08-29T07:00:00+00:00,1661756400,"Tronçais, Compiègne, Fontainebleau... les forêts du roi envoient du bois","Les forêts royales sous l'Ancien Régime sont des réserves de chasse tout comme de bois d'œuvre, destiné en particulier à la charpenterie navale. Pourquoi Colbert initie-t-il une grande réforme des Eaux et Forêts ? Quelles résistances rencontre-t-il ?",https://www.franceculture.fr/franceculture/podcasts/le-cours-de-l-histoire/troncais-compiegne-fontainebleau-les-forets-du-roi-envoient-du-bois-3084665,,,,9e856467-4600-43b3-8a2d-078841e9dc5c_5
2022-08-30T07:00:00+00:00,1661842800,"Aux racines des Landes, un pin c’est tout !","Créée sous l’impulsion de Napoléon III en 1857, la forêt des Landes de Gascogne est la plus grande forêt artificielle d'Europe occidentale. Entre exploitation économique, folklore et disparition des sociétés traditionnelles, plongée dans l’histoire du département le plus boisé de France. ",https://www.franceculture.fr/franceculture/podcasts/le-cours-de-l-histoire/aux-racines-des-landes-un-pin-c-est-tout-4471954,,,,6700ba6f-2c5d-4e13-ace9-6bf657dd4b23_5
2022-08-31T07:00:00+00:00,1661929200,"Verdun, la forêt s'en va-t-en guerre","Quand la Première Guerre mondiale éclate en 1914, c’est la mobilisation générale. Les forêts ne font pas exception à la règle. Quatre ans plus tard, la flore, la faune et les hommes ont payé un lourd tribut. Quel est le rôle de la forêt dans la Grande Guerre ?",https://www.franceculture.fr/franceculture/podcasts/le-cours-de-l-histoire/verdun-la-foret-s-en-va-t-en-guerre-6622256,,,,734f8b48-2b57-482e-8f0b-fd0a444b736e_5
2022-09-01T07:00:00+00:00,1662015600,"Brocéliande, quand la légende cache la forêt","À partir du XIXe siècle, la forêt bretonne de Paimpont est identifiée à la légendaire Brocéliande. Du tombeau de Merlin au Val sans retour, comment la topographie légendaire de Brocéliande s’est-elle établie ? ",https://www.franceculture.fr/franceculture/podcasts/le-cours-de-l-histoire/broceliande-quand-la-legende-cache-la-foret-9936364,,,,acd541da-5a79-47e9-a773-bd0864abac06_5
2022-09-02T07:00:00+00:00,1662102000,"Marc Jeanson, fou d'histoire ","Héritier d’Adanson, Tournefort et Lamarck, le botaniste Marc Jeanson revient sur trois-cent-cinquante ans d’une course folle, celle de l’inventaire du vivant.",https://www.franceculture.fr/franceculture/podcasts/le-cours-de-l-histoire/marc-jeanson-fou-d-histoire-8023079,,,,eed71a2d-5de9-488a-b4cd-a404a25bc903_5
2022-09-05T07:00:00+00:00,1662361200,"Inflation à Rome, l’empereur fait son Maximum ","Parler d’inflation en Rome antique a-t-il un sens ? Ce qui est sûr, c’est que les prix augmentent au IIIe siècle après J.-C. et que les citoyens et le pouvoir ne manquent pas de s'en apercevoir. Dioclétien promulgue alors l'édit du Maximum, qui impose un prix-plafond à plus d'un millier de produits.",https://www.franceculture.fr/franceculture/podcasts/le-cours-de-l-histoire/inflations-a-rome-l-empereur-fait-son-maximum-8144065,,,,8c33d71b-8ef2-4043-a1e7-49c4851547ae_5
2022-09-06T07:00:00+00:00,1662447600,"Assignats, papier-monnaie sans valeur et sans-culotte ?","L'inflation a marqué la Révolution française : pénuries, hausse des prix, papier-monnaie déprécié. Quelles conséquences les innovations monétaires et financières de la Révolution française ont-elles eu sur les Français ? Quelles étapes ont mené à la première hyperinflation moderne ?",https://www.franceculture.fr/franceculture/podcasts/le-cours-de-l-histoire/assignats-papier-monnaie-sans-valeur-et-sans-culotte-4181804,,,,c50e36c4-5d6b-4d56-a4d0-06389725c2f9_5
2022-09-07T07:00:00+00:00,1662534000,Quand les trésors incas font trembler le Siècle d’or,"Au XVIe siècle, l’Europe est en proie à l’inflation. Les érudits y voient la conséquence de l’afflux sans précédent de métaux précieux venus d’Amérique. L’or et l’argent de cet Eldorado fantasmé sont-ils réellement à mettre en cause ?",https://www.franceculture.fr/franceculture/podcasts/le-cours-de-l-histoire/quand-les-tresors-incas-font-trembler-le-siecle-d-or-9761699,,,,c3dfc009-858f-45f0-a4e8-913ffff8a185_5
2022-09-08T07:00:00+00:00,1662620400,"À vos marks ! 1923, l’hyperinflation ruine l’Allemagne","Allemagne, 1923. Face à l'augmentation effrénée des prix, l’État peine à imprimer suffisamment de monnaie pour répondre à la demande, l’opinion perd toute confiance dans le Papiermark, la famine menace, le pays semble au bord de la guerre civile. Que s’est-il donc passé pour en arriver là ?",https://www.franceculture.fr/franceculture/podcasts/le-cours-de-l-histoire/a-vos-marks-1923-l-hyperinflation-ruine-l-allemagne-2520393,,,,34aa2bf9-0238-4a8b-b446-032b46299d64_5
2022-09-09T07:00:00+00:00,1662706800,"Jean-François et Xavier Lagneau, architectes fous d’histoire  ","De l'église Saint-Gervais-Saint-Protais du XVe siècle à la Bibliothèque Richelieu construite à partir du XVIe siècle, en passant par La Samaritaine, Jean-François et Xavier Lagneau, architectes de père en fils, traversent chaque jour l'histoire, avec pour métier le souci de la préserver. ",https://www.franceculture.fr/franceculture/podcasts/le-cours-de-l-histoire/jean-francois-et-xavier-lagneau-architectes-fous-d-histoire-7504184,,,,1126f0e7-19c4-4249-a1d1-68bf71c66c89_5
2022-09-12T07:00:00+00:00,1662966000,"Annette Wieviorka, des années chinoises à l'enquête familiale","Dans ""Mes années chinoises"" et ""Tombeaux. Autobiographie de ma famille"", Annette Wieviorka réfléchit à son histoire personnelle et familiale. De la persécution des juifs durant la Seconde Guerre mondiale à la Chine de Mao, comment l’historienne mêle-t-elle enquête historique et intime ?",https://www.franceculture.fr/franceculture/podcasts/le-cours-de-l-histoire/annette-wieviorka-des-annees-chinoises-a-l-enquete-familiale-4915934,,,,d736f300-2834-4c7a-843b-28f131fa58d0_5
2022-09-13T07:00:00+00:00,1663052400,"Camille Lefebvre, écrire l’histoire des siens","D’Odessa au Maghreb en passant par l’Espagne franquiste, l’historienne Camille Lefebvre part sur les traces de ses grands-parents dans une vaste enquête entre témoignages oraux, archives personnelles et secrets de famille.
",https://www.franceculture.fr/franceculture/podcasts/le-cours-de-l-histoire/camille-lefebvre-ecrire-l-histoire-des-siens-4415589,,,,56f34615-da42-408c-839b-457016e93c79_5
2022-09-14T07:00:00+00:00,1663138800,"François Hartog, historien à temps plein","Dans ""À la rencontre de Chronos"", François Hartog revient sur son parcours intellectuel, ses années de formation, ses lectures et ses voyages, autant d'étapes qui l’ont mené à élaborer une théorie des régimes d’historicité.",https://www.franceculture.fr/franceculture/podcasts/le-cours-de-l-histoire/francois-hartog-historien-a-temps-plein-1670637,,,,5952c320-ea85-4e0e-9174-da99046925e9_5
2022-09-15T07:00:00+00:00,1663225200,"Pierre Nora, faire œuvre de Mémoires","Éditeur chez Gallimard pendant cinquante-sept ans, historien, auteur des mythiques ""Lieux de mémoire"" et directeur de revue pendant quarante ans, Pierre Nora raconte son parcours intellectuel et professionnel dans le deuxième volume de ses mémoires.",https://www.franceculture.fr/franceculture/podcasts/le-cours-de-l-histoire/pierre-nora-faire-oeuvre-de-memoires-4539445,,,,71953b2a-85f6-4813-bf1e-ddbfde81b933_5
2022-09-16T07:00:00+00:00,1663311600,"Bibliothèque nationale de France, un si riche lieu","En travaux depuis 2010, le site Richelieu de la Bibliothèque nationale de France rouvre ses portes ce vendredi 17 septembre. À cette occasion, Le Cours de l’histoire retrace l’histoire au long cours de ce sanctuaire du savoir. ",https://www.franceculture.fr/franceculture/podcasts/le-cours-de-l-histoire/bibliotheque-nationale-de-france-un-si-riche-lieu-6132249,,,,77bf6880-ef98-40b3-940e-84c2f269fb35_5
2022-09-19T07:00:00+00:00,1663570800,Paysans pas contents ! Le temps des jacqueries,"Citadines ou rurales, les révoltes jalonnent le royaume de France de 1350 à 1420. De la résistance silencieuse à l’insurrection sanglante, quelle grammaire de la contestation déploie les insurgés ? Comment les nobles et le pouvoir y répondent-ils ? Pourquoi n’est-il pas question de révolution ?",https://www.franceculture.fr/franceculture/podcasts/le-cours-de-l-histoire/paysans-pas-contents-le-temps-des-jacqueries-7114545,,,,32022c85-31cc-44ff-9827-06e0fb8ef63b_5
2022-09-20T07:00:00+00:00,1663657200,"De Cromwell à la Glorieuse Révolution, vent de colère sur l’Angleterre","En 1642, l’Angleterre vit la première révolution de son histoire et, en 1649, après l'exécution de Charles Ier, l’instauration d’une république sous l'égide de Cromwell. En 1688, l'histoire se répète, et c'est la Glorieuse Révolution. Les Anglais ont-ils inventé la révolution au XVIIe siècle ?",https://www.franceculture.fr/franceculture/podcasts/le-cours-de-l-histoire/de-cromwell-a-la-glorieuse-revolution-vent-de-colere-sur-l-angleterre-3366741,,,,a9849884-2fa8-45da-a2c1-996e060d3b96_5
2022-09-21T07:00:00+00:00,1663743600,"Révolution mexicaine, héros sous sombrero","Théâtre de la première révolution du XXe siècle, le Mexique des années 1910 est un laboratoire militaire, politique et social sans précédent. Des grandes réformes agraires aux projets d’unions étudiantes transnationales, voyage sur les traces de Pancho Villa et d’Emiliano Zapata.",https://www.franceculture.fr/franceculture/podcasts/le-cours-de-l-histoire/histoires-de-revolutions-3-4-revolution-mexicaine-heros-sous-sombreros-5265905,,,,984d502e-8b8f-4b73-8441-12eca989ec94_5
2022-09-22T07:00:00+00:00,1663830000,"Révolution indonésienne, fini la java pour les Bataves","Le 17 août 1945, l’Indonésie proclame son indépendance, inaugurant quatre années de troubles politiques et militaires que les Indonésiens désignent sous le nom de Revolusi : une révolution nationale, mais aussi une guerre d'indépendance, qui ouvre la voie à d'autres révolutions de décolonisation.",https://www.franceculture.fr/franceculture/podcasts/le-cours-de-l-histoire/revolution-indonesienne-fini-la-java-pour-les-bataves-5998624,,,,aa944320-5943-44d4-b1c7-ebf9b99e7c66_5
2022-09-23T07:00:00+00:00,1663916400,"""Folles"" d’histoire ! Jeanne Balibar et les historiennes","L’histoire s'invite sur scène avec la comédienne et chanteuse Jeanne Balibar. Ancienne étudiante en histoire, devenue ensuite comédienne, l'artiste retrace trois destins féminins grâce aux travaux de trois historiennes et remet au goût du jour les récits du passé…",https://www.franceculture.fr/franceculture/podcasts/le-cours-de-l-histoire/folles-d-histoire-jeanne-balibar-et-les-historiennes-7057635,,,,d6926c8d-f68b-477c-80f4-f570334e2084_5
2022-09-26T07:00:00+00:00,1664175600,"De la plume au pinceau, Zola et les artistes ","Habile défenseur des impressionnistes, critique mordant de l'art officiel, romancier au regard de peintre, Émile Zola est un écrivain aux multiples facettes. Également librettiste et photographe, comment l'auteur a-t-il contribué à l'effervescence artistique de la fin du XIXe siècle ?",https://www.franceculture.fr/franceculture/podcasts/le-cours-de-l-histoire/de-la-plume-au-pinceau-zola-et-les-artistes-3942539,,,,dab39767-eb24-47b4-bf5c-15c079b3e4ad_5
2022-09-27T07:00:00+00:00,1664262000,"Zola, auteur sur la ville ","De la misère des années de jeunesse passées rive gauche à l’embourgeoisement de la rive droite, Zola connaît bien Paris. Dans le cycle des Rougon-Macquart, plus de la moitié des romans situent leur action dans la capitale, dont Zola analyse, dépeint et sonde chaque quartier en naturaliste. ",https://www.franceculture.fr/franceculture/podcasts/le-cours-de-l-histoire/zola-auteur-sur-la-ville-4621306,,,,d0896194-a554-4b79-be27-03df1a8973ed_5
2022-09-28T07:00:00+00:00,1664348400,"Naissance des intellectuels, Émile fait des émules ","La naissance du terme ""intellectuel"" est souvent associée, en tout cas en France, à Émile Zola et à son engagement public dans l’affaire Dreyfus. Le parcours de Zola, devenu l'exemple de l'écrivain engagé par excellence, peut-il vraiment nous aider à comprendre ce qu’est un intellectuel ?",https://www.franceculture.fr/franceculture/podcasts/le-cours-de-l-histoire/naissance-des-intellectuels-emile-fait-des-emules-5545053,,,,5805d307-66c7-4099-9057-b3a3bb462f27_5
2022-09-30T07:00:00+00:00,1664521200,"Kris, fou d’histoire  ","De la reconstruction de Brest à l’indépendance algérienne en passant par l’horreur des tranchées, le scénariste de bande dessinée Kris met en planches, depuis vingt ans, les complexités de l’histoire contemporaine. ",https://www.franceculture.fr/franceculture/podcasts/le-cours-de-l-histoire/kris-fou-d-histoire-8987804,,,,6b205aa2-7953-4fbd-b9e6-b57c2c5f09a1_5
2022-10-03T07:00:00+00:00,1664780400,"Cap sur la morue, l’aventure des terre-neuvas ","Pendant cinq siècles, les terre-neuvas ont traversé l’Atlantique pour pêcher la morue sur les bancs de Terre-Neuve. Qui sont ces pêcheurs et pourquoi se lançaient-ils dans ces expéditions périlleuses ?",https://www.franceculture.fr/franceculture/podcasts/le-cours-de-l-histoire/cap-sur-la-morue-l-aventure-des-terre-neuvas-4668617,,,,703ca93f-a50f-47e7-9626-8e9a133b541a_5
2022-10-04T07:00:00+00:00,1664866800,"Traverser l’Atlantique, à bord des titans des mers","Les voyages transatlantiques en paquebot, entre l'Europe et les États-Unis, se massifient à la fin du XIXe siècle et évoluent tout au long du XXe siècle. Comment passe-t-on progressivement de la traversée à la croisière d’agrément, et du voyage, parfois contraint, au loisir ?
",https://www.franceculture.fr/franceculture/podcasts/le-cours-de-l-histoire/traverser-l-atlantique-a-bord-des-titans-des-mers-8542996,,,,b45272d3-cd2b-41e1-b2d8-9878c7303b08_5
2022-10-05T07:00:00+00:00,1664953200,"Boat people, fuir par la mer au péril de sa vie","En 1975, le Laos, le Cambodge et le Vietnam passent aux mains de régimes communistes autoritaires. La surveillance généralisée, le manque d’infrastructures et les exactions de toutes sortes poussent des centaines de milliers de personnes à fuir par la mer, vers l’Europe et les États-Unis.",https://www.franceculture.fr/franceculture/podcasts/le-cours-de-l-histoire/boat-people-fuir-par-la-mer-au-peril-de-sa-vie-4816089,,,,56fece2f-9a0a-4b14-a8f4-db72afb1194a_5
2022-10-06T07:00:00+00:00,1665039600,À l’abordage ! Les flibustiers écument les mers du Sud,"De Barbe Noire à Barberousse, en passant par Jack Sparrow, le capitaine Crochet ou Rackham le Rouge, les pirates, corsaires et flibustiers sont devenus des mythes de la culture populaire. Mais qui sont-ils véritablement ?",https://www.franceculture.fr/franceculture/podcasts/le-cours-de-l-histoire/a-l-abordage-les-flibustiers-ecument-les-mers-du-sud-4679092,,,,b6fde349-bda3-4d82-ad54-4178fb135c2a_5
2022-10-07T07:00:00+00:00,1665126000,De la quête du lointain à l’enquête sur l’histoire proche,"L'historien Georges Vigarello nous emmène dans une histoire des lointains et de leurs représentations au fil des siècles. Il est rejoint par les historiens Florian Louis, Caroline Moine et Christian Ingrao qui portent leur regard sur l'histoire mondiale du XXe siècle.",https://www.franceculture.fr/franceculture/podcasts/le-cours-de-l-histoire/de-la-quete-du-lointain-a-l-enquete-sur-l-histoire-proche-2922459,,,,4817dde0-d055-46c4-aa31-6fa79139af42_5
2022-10-10T07:00:00+00:00,1665385200,"Conscription, mobilisation, désertion, être pris dans la guerre ","En 1798, la loi Jourdan-Delbrel énonce : ""Tout Français est soldat et se doit à la défense de la patrie"". Cette loi inaugure un long XIXe siècle où, loin de l’armée de métier de l’Ancien Régime, l’apprentissage du fait militaire devient l’un des piliers essentiels de la vie civique.",https://www.franceculture.fr/franceculture/podcasts/le-cours-de-l-histoire/conscription-mobilisation-desertion-etre-pris-dans-la-guerre-2196711,,,,928535aa-6f47-4a27-8ca0-89fc2c24930e_5
2022-10-11T07:00:00+00:00,1665471600,"Il n'y avait pas que des poilus, les femmes sur tous les fronts ","S’intéresser aux femmes pendant la Grande Guerre, c’est travailler sur la question des rôles sociaux qui leur étaient dévolus et leur évolution. C’est aussi appréhender les rapports hommes-femmes au sein du cercle privé jusque dans l’intimité et se poser la question de l’émancipation des femmes.",https://www.franceculture.fr/franceculture/podcasts/le-cours-de-l-histoire/il-n-y-avait-pas-que-des-poilus-les-femmes-sur-tous-les-fronts-1488220,,,,bb262504-3a44-448e-88c0-9c90937dd3db_5
2022-10-12T07:00:00+00:00,1665558000,"Retirada, les républicains sur les routes de l’exil ","En 1939, les républicains espagnols prennent la route de l’exode. Ils fuient la dictature franquiste et se dirigent vers la France où ils espèrent trouver refuge et soutien. La réalité est tout autre. Après l'épreuve de la Retirada, ils sont parqués dans des camps d'internement inhumains.",https://www.franceculture.fr/franceculture/podcasts/le-cours-de-l-histoire/retirada-les-republicains-sur-les-routes-de-l-exil-9046034,,,,6fae6223-dacf-47da-bb48-41d9f4171dfd_5
2022-10-13T07:00:00+00:00,1665644400,La guerre à hauteur d'enfant,"À partir des années 1980, la question de l’enfance s’impose comme un objet d’étude dans l’histoire de la Shoah. Cet intérêt s’étend bientôt à tous les enfants et pas seulement aux premières victimes des persécutions : qu’est ce qu’un quotidien d’enfant dans la Seconde Guerre mondiale ? ",https://www.franceculture.fr/franceculture/podcasts/le-cours-de-l-histoire/la-guerre-a-hauteur-d-enfant-9982070,,,,5db27e4f-bdfc-4f99-9221-bc56a415c3bd_5
2022-10-14T07:00:00+00:00,1665730800,"Michel Ocelot, fou d’histoire","Après ""Kirikou et la Sorcière"" et ""Azur & Asmar"", Michel Ocelot nous accompagne de nouveau dans un voyage chatoyant à travers les siècles avec ""Le Pharaon, le Sauvage et la Princesse"".",https://www.franceculture.fr/franceculture/podcasts/le-cours-de-l-histoire/michel-ocelot-fou-d-histoire-1010357,,,,5d4d37bf-9e42-4ba9-9793-af965bcc2ddb_5
2022-10-17T07:00:00+00:00,1665990000,Ton moulin va trop vite ! L’énergie par vents et par eaux ,"Le moulin à eau fait son apparition dès l'Antiquité, quand le moulin à vent apparaît dans les années 1180. Du moulin à eau à la turbine, et du moulin à vent à l'éolienne, comment les ressources hydrauliques et éoliennes ont-elles été exploitées à travers le temps pour produire de l'énergie ?",https://www.franceculture.fr/franceculture/podcasts/le-cours-de-l-histoire/ton-moulin-va-trop-vite-l-energie-par-vents-et-par-eaux-6727391,,,,f46685e1-5c08-435f-b207-156ec15560a9_5
2022-10-18T07:00:00+00:00,1666076400,"Chauffer, éclairer, cuisiner, l’État à pleins gaz","Utilisé dans un premier temps pour l'éclairage des villes et des foyers citadins, le gaz devient l'énergie du confort domestique au tournant du XXe siècle. Comment l'industrie gazière accompagne-t-elle les évolutions de la société française ?",https://www.franceculture.fr/franceculture/podcasts/le-cours-de-l-histoire/chauffer-eclairer-cuisiner-l-etat-a-pleins-gaz-9608081,,,,31425674-ba7d-4879-924a-e0da54b60c7c_5
2022-10-19T07:00:00+00:00,1666162800,"Pétrole, une histoire chère et choc ","Connu depuis l'Antiquité, le pétrole n'a vraiment commencé à être exploité qu'à partir du XIXe siècle. Comment est-il devenu en seulement quelques décennies une source d'énergie incontournable ?",https://www.franceculture.fr/franceculture/podcasts/le-cours-de-l-histoire/petrole-une-histoire-chere-et-choc-6476794,,,,3e51c42e-7bf5-4a04-91a3-cb35c8521e8a_5
2022-10-20T07:00:00+00:00,1666249200,"Détroit de Béring, les baleines et les phoques ont de l’énergie à revendre","Au XIXe siècle, l’avidité des marchés russe et américain déstabilise en profondeur les structures traditionnelles du détroit de Béring. Les ressources énergétiques de ce Far West glacé font l’objet de toutes les convoitises…",https://www.franceculture.fr/franceculture/podcasts/le-cours-de-l-histoire/detroit-de-bering-les-baleines-et-les-phoques-ont-de-l-energie-a-revendre-3392309,,,,011af7e1-f954-4445-8f21-c68cacf7e784_5
2022-10-21T07:00:00+00:00,1666335600,"Et maintenant ? 1797, le temps est à l’incertitude ","Anouchka Vasak explore l’année 1797, moment où la tempête révolutionnaire laisse place à un ciel de traîne, année entre deux eaux, du crépuscule de l’ancien monde à l’aurore d’un monde nouveau.",https://www.franceculture.fr/franceculture/podcasts/le-cours-de-l-histoire/et-maintenant-1797-le-temps-est-a-l-incertitude-8548406,,,,eeb1258a-c995-40f5-8882-a04ed88f32f4_5
2022-10-24T07:00:00+00:00,1666594800,"Argent pas cher ! À la Belle Époque, la maison fait crédit ","À la Belle Époque, des magasins de vente à crédit se développent et permettent aux classes populaires parisiennes d'accéder à de nouveaux biens de consommation. Comment ce mouvement de masse donne-t-il de nouvelles clés pour appréhender les classes populaires ?",https://www.franceculture.fr/franceculture/podcasts/le-cours-de-l-histoire/argent-pas-cher-a-la-belle-epoque-la-maison-fait-credit-4065083,,,,8d01a4ac-2e98-4d5d-8733-ee0f3666be70_5
2022-10-25T07:00:00+00:00,1666681200,"De l’affiche à l’homme-sandwich, une histoire de la réclame","À la fin du XIXe siècle, la publicité envahit les villes. Murs, mobilier urbain, omnibus, hommes-sandwichs, la publicité s’étoffe, s’affirme, et met à contribution les innovations techniques et artistiques de leur temps.",https://www.franceculture.fr/franceculture/podcasts/le-cours-de-l-histoire/de-l-affiche-a-l-homme-sandwich-une-histoire-de-la-reclame-4107090,,,,f48694f8-3d67-4953-9114-e3c547e8b85c_5
2022-10-26T07:00:00+00:00,1666767600,"Supermarchés, une histoire sous cellophane. Fini le cabas, bonjour le caddie ! ","La grande distribution apparaît dans les années 1920 aux États-Unis et est importée en France après la Seconde Guerre mondiale. En 1963, l'entreprise française Carrefour invente l'hypermarché. Libre-service, produits préemballés, caddies, des innovations qui révolutionnent la manière de consommer !",https://www.franceculture.fr/franceculture/podcasts/le-cours-de-l-histoire/supermarches-une-histoire-sous-cellophane-finis-le-cabas-bonjour-le-caddie-2848382,,,,72a23aa6-cbdd-47ae-b21c-d648dbeb55f5_5
2022-10-28T07:00:00+00:00,1666940400,"Françoise Chandernagor, ""folle"" d’histoire","Après ""L’Allée du Roi"", Françoise Chandernagor nous fait partir à la découverte d’une reine oubliée, Séléné, fille de Cléopâtre et reine de Maurétanie avec le roman historique ""Le Jardin de cendres"". ",https://www.franceculture.fr/franceculture/podcasts/le-cours-de-l-histoire/francoise-chandernagor-folle-d-histoire-9491597,,,,20b80380-1d60-44ff-96c9-1427637f9b12_5
2022-10-31T08:00:00+00:00,1667203200,"Émile Zola, mort pour ses idées ?","Le matin du 29 septembre 1902, Émile Zola est retrouvé mort dans sa chambre à coucher, asphyxié à l’oxyde de carbone. Pourtant, de troublantes révélations survenues un demi-siècle plus tard sèment le doute : n’était-ce vraiment qu’un accident ?",https://www.franceculture.fr/franceculture/podcasts/le-cours-de-l-histoire/emile-zola-mort-pour-ses-idees-3357871,,,,a670bd55-d3d0-4a27-b011-b67fa6a8c823_5
2022-11-02T08:00:00+00:00,1667376000,"Presse clandestine et mazarinades, le Grand Siècle rouspète ","Si la presse et l'édition sont sous strict contrôle du pouvoir d'Ancien Régime, des écrits séditieux, dissimulés et clandestins échappent à la censure. Les canaux de l'écrit clandestin sont-ils vraiment imperméables au contrôle de l'État ?",https://www.franceculture.fr/franceculture/podcasts/le-cours-de-l-histoire/presse-clandestine-et-mazarinades-le-grand-siecle-rouspette-8607594,,,,2229bf59-ce5a-46a7-b50d-4bc4dce002c4_5
2022-11-03T08:00:00+00:00,1667462400,"Libelle, pamphlet, caricature… satire à vue !","La Poire de Philipon, La Lanterne d’Henri Rochefort, Les Grimaces d’Octave Mirbeau… Le XIXe siècle est l’âge d’or de la presse satirique. Grâce à la loi libérale de 1881, pamphlétaires et caricaturistes peuvent s’en donner à cœur joie, mais leur liberté d’expression est-elle si absolue ?",https://www.franceculture.fr/franceculture/podcasts/le-cours-de-l-histoire/libelle-pamphlet-caricature-satire-a-vue-6215923,,,,89ba6a9f-84ed-4a81-8607-61176199043d_5
2022-11-04T08:00:00+00:00,1667548800,"Radios libres, ondes de révolte sur la bande FM","À la fin des années 1970, des centaines d’animateurs bénévoles s’élancent dans la bataille des radios libres. Ces pirates des ondes s’engagent dans un bras de fer contre le monopole d’État, et font souffler un vent de subversion sur la bande FM...",https://www.franceculture.fr/franceculture/podcasts/le-cours-de-l-histoire/radios-libres-ondes-de-revolte-sur-la-bande-fm-3517420,,,,c6f8583c-0642-40f0-8def-7b40f4eb0694_5
2022-11-07T08:00:00+00:00,1667808000,"Uppercuts dans la cité, le pugilat secoue la Grèce ","La légende dit que la boxe serait née à Sparte, inventée par des soldats qui cherchaient à protéger au mieux leur visage lors des combats. Ce qui est sûr, c'est que le pugilat, son ancêtre, existe dans le monde grec antique, et probablement déjà auparavant. Pif, paf, entrez dans l’arène !",https://www.franceculture.fr/franceculture/podcasts/le-cours-de-l-histoire/uppercuts-dans-la-cite-le-pugilat-secoue-la-grece-7510450,,,,29563303-2a00-4b17-b209-5db27af5640e_5
2022-11-08T08:00:00+00:00,1667894400,"Alpinisme en Transylvanie, réinventer la montagne ","Un club de sport fondé en 1880 devient pendant des décennies la colonne vertébrale de la culture des Saxons, minorité allemande arrivée en Transylvanie au XIIe siècle. Avec la pratique du ski et de la randonnée dans les Carpates, cette association façonne aujourd'hui encore la culture saxonne.",https://www.franceculture.fr/franceculture/podcasts/le-cours-de-l-histoire/alpinisme-en-transylvanie-reinventer-la-montagne-6771870,,,,92524b8a-1bb2-45cf-950e-925d21f13bdf_5
2022-11-09T08:00:00+00:00,1667980800,"Culte du ballon rond, comment le football est-il devenu une religion ? ","Le 5 mars 1870 à Londres, l’Angleterre et l’Écosse s’affrontent dans le premier match international de football de l’histoire. Le ballon rond s’exporte avec succès en Europe et dans les colonies britanniques, et le football devient une passion mondiale en l’espace de quelques décennies…",https://www.franceculture.fr/franceculture/podcasts/le-cours-de-l-histoire/culte-du-ballon-rond-comment-le-football-est-il-devenu-une-religion-4517009,,,,0f2ae69a-a3e0-45d8-9bd1-c7c76cf2c159_5
2022-11-10T08:00:00+00:00,1668067200,"Plus vite, plus haut, plus fort, histoire de la performance sportive ","Le sport semble aujourd’hui indissociable de la performance, des records d’endurance, de rapidité ou de distance, que nous suivons haletants depuis les gradins ou devant nos téléviseurs. En a-t-il toujours été ainsi ? Comment la performance est-elle devenue une vertu cardinale du sport ?",https://www.franceculture.fr/franceculture/podcasts/le-cours-de-l-histoire/plus-vite-plus-haut-plus-fort-histoire-de-la-performance-sportive-9253460,,,,520fcaa6-7d7c-4708-a4ea-0ce400a1aa5f_5
2022-11-11T08:00:00+00:00,1668153600,"François Aymé, fou d'histoire","Charlie Chaplin, Jean Gabin, Marcel Carné… Autant de figures qui ont marqué l’histoire du cinéma et dont François Aymé révèle la trajectoire par le jeu des archives. Partons, depuis nos fauteuils rouges, au croisement de l'histoire et du septième art. Silence, moteur... Action !",https://www.franceculture.fr/franceculture/podcasts/le-cours-de-l-histoire/francois-ayme-fou-d-histoire-2443613,,,,58e87796-2a82-4aa8-a76f-244c43596720_5
2022-11-14T08:00:00+00:00,1668412800,"Planning familial sur l’agora, réguler la population en Grèce antique ","Le monde grec est régi par un arsenal de politiques familiales. Du mariage au divorce, de la périnatalité à la vieillesse, les lois de la cité font œuvre de régulation sociale et démographique.",https://www.franceculture.fr/franceculture/podcasts/le-cours-de-l-histoire/planning-familial-sur-l-agora-reguler-la-population-en-grece-antique-5403460,,,,a8f24d2d-3a72-4e44-94e8-92d5e702d4c2_5
2022-11-15T08:00:00+00:00,1668499200,"Compter les vivants, compter les morts. Histoire des études démographiques","Alors que le seuil du milliard d'humains est atteint vers les années 1820, la population mondiale ne cesse d'augmenter et devient l'objet de nombreuses attentions. Depuis quand le nombre d'habitants sur Terre nous importe-t-il ? Que nous apprend l'histoire des populations sur le long terme ?",https://www.franceculture.fr/franceculture/podcasts/le-cours-de-l-histoire/compter-les-vivants-compter-les-morts-histoire-des-etudes-demographiques-1561638,,,,f65cca0d-f361-4178-b902-2d74685ac5dd_5
2022-11-16T08:00:00+00:00,1668585600,Trop d’humains sur Terre ? La grève des ventres au XIXe siècle ,"Au XIXe siècle, les néomalthusiens diffusent leurs idées révolutionnaires de contrôle des naissances et promeuvent l'éducation sexuelle, les moyens contraceptifs, et l'avortement. Sont-ils responsables du déclin de la natalité française ?",https://www.franceculture.fr/franceculture/podcasts/le-cours-de-l-histoire/trop-d-humains-sur-terre-la-greve-des-ventres-au-xixe-siecle-6019587,,,,6b032376-f536-4628-b43b-e906aaff8ec5_5
2022-11-17T08:00:00+00:00,1668672000,"Chine, histoire d’un géant démographique ","Comment expliquer que la Chine, malgré la mise en place précoce de politiques antinatalistes particulièrement coercitives, rassemble aujourd’hui une population équivalente au cinquième de l’humanité ? ",https://www.franceculture.fr/franceculture/podcasts/le-cours-de-l-histoire/chine-histoire-d-un-geant-demographique-5282111,,,,0113427a-4184-4e54-b36b-c6be289ab391_5
2022-11-18T08:00:00+00:00,1668758400,"Danièle Sallenave, ""folle"" d’histoire ","Des bords de Loire où elle a grandi, aux fauteuils de l’Académie française, l’écrivaine Danièle Sallenave nous raconte comment l’histoire de France et de son ""petit peuple"" trace un fil rouge dans son rapport au monde et à la littérature.",https://www.franceculture.fr/franceculture/podcasts/le-cours-de-l-histoire/daniele-sallenave-folle-d-histoire-3610169,,,,e7c39871-0082-48ac-9c1d-78234534ea59_5
2022-11-21T08:00:00+00:00,1669017600,"Écartées du pouvoir, les femmes aux oubliettes","Deux enquêtes historiques dévoilent les destinées tragiques de femmes au Moyen Âge : ce sont les trois épouses de seigneurs décapitées en Italie et les brus du roi Philippe le Bel emprisonnées. Leur point commun ? Elles sont accusées d’adultère, un bon prétexte pour les écarter du pouvoir. ",https://www.franceculture.fr/franceculture/podcasts/le-cours-de-l-histoire/ecartees-du-pouvoir-les-femmes-aux-oubliettes-4665426,,,,a8550772-1996-468c-9a4b-18f015dd210c_5
2022-11-22T08:00:00+00:00,1669104000,"Dominer jusqu’à la mort, du ""crime passionnel"" au féminicide","En 1804, le Code civil napoléonien légitime l'incapacité juridique des femmes et écarte la justice pénale de l'intimité du couple. Alors que l'idée fallacieuse de crime passionnel envahit la sphère médiatique, quel cheminement fait émerger le concept de féminicide ?",https://www.franceculture.fr/franceculture/podcasts/le-cours-de-l-histoire/dominer-jusqu-a-la-mort-du-crime-passionnel-au-feminicide-8918714,,,,fd256480-fc3a-4097-950e-6e686abdb80f_5
2022-11-23T08:00:00+00:00,1669190400,"""Apportez-moi mes sels !"" La médecine et le mythe du sexe faible","Au XVIIIe siècle, les médecins et les philosophes imposent l’idée d’une ""nature féminine"". Les femmes seraient d’éternelles malades, que la faiblesse et la sensibilité exacerbée écartent légitimement des sphères politiques et savantes.
",https://www.franceculture.fr/franceculture/podcasts/le-cours-de-l-histoire/apportez-moi-mes-sels-la-medecine-et-le-mythe-du-sexe-faible-9665560,,,,5f73ccd3-5556-4070-98c2-ed04cfa0974c_5
2022-11-24T08:00:00+00:00,1669276800,"Carcan de soie, prison de taffetas, quand les vêtements entravaient les corps des femmes","L'histoire de la mode est une longue histoire de contrainte exercée sur le corps féminin. Du vertugadin à la crinoline, du corps baleiné au corset, des talons aux perruques, les femmes sont encombrées, comprimées, déséquilibrées par des injonctions qui peuvent porter atteinte à leur santé.",https://www.franceculture.fr/franceculture/podcasts/le-cours-de-l-histoire/carcan-de-soie-prison-de-taffetas-quand-les-vetements-entravaient-les-corps-des-femmes-9163015,,,,8f9ee006-7ad7-44e3-8844-1eb4b01c6838_5
2022-11-25T08:00:00+00:00,1669363200,"Jean-Michel Othoniel, artiste : ""Pratiquer son art à l'extérieur, c'est aller à la rencontre des gens""","Du ""Kiosque des noctambules"" aux ""Belles Danses"" en passant par le ""Rêve d’eau"", l’artiste plasticien Jean-Michel Othoniel inscrit ses sculptures sensibles et poétiques dans l’histoire des lieux qui les accueillent.",https://www.franceculture.fr/franceculture/podcasts/le-cours-de-l-histoire/jean-michel-othoniel-fou-d-histoire-8720470,,,,ca3bb337-e27f-415b-9c58-b208c010ce95_5
2022-11-28T08:00:00+00:00,1669622400,Quand la vallée du Mississippi était française ,"À la fin du XVIIe siècle, le royaume de France prend possession de la Louisiane. Comment expliquer la permanence de la langue et de la culture françaises dans cet espace, malgré une période d’occupation assez courte ?",https://www.franceculture.fr/franceculture/podcasts/le-cours-de-l-histoire/quand-la-vallee-du-mississippi-etait-francaise-3140240,,,,294bc76c-bfb2-4eb5-a79a-911035f42b0f_5
2022-11-29T08:00:00+00:00,1669708800,Quand la Marine française servait l’indépendance des États-Unis,"L’implication française dans la révolution américaine est souvent incarnée par un homme, le marquis de Lafayette, et un idéal, celui de la liberté. Pourtant, cette histoire cache une multitude d’acteurs – hommes de troupe, diplomates, armateurs ou espions – et des aspirations moins glorieuses.
",https://www.franceculture.fr/franceculture/podcasts/le-cours-de-l-histoire/quand-la-marine-francaise-servait-l-independance-des-etats-unis-4105386,,,,75a5f591-d247-473f-ae8b-89038894a5d0_5
2022-11-30T08:00:00+00:00,1669795200,"Rêveries californiennes, il était une fois les Français dans l’Ouest ","Dès le XVIIIe siècle, des Français partent pour la Californie et s'y installent. La Ruée vers l'or voit des milliers de Français tenter leur chance aux États-Unis. En 1870, la guerre franco-prussienne pousse encore d'autres Français à l'exil. Quel rôle ont-ils joué dans l'histoire de la Californie ?",https://www.franceculture.fr/franceculture/podcasts/le-cours-de-l-histoire/reveries-californiennes-il-etait-une-fois-les-francais-dans-l-ouest-7633682,,,,e68e853e-e08e-4090-8ab0-ee23bb2887c4_5
2022-12-01T08:00:00+00:00,1669881600,"Fuir l’Occupation, artistes et penseurs français à New York pendant la guerre ","Au début des années 1940, universitaires, journalistes et artistes quittent la France occupée pour rejoindre New York. Cette intelligentsia en exil, parfois vivement critiquée par ses concitoyens restés en métropole, participe à faire de New York le nouveau centre du monde intellectuel.",https://www.franceculture.fr/franceculture/podcasts/le-cours-de-l-histoire/fuir-l-occupation-artistes-et-penseurs-francais-a-new-york-pendant-la-guerre-5572914,,,,27aeeede-7d6b-4546-938e-25eb6f7a616c_5
2022-12-02T08:00:00+00:00,1669968000,"Ariane Mnouchkine, ""folle"" d’histoire ","De la Russie au Japon, d'Eschyle à Molière, la metteuse en scène Ariane Mnouchkine qui reprend les représentations de ""L'Île d'or"", nous explique comment le théâtre peut être un voyage politique et historique.",https://www.franceculture.fr/franceculture/podcasts/le-cours-de-l-histoire/ariane-mnouchkine-folle-d-histoire-9715154,,,,b4206598-9a48-466e-b5c6-26d149428bdf_5
2022-12-05T08:00:00+00:00,1670227200,"Sun Tzu et l’art de la guerre, comment vaincre sans péril inutile ?  ","Dans l’Antiquité chinoise, un stratège nommé Sun Tzu aurait écrit un traité militaire, ""L’Art de la guerre"", dont la traduction, l’interprétation et les applications sont aujourd’hui encore discutées. Qui était vraiment Sun Tzu ? Et quel sens faut-il donner à son traité ?",https://www.franceculture.fr/franceculture/podcasts/le-cours-de-l-histoire/sun-tzu-et-l-art-de-la-guerre-comment-vaincre-sans-peril-inutile-2355127,,,,2b92ef9e-860c-4daa-b3cc-44986e3236b2_5
2022-12-06T08:00:00+00:00,1670313600,César et la guerre des Gaules. Vous verrez du pays qu’ils disaient !,"Renseignement, alliances, bataille rangée ou siège, quelles tactiques et stratégies César a-t-il déployées pour conquérir les Gaules ? Comment se battaient les légions romaines et quel rôle jouait la cavalerie ?",https://www.franceculture.fr/franceculture/podcasts/le-cours-de-l-histoire/cesar-et-la-guerre-des-gaules-vous-verrez-du-pays-qu-ils-disaient-5550053,,,,0a18c36a-1787-43f1-a59d-4731320705e9_5
2022-12-07T08:00:00+00:00,1670400000,Clausewitz a-t-il inventé la guerre absolue ?,"Le militaire prussien Carl Von Clausewitz est une figure centrale des guerres napoléoniennes qui bouleversent l’Europe du début du XIXe siècle. Publiés de façon posthume, ses écrits sur le fait militaire sont un témoignage éclairant d’un moment charnière de l’histoire militaire et philosophique. ",https://www.franceculture.fr/franceculture/podcasts/le-cours-de-l-histoire/clausewitz-a-t-il-invente-la-guerre-absolue-1042614,,,,4c8ca494-3bc2-44c5-b482-5c5bc3aa1d20_5
2022-12-08T08:00:00+00:00,1670486400,"Che Guevara et la guérilla, avoir l’ennemi à l’usure ","Entre 1953 et 1959, la guérilla cubaine menée par Fidel Castro et Ernesto Che Guevara a raison du régime de Fulgencio Batista pourtant soutenu par les États-Unis. Quel rôle joue la guérilla dans l'histoire de la stratégie militaire ? Peut-on parler d'une stratégie de guérilla et de contre-guérilla ?",https://www.franceculture.fr/franceculture/podcasts/le-cours-de-l-histoire/che-guevara-et-la-guerilla-avoir-l-ennemi-a-l-usure-5188030,,,,667941fd-d4cf-4757-991c-405d739042e0_5
2022-12-09T08:00:00+00:00,1670572800,"Jul, fou d’histoire ","Dessinateur, scénariste, auteur de bande dessinée et sinologue tout à la fois, Jul trace son chemin aux frontières de l’humour, de l’histoire et de la critique sociale.
",https://www.franceculture.fr/franceculture/podcasts/le-cours-de-l-histoire/jul-fou-d-histoire-6483522,,,,f9786481-4a1d-45fa-a5e8-bdcbb82ce7ea_5
2022-12-12T08:00:00+00:00,1670832000,"Aztèques saignants, sacrifier pour plaire aux dieux ","Dans la civilisation aztèque comme dans toute l’aire culturelle mésoaméricaine, le sacrifice est au cœur du calendrier religieux et des cérémonies rituelles. Loin d’être un châtiment, le sacrifice est une offrande sacrée, nécessaire au bon fonctionnement du cosmos…",https://www.franceculture.fr/franceculture/podcasts/le-cours-de-l-histoire/azteques-saignants-sacrifier-pour-plaire-aux-dieux-6716577,,,,2df7b19b-8997-468f-b754-77c71d4d1841_5
2022-12-13T08:00:00+00:00,1670918400,"La diplomatie de la girafe. Pour le prince, des animaux pour cadeaux","Appréciés pour leur pelage surprenant, leur gigantisme et leur rareté, girafes, éléphants, mais aussi ours polaires sont des présents prisés des souverains. De la cour de Constantinople aux palais égyptiens, que se joue-t-il dans les relations diplomatiques où s'échangent ces cadeaux exceptionnels ?",https://www.franceculture.fr/franceculture/podcasts/le-cours-de-l-histoire/la-diplomatie-de-la-girafe-pour-le-prince-des-animaux-pour-cadeaux-8127488,,,,bb3e7d31-d4c0-43a9-96da-4fd36c508fb6_5
2022-12-14T08:00:00+00:00,1671004800,"Inflation à Rome, l’empereur fait son Maximum","Parler d’inflation en Rome antique a-t-il un sens ? Ce qui est sûr, c’est que les prix augmentent au IIIe siècle après J.-C. et que les citoyens et le pouvoir ne manquent pas de s'en apercevoir. Dioclétien promulgue alors l'édit du Maximum, qui impose un prix-plafond à plus d'un millier de produits.",https://www.franceculture.fr/franceculture/podcasts/le-cours-de-l-histoire/inflation-a-rome-l-empereur-fait-son-maximum-7625089,,,,1d17f9d1-bb6a-4277-9d4c-459486260669_5
2022-12-15T08:00:00+00:00,1671091200,"Assignats, papier-monnaie sans valeur et sans-culotte ?","L'inflation a marqué la Révolution française : pénuries, hausse des prix, papier-monnaie déprécié. Quelles conséquences les innovations monétaires et financières de la Révolution française ont-elles eues sur les Français ? Quelles étapes ont mené à la première hyperinflation moderne ?",https://www.franceculture.fr/franceculture/podcasts/le-cours-de-l-histoire/assignats-papier-monnaie-sans-valeur-et-sans-culotte-2-5458140,,,,75efa523-15d2-41c9-bed2-09991f358050_5
2022-12-16T08:00:00+00:00,1671177600,"À vos marks ! 1923, l’hyperinflation ruine l’Allemagne","Allemagne, 1923. Face à l'augmentation effrénée des prix, l’État peine à imprimer suffisamment de monnaie pour répondre à la demande, l’opinion perd toute confiance dans le Papiermark, la famine menace, le pays semble au bord de la guerre civile. Que s’est-il donc passé pour en arriver là ?",https://www.franceculture.fr/franceculture/podcasts/le-cours-de-l-histoire/a-vos-marks-1923-l-hyperinflation-ruine-l-allemagne-2-1132180,,,,322cd726-b44f-4619-a85a-6cc32e8edafb_5
2022-12-19T08:00:00+00:00,1671436800,"De Carnac à Stonehenge, que nous disent les mégalithes ?","Dolmens, menhirs, tumulus, cairns, alignements ou enceintes mégalithiques, autant de formations qui intriguent. Quels pouvaient être les usages de ces sites, qui pour certains remontent au Ve millénaire avant notre ère ? Les chercheurs sont loin d'avoir percé tous les mystères des mégalithes…",https://www.franceculture.fr/franceculture/podcasts/le-cours-de-l-histoire/de-carnac-a-stonehenge-que-nous-disent-les-megalithes-4018533,,,,bcff7dc4-66cd-4ff2-b2a3-68407512952c_5
2022-12-20T08:00:00+00:00,1671523200,"Les Amazones, pourquoi ces héroïnes antiques fascinent-elles par-delà les siècles ?","Les Amazones n’ont pas existé. Pourtant, le mythe de ces guerrières antiques, valeureuses cavalières maniant habilement l’arc a marqué de son empreinte les imaginaires au point que les femmes combattantes sont souvent qualifiées ainsi. Pourquoi ces héroïnes antiques nous fascinent-elles tant ?",https://www.franceculture.fr/franceculture/podcasts/le-cours-de-l-histoire/les-amazones-pourquoi-ces-heroines-antiques-fascinent-elles-par-dela-les-siecles-7226303,,,,920ae323-f80c-402e-b0c4-79282191e326_5
2022-12-21T08:00:00+00:00,1671609600,"Suaire de Turin, dévotion sans contrefaçon ? ","Le suaire de Turin apparaît pour la première fois dans des sources du XIVe siècle et l’analyse au carbone 14 confirme qu’il n’a pas plus de huit siècles. Pourtant, pour de nombreux croyants, cette relique est considérée comme l’authentique Saint-Suaire et le débat semble loin d’être apaisé.",https://www.franceculture.fr/franceculture/podcasts/le-cours-de-l-histoire/suaire-de-turin-devotion-sans-contrefacon-7311267,,,,638ff8f6-e308-4359-9b22-a71793ad8d7f_5
2022-12-22T08:00:00+00:00,1671696000,"Loup, y es-tu ? Quels visages donner à la bête du Gévaudan ?","Entre 1764 et 1767, une mystérieuse bête fait des ravages dans le Gévaudan. Les attaques se multiplient et font de nombreux blessés, et même des morts, sans que personne ne réussisse à mettre la main sur la créature qui en est responsable... Qui se cache vraiment derrière la bête du Gévaudan ?",https://www.franceculture.fr/franceculture/podcasts/le-cours-de-l-histoire/loup-y-es-tu-quel-visage-donner-a-la-bete-du-gevaudan-7932300,,,,1a0e04b3-50ed-491c-b995-0601b0d962d7_5
2022-12-23T08:00:00+00:00,1671782400,"Le Tampographe Sardon, fou d’histoire ","Le tampon encreur, objet historique et désuet, est détourné par l’artiste le Tampographe Sardon, qui s'amuse à transmettre des messages empreints d’humour noir, d’ironie et de poésie !",https://www.franceculture.fr/franceculture/podcasts/le-cours-de-l-histoire/le-tampographe-sardon-fou-d-histoire-3428399,,,,be232cbc-6e3c-4ab8-b599-96cb60372bd4_5
2022-12-26T08:00:00+00:00,1672041600,"Nota Bene, transmettre l'histoire sur les réseaux","""Chers camarades, bien le bonjour !"" Le vidéaste Nota Bene déconstruit les idées reçues sur l’histoire à travers des vidéos qui mélangent ton humoristique et rigueur scientifique.",https://www.franceculture.fr/franceculture/podcasts/le-cours-de-l-histoire/nota-bene-transmettre-l-histoire-sur-les-reseaux-4960600,,,,87c63f77-4917-4949-9edd-66ae7ecca3c6_5
2022-12-27T08:00:00+00:00,1672128000,"Jérusalem, 4000 ans d'histoire en bande dessinée","Jérusalem, 4000 ans d'histoire, 250 pages de bande dessinée : comment raconter l'histoire millénaire, religieuse, culturelle, identitaire, architecturale, géopolitique de la ville sainte, ville-monde, nombril du monde, lieu par excellence d'échanges, de transferts, d'hybridations et de syncrétisme ?",https://www.franceculture.fr/franceculture/podcasts/le-cours-de-l-histoire/jerusalem-4000-ans-d-histoire-en-bande-dessinee-5633761,,,,ff7be890-bfb7-4cea-bc55-70dd0e665d1e_5
2022-12-28T08:00:00+00:00,1672214400,"L’histoire vivante, reconstituer le passé","Costumes historiques, duels d'escrime, recettes de cuisine médiévale… quand la reconstitution historique s’invite au cinéma, au musée, ou dans un château, elle permet de faire revivre le passé et d'incarner l'histoire ! 
",https://www.franceculture.fr/franceculture/podcasts/le-cours-de-l-histoire/l-histoire-vivante-reconstituer-le-passe-8691495,,,,e4a49d06-caef-4f9a-aedc-06b118692011_5
2022-12-29T08:00:00+00:00,1672300800,"Par le dessin, au-delà des ruines, restituer le passé","À quoi ressemblaient le Colisée de Rome sous Domitien, le temple de Ramsès II en Égypte ou encore Paris à l’époque mérovingienne ? La restitution permet, grâce à un travail de recherche archéologique, de donner une image en couleur des cités anciennes, dont il ne reste parfois que les ruines…",https://www.franceculture.fr/franceculture/podcasts/le-cours-de-l-histoire/par-le-dessin-au-dela-des-ruines-restituer-le-passe-6979134,,,,6292ca63-c74b-4c61-a3e2-27b86d029781_5
2022-12-30T08:00:00+00:00,1672387200,"Maryline Martin, ""folle"" d’histoire. Construire un château fort","Construire pour comprendre, tel est l’adage des ouvriers de Guédelon qui, depuis 1997, bâtissent un château fort à partir des techniques et outils du XIIIe siècle. Maryline Martin, cofondatrice du projet, revient sur les apprentissages du chantier, une manière inédite d'appréhender l'histoire.",https://www.franceculture.fr/franceculture/podcasts/le-cours-de-l-histoire/maryline-martin-folle-d-histoire-construire-un-chateau-fort-2-6606710,,,,13aa388c-25b1-4fac-b304-6b79dd8187ca_5
2023-01-02T08:00:00+00:00,1672646400,"Habiter la vaste forêt, les populations du Brésil précolombien ","Injustement considérée comme une forêt vierge d’histoire, l’Amazonie est peuplée depuis plus de treize mille ans. L’actuel Brésil fut le lieu d’innovations culturelles, agraires et artistiques majeures, bien avant l’arrivée des colons portugais en 1500...",https://www.franceculture.fr/franceculture/podcasts/le-cours-de-l-histoire/habiter-la-foret-les-populations-du-bresil-precolombien-1831740,,,,24904b6c-3fd3-4685-a031-295c889474bb_5
2023-01-03T08:00:00+00:00,1672732800,"Brésil enchaîné, les révoltes d'esclaves face à l'ordre colonial","Révoltes, fuites collectives, mais aussi résistances discrètes et quotidiennes… Pendant trois siècles, les esclaves du Brésil ont déployé toute une panoplie de stratégies, individuelles ou collectives, pour échapper au système esclavagiste et ouvrir des brèches vers plus de liberté.",https://www.franceculture.fr/franceculture/podcasts/le-cours-de-l-histoire/bresil-enchaine-les-revoltes-d-esclaves-face-a-l-ordre-colonial-3053863,,,,7846df75-0fd9-434e-beca-185bea7165dd_5
2023-01-04T08:00:00+00:00,1672819200,"""L'indépendance ou la mort !"" Construire la nation brésilienne","Le 7 septembre 1822, le prince Pedro de Portugal pousse le cri d’Ipiranga, aujourd'hui considéré comme la déclaration d’indépendance officielle du Brésil. Tandis que l'ancienne colonie s’émancipe de la métropole portugaise de façon singulière, comment se construit l'identité nationale brésilienne ?",https://www.franceculture.fr/franceculture/podcasts/le-cours-de-l-histoire/l-independance-ou-la-mort-construire-la-nation-bresilienne-5941170,,,,3d5b9e4d-f1b4-4a9d-9881-897ccdfd9f3c_5
2023-01-05T08:00:00+00:00,1672905600,"La colère des sans-terre brésiliens, lutter pour la propriété","Le Brésil dispose d’immenses étendues de terres non exploitées, de sols particulièrement fertiles et d’un climat nuancé propice à différentes cultures. Malgré cela, et en dépit d’actions militantes menées depuis les années 1950, l’inégal accès à la terre demeure un sujet majeur.",https://www.franceculture.fr/franceculture/podcasts/le-cours-de-l-histoire/la-colere-des-sans-terre-bresiliens-lutter-pour-la-propriete-2700996,,,,30c9d3ee-fdea-49d8-bd24-5b99eb667be7_5
2023-01-06T08:00:00+00:00,1672992000,"Gérard Araud, diplomate et fou d’histoire","Après trente-sept ans passés au Quai d’Orsay à occuper les postes les plus prestigieux de la diplomatie française, Gérard Araud analyse la longue séquence historique dont il a été un acteur et un témoin privilégié.",https://www.franceculture.fr/franceculture/podcasts/le-cours-de-l-histoire/gerard-araud-diplomate-et-fou-d-histoire-9367808,,,,d87095a7-ee8d-4fc1-82cc-03feb7b827ad_5
2023-01-09T08:00:00+00:00,1673251200,"100% pur ius, une histoire du droit romain","Le droit romain désigne généralement le droit produit sous la République romaine et l'Empire, entre 509 avant J.-C. et 476 après J.-C. Tout au long de ce millénaire, le ius, oral et écrit, évolue et se fixe peu à peu. Pourquoi est-il resté si essentiel dans l'histoire du droit ?",https://www.franceculture.fr/franceculture/podcasts/le-cours-de-l-histoire/100-pur-ius-une-histoire-du-droit-romain-6707287,,,,60f237d5-b6f2-4d02-8a72-18b756d91dfe_5
2023-01-10T08:00:00+00:00,1673337600,Coutumier et canon ! Le Moyen Âge fait son droit,"À partir du XIIe siècle, les droits romain et canonique sont enseignés dans les écoles et les universités. De Bologne à Orléans, une science du droit s’instaure. Dans quelle mesure l’étude du droit savant modifie-t-elle la pratique du droit à l’échelle de l’Europe occidentale ?",https://www.franceculture.fr/franceculture/podcasts/le-cours-de-l-histoire/coutumier-et-canon-le-moyen-age-fait-son-droit-7109218,,,,9ea1d3ed-a582-4d06-ae13-226cbf909b42_5
2023-01-11T08:00:00+00:00,1673424000,Rêver un monde en paix ? Histoire du droit international,"Définir le droit international public comme un ensemble de règles destinées à réguler des relations entre groupes sociaux indépendants, c’est pouvoir faire remonter ses origines à la Mésopotamie. Pourtant, sa naissance est plus souvent corrélée à celle du capitalisme et de l'État-nation...
",https://www.franceculture.fr/franceculture/podcasts/le-cours-de-l-histoire/rever-un-monde-en-paix-histoire-du-droit-international-6244171,,,,8ed6d304-f243-4e1a-8ec7-eb36242cc1eb_5
2023-01-12T08:00:00+00:00,1673510400,"Le droit anglais, une exception dans l’histoire ? ","La ""common law"", le droit britannique, est souvent présentée comme différente du droit européen, car elle s'appuierait davantage sur la jurisprudence que les droits continentaux. L'analyse historique confirme-t-elle cette idée communément répandue ? Les Anglais font-ils vraiment tout différemment ?",https://www.franceculture.fr/franceculture/podcasts/le-cours-de-l-histoire/le-droit-anglais-une-exception-dans-l-histoire-5246364,,,,608e55c8-295a-4d42-a02f-5199cc947c86_5
2023-01-13T08:00:00+00:00,1673596800,"Laurence Equilbey, cheffe d’orchestre : ""En musique aussi les sources sont essentielles""","Laurence Equilbey a reçu une éducation européenne : une enfance passée en Allemagne puis des études sur tout le continent. C’est à travers la musique que la cheffe d’orchestre touche à l’histoire, racontée par les compositeurs et les instruments des époques préromantiques, romantiques et baroques.",https://www.franceculture.fr/franceculture/podcasts/le-cours-de-l-histoire/laurence-equilbey-cheffe-d-orchestre-et-folle-d-histoire-7687030,,,,40490556-24cc-47b4-b463-4c2a90a78fd0_5
2023-01-16T08:00:00+00:00,1673856000,"Emballé, c'est pesé. Les terroirs sont-ils nés sur les marchés ?","Les aliments emblématiques d'un territoire ne sont pas une invention récente. À la fin du Moyen Âge, les perdrix de Nevers ou les pruneaux de Tours sont déjà connus. Au XVIIe siècle, ces produits labellisés d'après une ville ou une région se multiplient et acquièrent leur réputation gastronomique.",https://www.franceculture.fr/franceculture/podcasts/le-cours-de-l-histoire/emballe-c-est-pese-les-terroirs-sont-ils-nes-sur-les-marches-5354600,,,,85e47c59-85ff-4a62-95b5-b3db2a5207f0_5
2023-01-17T08:00:00+00:00,1673942400,"Cuisiner pour les puissants, un festin français","À la fin de l'Ancien Régime, une nouvelle cuisine se déploie à la table des rois, prémices de la gastronomie française : élaboration de coulis et de fonds de cuisson, triomphe du bouquet garni, beurre à toutes les sauces… Comment les élites mettent-elles en scène leur puissance grâce à la table ?",https://www.franceculture.fr/franceculture/podcasts/le-cours-de-l-histoire/cuisinier-pour-les-puissants-un-festin-francais-4187947,,,,7e35feb7-5e25-4cda-bcd8-218775f3a61d_5
2023-01-18T08:00:00+00:00,1674028800,"Des Halles au restaurant, l'histoire au menu","Sous le Second Empire, à Paris, alors que les pratiques alimentaires évoluent, le restaurant devient une nouvelle mode très appréciée des bourgeois. Comment la table d'un restaurant parisien est-elle approvisionnée sous le Second Empire ? Quels liens entre villes et campagnes sont mis en évidence ?",https://www.franceculture.fr/franceculture/podcasts/le-cours-de-l-histoire/des-halles-au-restaurant-l-histoire-au-menu-1747414,,,,b9876893-8f51-4739-a662-7ce86656698d_5
2023-01-20T08:00:00+00:00,1674201600,Michelle Perrot : comment devient-on féministe ?,"On ne naît pas féministe, alors comment le devient-on ? Précurseuse de l’histoire des femmes, Michelle Perrot retrace son itinéraire intellectuel et nous éclaire sur la profondeur historique des luttes qui agitent aujourd’hui nos sociétés.",https://www.franceculture.fr/franceculture/podcasts/le-cours-de-l-histoire/michelle-perrot-comment-devient-on-feministe-7345883,,,,3d187aa3-b3d6-451b-81bd-36eb7fda5b53_5
2023-01-23T08:00:00+00:00,1674460800,"Entre boulevard et impasse, l'histoire politique s'écrit-elle dans la rue ?","La rue est aujourd'hui considérée comme un espace d'expression politique privilégié, qui accueille régulièrement manifestations et rassemblements. En a-t-il toujours été ainsi ? Si le peuple est étroitement associé à la rue, comment le pouvoir politique s'approprie-t-il, lui aussi, la rue ?",https://www.franceculture.fr/franceculture/podcasts/le-cours-de-l-histoire/entre-boulevard-et-impasse-l-histoire-politique-s-ecrit-elle-dans-la-rue-7818890,,,,a64ebdb8-22a2-4cc5-834b-e9801e603019_5
2023-01-24T08:00:00+00:00,1674547200,Vivre ou survivre dans la rue ? Une histoire de la pauvreté,"Chanteuse de rue, crieur, marchande ambulante ou aiguiseur de couteaux, les métiers de rue sont l'apanage des classes populaires, qui multiplient les activités pour compléter leurs maigres salaires et échapper à la pauvreté. Entre errance, mendicité et débrouillardise, comment survivre dans la rue ?",https://www.franceculture.fr/franceculture/podcasts/le-cours-de-l-histoire/vivre-ou-survivre-histoire-des-metiers-de-rue-6652729,,,,9991e8c0-b08a-4b2d-afe0-576ca1f3b672_5
2023-01-25T08:00:00+00:00,1674633600,"La rue en piété, une histoire des processions","Au XVIIIe siècle, les processions occupent une place centrale dans les rues des communes françaises. Elles rythment le temps, fournissent une occasion de célébrer l’identité locale et de souder la communauté. Mais avec la Révolution, la visibilité du fait religieux dans l’espace public fait débat…",https://www.franceculture.fr/franceculture/podcasts/le-cours-de-l-histoire/la-rue-en-piete-une-histoire-des-processions-8773988,,,,8e154a2c-9795-4e32-9f4e-da088737f774_5
2023-01-26T08:00:00+00:00,1674720000,Tracer la voie ! Quand les urbanistes imaginaient la rue,"Alors que les questions d'organisation urbaine remontent à l'Antiquité, l'urbanisme naît formellement au XIXe siècle. Quels sont les grands jalons de cette histoire ? Comment les urbanistes et les architectes ont-ils remis en question le modèle de la rue ?",https://www.franceculture.fr/franceculture/podcasts/le-cours-de-l-histoire/tracer-la-voie-quand-les-urbanistes-imaginaient-la-rue-9031247,,,,cc346418-252f-45be-b333-06192bd754fc_5
2023-01-27T08:00:00+00:00,1674806400,"David Diop, écrivain fou d’histoire ","L'écrivain David Diop est habité par deux histoires : celle du Sénégal et celle de la France, qu’il évoque dans ses romans, avec comme toile de fond le siècle des Lumières, la Grande Guerre, ou encore l’Exposition universelle de 1889.",https://www.franceculture.fr/franceculture/podcasts/le-cours-de-l-histoire/david-diop-fou-d-histoire-2809928,,,,00f6afb8-3ea5-4ba1-9a3d-08538777e3a2_5
2023-01-30T08:00:00+00:00,1675065600,"Les immigrés face à la nation française, je t’aime... moi non plus","Du réfugié au réprouvé, de l’expat’ à l’exilé, retour sur deux siècles de discours et de représentations qui ont façonné la relation complexe de la France à l’immigration.",https://www.franceculture.fr/franceculture/podcasts/le-cours-de-l-histoire/les-immigres-face-a-la-nation-francaise-je-t-aime-moi-non-plus-2088748,,,,5ed9147d-38d2-4f43-9d20-a8813557187c_5
2023-02-01T08:00:00+00:00,1675238400,"Travailleurs immigrés, aux origines d’un combat politique","Dans les années 1970, les conditions de vie, de logement et de travail des travailleurs immigrés en France sont de plus en plus insoutenables. Face à la montée des agressions racistes et à la multiplication de mesures politiques hostiles, le mouvement des travailleurs immigrés s'organise et résiste.",https://www.franceculture.fr/franceculture/podcasts/le-cours-de-l-histoire/travailleurs-immigres-aux-origines-d-un-combat-politique-2098497,,,,d9d46cdc-0955-487a-bd4e-eb1aca7aa9b7_5
2023-02-02T08:00:00+00:00,1675324800,"De port en port, histoires de destins syriens","Beyrouth, Marseille, Le Havre et New York sont autant de villes portuaires traversées par un grand nombre de Syriens à partir des années 1880, fuyant la crise économique qui touche le Liban. Comment se déroulent les étapes de transit dans l’itinéraire de ces immigrés ?",https://www.franceculture.fr/franceculture/podcasts/le-cours-de-l-histoire/de-port-en-port-histoires-de-destins-syriens-2588785,,,,c3cb1a14-b31d-4bc8-8c7d-8510ad09d52b_5
2023-02-03T08:00:00+00:00,1675411200,"Paloma, quand l’histoire est reine","Et si les rois de France faisaient déjà du drag ? La drag-queen Paloma décrypte l'histoire avec des lunettes de queer-storienne, car, comme le dit la légendaire drag-queen RuPaul : ""Tout le monde naît nu, le reste c'est du drag !""",https://www.franceculture.fr/franceculture/podcasts/le-cours-de-l-histoire/paloma-quand-l-histoire-est-reine-5631285,,,,3711dd2f-8fd0-4c0d-8480-0518c59e001a_5
2023-02-06T08:00:00+00:00,1675670400,"De Bruges à Lübeck, du rififi chez les marchands de la Hanse","En 1358, réunies à Lübeck, les villes de la Hanse allemande, qui forment une alliance à la fois commerciale et politique, prononcent un ensemble de sanctions économiques contre Bruges et la Flandre. Que s'est-il passé pour en arriver là ? Ces sanctions sont-elles efficaces ? ",https://www.franceculture.fr/franceculture/podcasts/le-cours-de-l-histoire/de-bruges-a-luebeck-du-rififi-chez-les-marchands-de-la-hanse-4823713,,,,fe15ede6-eb24-4d09-b553-b0935a492f4e_5
2023-02-07T08:00:00+00:00,1675756800,"Blocus continental, l’arme économique de Napoléon","En 1806, tandis que la flotte britannique domine les mers, Napoléon proclame un blocus continental afin d'isoler l'Angleterre, asphyxier son économie et provoquer la paix. La stratégie de l'Empereur ne tarde pas à se retourner contre lui et l'entraîne dans une fuite en avant.",https://www.franceculture.fr/franceculture/podcasts/le-cours-de-l-histoire/blocus-continental-l-arme-economique-de-napoleon-3775612,,,,cb29cbe0-5329-4d31-be5f-50c1bda13cc6_5
2023-02-08T08:00:00+00:00,1675843200,"L’économie comme champ de bataille, ruiner l’Allemagne pour gagner la Grande Guerre","En août 1914, Londres et Paris mettent en place un blocus maritime et continental afin d’empêcher le ravitaillement de l’Allemagne et affaiblir économiquement sa population. Cette stratégie économique et militaire a-t-elle contribué à la victoire des Alliés ?",https://www.franceculture.fr/franceculture/podcasts/le-cours-de-l-histoire/l-economie-comme-champ-de-bataille-ruiner-l-allemagne-pour-gagner-la-grande-guerre-8652092,,,,5dc4b6ee-2301-4bc9-bbaf-29fd1f11dbda_5
2023-02-09T08:00:00+00:00,1675929600,"Une île sous embargo, Cuba pendant la guerre froide","En 1958, la révolution cubaine porte Fidel Castro au pouvoir. Les États-Unis voient d'un mauvais œil l'établissement à leurs portes d'un régime marxiste. En réaction à la nationalisation sans compensation de propriétés américaines, Washington sévit. C'est le début de l'embargo américain contre Cuba.",https://www.franceculture.fr/franceculture/podcasts/le-cours-de-l-histoire/une-ile-sous-embargo-cuba-pendant-la-guerre-froide-5508254,,,,94e8363c-a6fb-4677-8634-53ae7b116248_5
2023-02-10T08:00:00+00:00,1676016000,"Léopold Sédar Senghor, humaniste et universel","Poète puis homme d'État, Léopold Sédar Senghor laisse derrière lui un riche héritage : celui d’un vaste métissage culturel rendu possible par un enrichissement mutuel des civilisations, dont les rapports seraient enfin égalitaires.",https://www.franceculture.fr/franceculture/podcasts/le-cours-de-l-histoire/leopold-sedar-senghor-humaniste-et-universel-2322072,,,,4e842864-4b2a-4877-a6aa-ac9715ce9742_5
2023-02-13T08:00:00+00:00,1676275200,Comment écrire l'histoire des émotions ?,"Nos sens, nos passions et nos émotions ont une histoire. Comment retrouver la trace des sensations du passé au travers des archives et par le regard des historiennes et historiens ?",https://www.franceculture.fr/franceculture/podcasts/le-cours-de-l-histoire/comment-ecrire-l-histoire-des-emotions-4107742,,,,f06f2354-2502-42f0-98b0-4b32ea8c9ef1_5
2023-02-14T08:00:00+00:00,1676361600,Je sens que je vais conclure… la séduction d'hier à aujourd'hui,"Montrer ou dissimuler ses charmes fait le jeu de la séduction dans la société d'Ancien Régime, fondée sur la hiérarchie du sang et des sexes. Comment l'image d'un homme, séducteur, viril et conquérant, et celle d’une femme, chaste, pudique et passive, ont-elles imprégné les codes de l'amour ?",https://www.franceculture.fr/franceculture/podcasts/le-cours-de-l-histoire/je-sens-que-je-vais-conclure-la-seduction-d-hier-a-aujourd-hui-2524501,,,,0f11c025-f70a-4dbc-b091-3cb923e6491f_5
2023-02-15T08:00:00+00:00,1676448000,"De colère, de tristesse, de joie… l'histoire, la larme à l'œil","Pleurer comme une madeleine, comme un crocodile, comme une fontaine ou comme un veau : comment écrire l'histoire des larmes ? Comment les manières de pleurer ont-elles évolué au cours du temps ? Les effusions et les larmes ont-elles connu des significations différentes selon les siècles ?",https://www.franceculture.fr/franceculture/podcasts/le-cours-de-l-histoire/de-colere-de-tristesse-de-joie-l-histoire-la-larme-a-l-oeil-2697068,,,,76588abd-7a36-41a6-a422-386d997180eb_5
2023-02-16T08:00:00+00:00,1676534400,"Ne rien laisser paraître, une histoire de l'insensibilité","Synonyme à la fois d’indifférence, d’absence de sens, de manque d’empathie, l’insensibilité est difficile à définir. Derrière celle-ci se cachent bien souvent des émotions tues ou enfouies. Comment l'histoire de l’insensibilité s'écrit-elle ?",https://www.franceculture.fr/franceculture/podcasts/le-cours-de-l-histoire/ne-rien-laisser-paraitre-une-histoire-de-l-insensibilite-6561970,,,,c3e9b6c1-b891-40e4-b531-87918d542f48_5
2023-02-17T08:00:00+00:00,1676620800,"L'impossible retour, la nostalgie à l'épreuve du temps","Si aujourd’hui le doux nom de nostalgie évoque en chacun de nous un sentiment de rêverie et nous transporte au temps de l’enfance, il n’en fut pas toujours ainsi. La nostalgie a d’abord été une maladie, dangereuse, redoutée, dont on pouvait même mourir…",https://www.franceculture.fr/franceculture/podcasts/le-cours-de-l-histoire/l-impossible-retour-la-nostalgie-a-l-epreuve-du-temps-1236899,,,,288813bb-6d03-4ae1-b4bd-ba8b140e5e74_5
2023-02-20T08:00:00+00:00,1676880000,"Louis XIV et Molière, l'absolutisme entre en scène","Louis XIV accède au pouvoir en 1643. En 1658, Molière conquiert Paris, et bientôt la cour, où il devient l’un des artistes attitrés du Roi-Soleil. Quels sont les rapports de Molière avec le pouvoir absolu ? En quoi éclairent-ils les liens entre théâtre et politique au temps du Grand Siècle ?",https://www.franceculture.fr/franceculture/podcasts/le-cours-de-l-histoire/louis-xiv-et-moliere-l-absolutisme-entre-en-scene-5720961,,,,a77479f1-56f0-4a4a-9e47-73d68c223587_5
2023-02-21T08:00:00+00:00,1676966400,"Jansénisme, les racines du Tartuffe","Au temps de Molière, les jansénistes étaient-ils des religieux rigoristes, des pessimistes du Grand Siècle ou des dévots frondeurs ? Pour Louis XIV, ils sont avant tout une menace pour le royaume dont il faut se débarrasser, quitte à interdire la pièce ""Tartuffe"", pourtant fortement appréciée...",https://www.franceculture.fr/franceculture/podcasts/le-cours-de-l-histoire/jansenisme-les-racines-du-tartuffe-7067853,,,,71bfba74-ddad-4d28-872b-5041553934e5_5
2023-02-22T08:00:00+00:00,1677052800,Classique ! Les arts tirés au cordeau,"Au XVIIe siècle, le classicisme révolutionne toute l’esthétique du Grand Siècle. De la littérature à la peinture en passant par les arts décoratifs, les artistes érigent les Anciens en modèles, et font de la perfection des formes et de la clarté de l’expression des idéaux absolus. ",https://www.franceculture.fr/franceculture/podcasts/le-cours-de-l-histoire/classique-les-arts-tires-au-cordeau-1443646,,,,19ced130-1270-4ceb-adf3-2142074f560d_5
2023-02-23T08:00:00+00:00,1677139200,Ma cassette ! Mon argent ! Le colbertisme pour enrichir la France,"En 1661, Jean-Baptiste Colbert est nommé intendant des finances par Louis XIV. C'est le début d'une phase de mise en ordre de la vie économique française. Quel écho du bouleversement colbertiste se donne à voir dans la vie et les œuvres de Molière ?",https://www.franceculture.fr/franceculture/podcasts/le-cours-de-l-histoire/ma-cassette-mon-argent-le-colbertisme-pour-enrichir-la-france-7326551,,,,12495d4e-8be4-49b5-8cc9-e3bc355eb1fb_5
2023-02-24T08:00:00+00:00,1677225600,"Hommage à Daniel Roche, lumineux historien des Lumières","Daniel Roche, historien spécialiste de l’histoire culturelle et sociale de la France des Lumières, nous a quittés ce dimanche 19 février 2023. Aujourd'hui, nous évoquons ses travaux, ses apports dans la discipline, mais aussi l’homme qu’il était passionné et profondément humain. 
",https://www.franceculture.fr/franceculture/podcasts/le-cours-de-l-histoire/hommage-a-daniel-roche-lumineux-historien-des-lumieres-3888500,,,,2967195b-ed05-435b-95da-219276643fc0_5
2023-02-27T08:00:00+00:00,1677484800,"Hitler, 1923. Une brasserie à Munich","Le début des années 1920 en Allemagne est marqué par une crise profonde que les militants d’extrême droite instrumentalisent pour favoriser l'essor de leurs partis. L’un d’eux, le NSDAP, gagne en puissance, au point que son dirigeant Adolf Hitler tente un coup d’État le 8 novembre 1923.",https://www.franceculture.fr/franceculture/podcasts/le-cours-de-l-histoire/hitler-1923-une-brasserie-a-munich-2391541,,,,c5edb141-fd2b-4966-bfbc-3b8efe86e955_5
2023-02-28T08:00:00+00:00,1677571200," Hitler et ""Mein Kampf"". Genèse de l'idéologie nazie","En 1924, emprisonné dans la forteresse de Landsberg en Bavière, Hitler entame la rédaction de ""Mein Kampf"". Hiérarchie ""raciale"", antisémitisme virulent, ""espace vital"" à conquérir, autant d'éléments annonciateurs de la politique du Troisième Reich.",https://www.franceculture.fr/franceculture/podcasts/le-cours-de-l-histoire/hitler-et-mein-kampf-genese-de-l-ideologie-nazie-5390852,,,,502afc23-4355-4049-a407-2481cfdb2154_5
2023-03-01T08:00:00+00:00,1677657600,"Hitler, 1933. À l'assaut de la démocratie","Le 24 mars 1933, Hitler obtient du parlement allemand qu'il vote la loi des pleins pouvoirs, qui lui donne le droit de gouverner par décret, et donc de contourner complètement la procédure parlementaire. Désormais, plus personne ne peut s'opposer à Hitler, et le pays bascule dans la dictature.",https://www.franceculture.fr/franceculture/podcasts/le-cours-de-l-histoire/hitler-1933-a-l-assaut-de-la-democratie-4740854,,,,d529401e-3035-4063-aa15-b6dd255cddfa_5
2023-03-02T08:00:00+00:00,1677744000,"Hitler, 1943. Montrer les mécanismes de la ""Solution finale""","De la propagande à la production d’images en passant par la mise à contribution des populations non-juives des territoires envahis, comment les nazis ont-ils organisé, encouragé et documenté la mise en place de la ""Solution finale"" ? ",https://www.franceculture.fr/franceculture/podcasts/le-cours-de-l-histoire/hitler-1943-montrer-les-mecanismes-de-la-solution-finale-1335515,,,,d1f420c6-4ed6-42a0-aebb-d8d971b087ab_5
2023-03-03T08:00:00+00:00,1677830400,"Déambulation historique avec Stéphane Audoin-Rouzeau, l'historien face à la guerre","Sur fond de retour de la guerre en Europe, l’historien Stéphane Audoin-Rouzeau – dont l'œuvre a contribué à transformer notre vision de la Première Guerre mondiale – retrace son itinéraire intellectuel dans un livre d’entretiens. ",https://www.franceculture.fr/franceculture/podcasts/le-cours-de-l-histoire/deambulation-historique-avec-stephane-audoin-rouzeau-l-historien-face-a-la-guerre-2919188,,,,37991944-4bec-45e5-9050-fc6a0e365cd6_5
2023-03-06T08:00:00+00:00,1678089600,"Grèves sur le Nil. Bâtisseurs de pyramides, unissez-vous !","Comment s’organise le travail dans l’Égypte antique, en particulier dans le cadre des chantiers commandés par les pharaons pour l'édification de leurs tombes ? Les Égyptiens ont-ils inventé la grève sous Ramsès III ?",https://www.franceculture.fr/franceculture/podcasts/le-cours-de-l-histoire/greves-sur-le-nil-batisseurs-de-pyramides-unissez-vous-9966089,,,,1bf38d31-9bf5-4e1f-9d9c-cb667bc118fe_5
2023-03-07T08:00:00+00:00,1678176000,"Guildes et compagnonnage, défendre son métier au Moyen Âge","Guildes, confréries ou communautés de métiers, les travailleurs du Moyen Âge s’organisent ! Ces associations de métiers, constituées d’artisans ou de marchands, se rassemblent afin de représenter leurs intérêts communs face au pouvoir royal…",https://www.franceculture.fr/franceculture/podcasts/le-cours-de-l-histoire/guildes-et-compagnonnage-defendre-son-metier-au-moyen-age-7721347,,,,65e99f62-8f52-4385-acf6-65d9d389a283_5
2023-03-08T08:00:00+00:00,1678262400,"Épiciers, orfèvres, merciers, faire corps dans la ville des Lumières","Les Six Corps, une immense fédération où se réunissent les corps de marchands les plus prestigieux, règnent en maîtres sur le Paris des Lumières. Comment le corporatisme s’est-il imposé comme une force économique et politique de premier plan dans la France d’Ancien Régime ?",https://www.franceculture.fr/franceculture/podcasts/le-cours-de-l-histoire/epiciers-orfevres-merciers-faire-corps-dans-la-ville-des-lumieres-4573033,,,,a50e11f1-1734-4f6b-ae2e-646ae2c2f228_5
2023-03-10T08:00:00+00:00,1678435200,Staline est mort ! La faucheuse et le marteau,"Joseph Staline s'est éteint le 5 mars 1953. Sa fin de vie est marquée par la maladie qui a influencé ses prises de décisions politiques. Comment se déroulent les derniers jours du ""petit père des peuples"" ? ",https://www.franceculture.fr/franceculture/podcasts/le-cours-de-l-histoire/staline-est-mort-la-faucheuse-et-le-marteau-2851153,,,,b0a9e1a9-8fcc-4d81-a604-092df32f2824_5
2023-03-13T08:00:00+00:00,1678694400,"Irriguer la Mésopotamie, quand l'eau rugit entre le Tigre et l'Euphrate","La Mésopotamie n’a rien d’une terre fertile. Son climat aride et ses sols calcaires en font au contraire une terre difficile à cultiver. Paradoxalement, ce sont ces contraintes qui ont permis, au cinquième millénaire avant notre ère, le développement de l’irrigation…",https://www.franceculture.fr/franceculture/podcasts/le-cours-de-l-histoire/irriguer-la-mesopotamie-quand-l-eau-rugit-entre-le-tigre-et-l-euphrate-6437714,,,,17dbf8fa-c780-4967-a86f-57495ce7958d_5
2023-03-14T08:00:00+00:00,1678780800,"Aqueducs, cloaques, canaux, les bons tuyaux des Romains","Peu importe la météo, chaque premier janvier, le philosophe Sénèque avait pour habitude de se jeter dans les eaux fraîches de l’Aqua Virgo, qui alimentaient les constructions et les bains du Champ de Mars à Rome. Cet épisode illustre le rapport privilégié qu'entretiennent les Romains avec l’eau. ",https://www.franceculture.fr/franceculture/podcasts/le-cours-de-l-histoire/aqueducs-citernes-canaux-les-bons-tuyaux-des-romains-6538463,,,,b7521ab2-b8c3-4f30-907b-053e02e288d0_5
2023-03-16T08:00:00+00:00,1678953600,"L’eau, bien public ou bien privé ? À la source de la discorde","Tout au long du 19e siècle, les eaux courantes ne sont pas gérées par l’État et font l’objet d’un long vide juridique. Comment les ingénieurs, les médecins, les magistrats et les propriétaires privés ont-ils pris le relais et assuré la gestion et la distribution de l’eau aux 19e et 20e siècles ?",https://www.franceculture.fr/franceculture/podcasts/le-cours-de-l-histoire/l-eau-bien-public-ou-bien-prive-a-la-source-de-la-discorde-2275761,,,,2179d49e-9952-4336-a7c7-b9cca8d94ed1_5
2023-03-17T08:00:00+00:00,1679040000,"Musée de l'histoire des féminismes, matrimonialiser les luttes",Un premier musée de l’histoire des féminismes devrait voir le jour en 2027 à Angers. Le Cours de l’histoire reçoit les principales protagonistes de ce projet de mise en valeur du matrimoine.,https://www.franceculture.fr/franceculture/podcasts/le-cours-de-l-histoire/musee-de-l-histoire-des-feminismes-matrimonialiser-les-luttes-6722440,,,,c8560200-1199-45be-815a-309344d01d93_5
2023-03-20T08:00:00+00:00,1679299200,"Uruk, Larsa, Babylone, petit tour dans les villes mésopotamiennes","Pourquoi des villes commencent-elles à apparaître en Mésopotamie au IVe millénaire avant notre ère ? Comment étaient-elles fondées, construites, habitées, administrées, défendues ? Que nous apprennent ces premières structures urbaines mésopotamiennes sur ce qui définit une ville ?",https://www.franceculture.fr/franceculture/podcasts/le-cours-de-l-histoire/uruk-larsa-babylone-petit-tour-dans-les-villes-mesopotamiennes-5255787,,,,a9e09d12-61b2-44d1-8389-de0d3db6dd80_5
2023-03-21T08:00:00+00:00,1679385600,"Bagdad médiéval, capitale des savoirs","Fondée en 762 pour être la capitale de l'Empire abbasside, Bagdad est au carrefour des mondes méditerranéen et indo-iranien. La ville se révèle un centre incontournable dans la traduction de manuscrits antiques, ainsi que dans l'élaboration et la diffusion de savoirs.",https://www.franceculture.fr/franceculture/podcasts/le-cours-de-l-histoire/bagdad-medieval-capitale-des-savoirs-4060664,,,,975ea7aa-9fe2-46c4-8df0-b76e603338f8_5
2023-03-27T07:00:00+00:00,1679900400,Guillaume le Conquérant a plus d’un tour dans sa Manche,"Le 5 janvier 1066, Édouard le Confesseur, roi d’Angleterre, meurt sans descendance. Une crise de succession s’engage alors. Guillaume, puissant duc de Normandie, ne tarde pas à faire valoir ses droits sur le trône d’Angleterre…",https://www.franceculture.fr/franceculture/podcasts/le-cours-de-l-histoire/guillaume-le-conquerant-a-plus-d-un-tour-dans-sa-manche-7451248,,,,d7de7d6a-61be-441d-84f1-36beb344100a_5
2023-03-29T07:00:00+00:00,1680073200,"Henri VIII et François Ier, un Tudor au camp du Drap d'or","En 1520, Henri VIII et François Ier se rencontrent pour la première fois. Quelles sont les relations entre ces deux rois qui ont de nombreux points communs ? Entre rivalité, concurrence, admiration et agressivité, ils se croisent et s'affrontent tout au long de la première moitié du XVIe siècle.",https://www.franceculture.fr/franceculture/podcasts/le-cours-de-l-histoire/henri-viii-et-francois-ier-un-tudor-au-camp-du-drap-d-or-6634099,,,,90bbbe83-5e55-4a18-a4cd-c804a62e1623_5
2023-03-30T07:00:00+00:00,1680159600,"Victoria in Paris, la reine francophile","En 1843, Victoria est la première monarque britannique à se rendre en France depuis la rencontre entre Henri VIII et François Ier au camp du Drap d’or en 1520. La souveraine a maintenu des liens diplomatiques et personnels ténus avec les dirigeants français tout au long de son règne.",https://www.franceculture.fr/franceculture/podcasts/le-cours-de-l-histoire/victoria-in-paris-la-reine-francophile-1153320,,,,d2d96c16-d18f-4ea5-ab8e-2e1206df67d5_5
2023-03-31T07:00:00+00:00,1680246000,"Christophe Colomb, quoi de nouveau sous le soleil ? ","Hissez haut à bord de la Pinta, de la Niña et de la Santa María ! Le 31 mars 2023, ""Le Cours de l’histoire"" fait cap vers l’ouest en compagnie de Christophe Colomb.",https://www.franceculture.fr/franceculture/podcasts/le-cours-de-l-histoire/christophe-colomb-quoi-de-nouveau-sous-le-soleil-3616110,,,,88f3e3d6-b029-4da4-85cf-00a0de6ad9e6_5
2023-04-03T07:00:00+00:00,1680505200,"Pour un récit partagé, les lieux de mémoire de la traite et de l'esclavage",Quels lieux de mémoire pour la traite et l’esclavage ? Comment une politique mémorielle s'est-elle mise en place en France ? Quel rôle jouent la société civile et les pouvoirs publics dans l’animation de cette mémoire ?,https://www.franceculture.fr/franceculture/podcasts/le-cours-de-l-histoire/un-recit-partage-les-lieux-de-memoire-de-la-traite-et-de-l-esclavage-4968120,,,,de679bd6-f475-4d33-8427-d24c2409e965_5
2023-04-04T07:00:00+00:00,1680591600,"Urbex, les aventuriers de la friche perdue","Escalader, arpenter, explorer des lieux abandonnés... et les étudier. L’urbex est une pratique récente, qui passionne des milliers d'individus. Partons en expédition découvrir de nouveaux lieux de mémoire à travers ce phénomène culturel mondial.",https://www.franceculture.fr/franceculture/podcasts/le-cours-de-l-histoire/urbex-les-aventuriers-de-la-friche-perdue-4777859,,,,5cabecc4-e347-415b-8ca3-ba2372ecb271_5
2023-04-05T07:00:00+00:00,1680678000,"La Maison d’Izieu, bâtir la mémoire de la Shoah","Le 6 avril 1944, Klaus Barbie ordonne l’arrestation et la déportation d’enfants juifs réfugiés à Izieu dans une maison transformée en colonie de vacances. Après le procès Barbie de 1987, les survivants et leurs descendants fondent une association et font de la maison d’Izieu un lieu de mémoire.",https://www.franceculture.fr/franceculture/podcasts/le-cours-de-l-histoire/la-maison-d-izieu-batir-la-memoire-de-la-shoah-6320394,,,,f5a76340-1886-4f67-8d35-617df14ad017_5
2023-04-07T07:00:00+00:00,1680850800,"Première Internationale ouvrière, à l’aube du syndicalisme","Le 28 septembre 1864, réunis au Saint-Martin's Hall à Londres, des travailleurs anglais, français, allemands et italiens fondent ensemble l'Association Internationale des travailleurs. En quoi cette Première Internationale ouvrière est-elle un jalon fondateur de l’histoire des luttes sociales ?",https://www.franceculture.fr/franceculture/podcasts/le-cours-de-l-histoire/premiere-internationale-ouvriere-a-l-aube-du-syndicalisme-7880309,,,,b8be90e0-018c-44a2-a465-73be3e699a02_5
2023-04-10T07:00:00+00:00,1681110000,"Ça bûche dans la ruche, aux origines de l’apiculture","Des récoltes sauvages du miel à l'apparition de l'apiculture, partout où les abeilles furent présentes, leur miel fut exploité. À quoi ressemblaient les premières abeilles apprivoisées ? Comment cet insecte est-il devenu si proche des humains ?",https://www.franceculture.fr/franceculture/podcasts/le-cours-de-l-histoire/ca-buche-dans-la-ruche-aux-origines-de-l-apiculture-7664263,,,,eade5302-dcfd-4a64-8107-799379e655b1_5
2023-04-11T07:00:00+00:00,1681196400,"Les animaux machines, moteurs de l’industrialisation","Le XIXe siècle est celui du labeur des animaux. Des ateliers aux champs, des mines aux brasseries, les chiens, chevaux et mulets sont un moteur essentiel de l'industrialisation.",https://www.franceculture.fr/franceculture/podcasts/le-cours-de-l-histoire/les-animaux-machines-moteurs-de-l-industrialisation-2471153,,,,ff6cd3b7-3f07-49f3-95ee-f3e50bf35c10_5
2023-04-12T07:00:00+00:00,1681282800,"Sale temps pour les chiens, canicide dans la ville","Mexico à la fin du XVIIIe siècle, Madrid en 1832, Paris en 1878 et en 1892, Istanbul en 1910… Les grandes tueries de chiens se multiplient au cours du XIXe siècle. Quel sens donner à ces tueries, et que disent ces massacres des relations entre les humains et les animaux ?",https://www.franceculture.fr/franceculture/podcasts/le-cours-de-l-histoire/sale-temps-pour-les-chiens-canicide-dans-la-ville-4930463,,,,832f2eeb-ac01-4c3e-b13e-c5bc9dc85589_5
2023-04-13T07:00:00+00:00,1681369200,Adam et Ève mangeaient-ils des animaux ? Histoire d’une controverse,"Dans l’Europe du XVIIe siècle, exégètes, médecins, botanistes et philosophes engagent une controverse épineuse : la Genèse proscrit-elle la consommation de viande ? Adam et Ève étaient-ils végétariens ?",https://www.franceculture.fr/franceculture/podcasts/le-cours-de-l-histoire/adam-et-eve-mangeaient-ils-des-animaux-histoire-d-une-controverse-6434584,,,,e2d8bbe6-9fb7-4eb4-b945-80dee71685e8_5
2023-04-14T07:00:00+00:00,1681455600,"Benoît Gallot, l’histoire six pieds sous terre","Vitrine de l’art funéraire du 19ᵉ siècle et véritable Panthéon à ciel ouvert, Benoît Gallot nous guide à travers l’histoire du Père-Lachaise.

",https://www.franceculture.fr/franceculture/podcasts/le-cours-de-l-histoire/benoit-gallot-l-histoire-six-pieds-sous-terre-9577639,,,,4a099560-ca02-4d88-b85c-93490ede4c6a_5
2023-04-17T07:00:00+00:00,1681714800,Les premières écritures livrent leurs secrets,"En 2017, l'archéologue François Desset parvient à déchiffrer l’élamite linéaire, un système d’écriture millénaire. Quelles sont les conséquences de ce déchiffrement pour la recherche historique et linguistique ? En quoi cette découverte éclaire-t-elle d’un jour nouveau la naissance de l’écriture ?",https://www.franceculture.fr/franceculture/podcasts/le-cours-de-l-histoire/dechiffrer-des-lettres-les-premieres-ecritures-livrent-leurs-secrets-2423499,,,,b6d88d51-9c84-46a2-9790-c06e913db258_5
2023-04-18T07:00:00+00:00,1681801200,"L’aventure de l’imprimerie. Gutenberg, un homme de caractères","La ""Bible de Gutenberg"" est le premier imprimé typographique européen réalisé vers 1455 à Mayence. Si des procédés d’impression existent déjà, l’innovation de Gutenberg permet le développement de techniques d’impression et la diffusion de millions de livres imprimés en Europe.",https://www.franceculture.fr/franceculture/podcasts/le-cours-de-l-histoire/l-aventure-de-l-imprimerie-gutenberg-un-homme-de-caracteres-6989554,,,,87ffe26e-aeb9-4731-bfcc-2398252a4c2b_5
2023-04-19T07:00:00+00:00,1681887600,"Claude Garamont typographe, appelez la police !","Au XVIe siècle, le tailleur et fondeur de caractères Claude Garamont est invité par François Ier à inventer une série de polices d’écriture. Ses créations représentent une véritable révolution typographique et aujourd’hui encore, la police d’écriture qui porte son nom est partout. ",https://www.franceculture.fr/franceculture/podcasts/le-cours-de-l-histoire/claude-garamont-typographe-appelez-la-police-1448631,,,,6d305636-5a87-4a3f-971c-486abe86a6bc_5
2023-04-20T07:00:00+00:00,1681974000,"Écrire le braille, s’émanciper du bout des doigts","Le braille est un système d’écriture inventé au XIXe siècle par Louis Braille. Avec une cellule composée de six points mis en relief selon une combinaison, des mots, des phrases, des textes apparaissent sous les doigts du lecteur.",https://www.franceculture.fr/franceculture/podcasts/le-cours-de-l-histoire/ecrire-le-braille-s-emanciper-du-bout-des-doigts-7157304,,,,22092173-b455-4adc-82d7-2c7af303c65c_5
2023-04-21T07:00:00+00:00,1682060400,"Miguel Bonnefoy, écrivain fou d’histoire","Partons à la rencontre d’histoires en Amérique latine, en exil, et de figures historiques tombées dans l’oubli avec l’écrivain Miguel Bonnefoy.",https://www.franceculture.fr/franceculture/podcasts/le-cours-de-l-histoire/miguel-bonnefoy-ecrivain-fou-d-histoire-7222390,,,,1e2e4bc2-f3c9-449d-ae0d-bd040bd4388f_5
2023-04-21T23:00:00+00:00,1682118000,"Xavier Mauduit vous conseille ""Rose Valland, héroïne de l'ombre""","Xavier Mauduit, le producteur du ""Cours de l'histoire"", vous recommande la série de fiction ""Rose Valland, héroïne de l'ombre"", tirée de l'histoire vraie d'une résistante qui va tout faire pour s'opposer à la spoliation des oeuvres d'art par les nazis pendant la Seconde guerre mondiale.",https://www.franceculture.fr/franceculture/podcasts/le-cours-de-l-histoire/xavier-maudit-vous-conseille-rose-valland-heroine-de-l-ombre-9397280,,,,7b19f676-bbe9-4bce-806a-9e3e60393b85_5
2023-04-24T07:00:00+00:00,1682319600,"Les Mamelouks face à la Horde, le Proche-Orient dans la tourmente","De la conquête mongole au XIIIe siècle, à l’invasion ottomane en 1534, le Proche-Orient connaît une période de déclin après avoir été le centre culturel et intellectuel du monde islamique.",https://www.franceculture.fr/franceculture/podcasts/le-cours-de-l-histoire/les-mamelouks-face-a-la-horde-le-proche-orient-dans-la-tourmente-3328056,,,,144f31c2-987e-4c81-b7c4-9169f5c30299_5
2023-04-25T07:00:00+00:00,1682406000,"L'Irak sous mandat britannique, de la conquête à l’indépendance","En 1920, l'Irak, qui n'existe pas encore comme entité étatique indépendante, est intégré à l’Empire britannique par le traité de Sèvres. Quelles conséquences ce mandat a-t-il eu dans la construction de l’État irakien ?",https://www.franceculture.fr/franceculture/podcasts/le-cours-de-l-histoire/l-irak-sous-mandat-britannique-de-la-conquete-a-l-independance-2877380,,,,40c3ca0b-64a8-43f0-bd8f-735905ef67b5_5
2023-04-26T07:00:00+00:00,1682492400,"Édouard III et Philippe VI, deux rois pour une couronne","Édouard III, roi d'Angleterre et petit-fils du roi de France Philippe le Bel, revendique en 1337 la couronne de France et qualifie Philippe VI de Valois d'usurpateur. C'est le début de ce que l'histoire retient comme la guerre de Cent Ans. Comment comprendre cette rivalité franco-anglaise ?",https://www.franceculture.fr/franceculture/podcasts/le-cours-de-l-histoire/edouard-iii-et-philippe-vi-deux-rois-pour-une-couronne-1544024,,,,90e27c0c-d021-4045-8f14-b7f5dba0a203_5
2023-04-27T07:00:00+00:00,1682578800,Les Man du fleuve Bleu face à la Chine impériale,Le peuple Man est une invention du pouvoir impérial chinois. Les conflits qui opposent cet ensemble de populations originaires des rives du fleuve Bleu au pouvoir central durent plus d’un millénaire. Ils témoignent de la logique d’expansion qui accompagne la consolidation de la Chine impériale.,https://www.franceculture.fr/franceculture/podcasts/le-cours-de-l-histoire/les-man-du-fleuve-bleu-face-a-la-chine-imperiale-1915733,,,,660e4aec-3107-436b-ab18-73ee87ba5b2b_5
2023-04-28T07:00:00+00:00,1682665200,"Musée-mémorial du terrorisme, rendre hommage aux victimes",Comment rendre hommage aux victimes du terrorisme dans un musée-mémorial ? Comment penser la muséographie et arbitrer entre ce qui peut être montré et ce qui ne peut pas l’être ? Pourquoi intégrer un espace sur l'histoire du terrorisme et en retracer les jalons ?,https://www.franceculture.fr/franceculture/podcasts/le-cours-de-l-histoire/musee-memorial-du-terrorisme-rendre-hommage-aux-victimes-7279050,,,,5d68451c-d079-4446-a607-c437e747da09_5
2023-05-01T07:00:00+00:00,1682924400,Pas d'émission ce jour,"En raison d’un appel à la grève de l’ensemble des organisations syndicales représentatives de Radio France déposé dans le cadre de la journée nationale de mobilisation contre la réforme des retraites, nous ne sommes pas en mesure de diffuser l’intégralité de nos programmes habituels.",,,,,01fbe067-f1dc-49e3-9609-a1f5c5e84627_5
2023-05-02T07:00:00+00:00,1683010800,"Fake news, infox, théories du complot. Historiennes, historiens en première ligne","Erreurs, anachronismes, contre-sens, exagérations ou affirmations mensongères… de faux récits historiques circulent sur les réseaux sociaux ou dans la sphère médiatique. Que peuvent les historiennes et historiens face à ces détournements de l'histoire ?",https://www.franceculture.fr/franceculture/podcasts/le-cours-de-l-histoire/fake-news-theories-du-complot-historiennes-et-historiens-en-premiere-ligne-8124477,,,,a22b00ec-705d-48e8-bfdc-77e94dce114a_5
2023-05-03T07:00:00+00:00,1683097200,"Passés recomposés. Avec des ""si"", on met l’histoire en bouteille","Et si la Révolution française n’avait pas eu lieu ? Et si Hitler n’avait pas existé ? Ces questions, loin de n’être qu’un jeu de l’esprit, permettent de penser une ""histoire des possibles"" et de nourrir la réflexion des historiens et des historiennes.",https://www.franceculture.fr/franceculture/podcasts/le-cours-de-l-histoire/passes-recomposes-avec-des-si-on-met-l-histoire-en-bouteille-9777761,,,,db485a0e-243b-4a61-8d52-59557d11b348_5
2023-05-04T07:00:00+00:00,1683183600,Il était une fois l’uchronie… Histoire d’un genre littéraire,Et si Karl Marx était mort de la tuberculose à trois ans ? Et si les Beatles n'avaient pas connu une notoriété fulgurante ? Comment les écrivains et écrivaines s’emparent-ils de l’uchronie ? En quoi l’uchronie permet-elle d’interroger les canons esthétiques ?,https://www.franceculture.fr/franceculture/podcasts/le-cours-de-l-histoire/il-etait-une-fois-l-uchronie-histoire-d-un-genre-litteraire-1142472,,,,841f92b2-e7d5-4864-80a6-595a3e374ada_5
2023-05-05T07:00:00+00:00,1683270000,"Catherine Meurisse, dessinatrice : ""Dessiner, c'est garder une part d'enfance et d'émerveillement""",Catherine Meurisse explore avec humour et justesse l’histoire de la littérature et de la peinture. L’autrice de bande dessinée nous raconte son rapport aux vieilles pierres et à l’histoire du vivant.,https://www.franceculture.fr/franceculture/podcasts/le-cours-de-l-histoire/catherine-meurisse-folle-d-histoire-3052095,,,,2818e6ef-2f91-4f7f-83a7-e0cde8623f5f_5
2023-05-08T07:00:00+00:00,1683529200,"Gouverner autrement, l'exemple des rois francs","Des temps mérovingiens où l’administration du royaume est encore empreinte des usages romains et de ceux des chefferies franques, jusqu'aux souverains capétiens de l’an mil, comment les roi des Francs gouvernent-ils un royaume en proie aux convoitises et aux déchirements dynastiques ?",https://www.franceculture.fr/franceculture/podcasts/le-cours-de-l-histoire/gouverner-autrement-l-exemple-des-rois-francs-2825790,,,,95a326f5-4a1b-47d5-84e3-d012b4608599_5
2023-05-09T07:00:00+00:00,1683615600,"Doléances et consultations, comment faire passer des réformes au Moyen Âge ?","Même si le roi a la capacité de faire et de défaire la loi, il lui serait mal avisé de ne pas prêter l'oreille aux doléances de ses sujets. Alors que l'État est en pleine construction à la fin du Moyen Âge, comment les souverains font-ils accepter leurs décisions politiques ?",https://www.franceculture.fr/franceculture/podcasts/le-cours-de-l-histoire/doleances-et-consultations-comment-faire-passer-des-reformes-au-moyen-age-6787546,,,,777df79e-b398-4c62-8f04-269f0e25b3e4_5
2023-05-10T07:00:00+00:00,1683702000,"Mon corps est un temple, conseils du Moyen Âge pour être le plus beau des jouvenceaux","Au XIIIe siècle apparaissent les premiers ""régimes de santé"", de véritables diètes qui définissent des règles à respecter pour avoir une bonne hygiène de vie. Quelles prescriptions pour prendre soin de soi au Moyen Âge ? Que nous disent ces pratiques des conceptions médicales alors en vigueur ?",https://www.franceculture.fr/franceculture/podcasts/le-cours-de-l-histoire/mon-corps-est-un-temple-conseils-du-moyen-age-pour-etre-le-plus-beau-des-jouvenceaux-2189672,,,,842c660c-9927-4bec-bb15-97ba52499847_5
2023-05-11T07:00:00+00:00,1683788400,Quand le Moyen Âge nous donne des leçons de tolérance,"De la misogynie à la xénophobie en passant par l’antisémitisme, le Moyen Âge était-il intolérant ? D’où vient la mauvaise réputation d'un millénaire d'histoire, si souvent présenté comme obscur, violent et insensible ?",https://www.franceculture.fr/franceculture/podcasts/le-cours-de-l-histoire/quand-le-moyen-age-nous-donne-des-lecons-de-tolerance-5566648,,,,d8c45bd3-80c1-40d3-a3c5-4dfd5aec4b97_5
2023-05-12T07:00:00+00:00,1683874800,L’histoire face à l’intelligence artificielle. Et si les Romains avaient marché sur la Lune ? ,"Et si les Romains avaient découvert et maîtrisé la machine à vapeur... auraient-ils marché sur la Lune ? Impossible à affirmer, mais l'hypothèse peut être soutenue grâce à l'uchronie. Quel rôle joue le progrès technologique, et peut-être même l'intelligence artificielle, dans l’histoire ?",https://www.franceculture.fr/franceculture/podcasts/le-cours-de-l-histoire/l-histoire-face-a-l-intelligence-artificielle-et-si-les-romains-avaient-marche-sur-la-lune-6231552,,,,47b7a023-2920-4707-9e28-8141dc485088_5
2023-05-15T07:00:00+00:00,1684134000,"Enfants et résistants, les petites mains de l’armée des ombres",Josette Torrent a douze ans quand elle entre dans la Résistance et devient agent de liaison pour son père. Quels sont les parcours des enfants et adolescents résistants pendant la Seconde Guerre mondiale ? En quoi leur engagement offre-t-il une perspective différente sur la Résistance à l'occupant ?,https://www.franceculture.fr/franceculture/podcasts/le-cours-de-l-histoire/enfants-et-resistants-les-petites-mains-de-l-armee-des-ombres-6705523,,,,54cfbb6e-86b6-447e-b926-f1c1c60291ab_5
2023-05-16T07:00:00+00:00,1684220400,"Résister, survivre, collaborer, la vie quotidienne sous l’Occupation","Sous l'Occupation, la vie quotidienne des Français et Françaises est rythmée par le rationnement, les couvre-feux et les rafles… Attendre le retour à une vie normale, résister, ou collaborer, comment la population française compose-t-elle avec l'occupant nazi et l'État français collaborationniste ?",https://www.franceculture.fr/franceculture/podcasts/le-cours-de-l-histoire/resister-survivre-collaborer-la-vie-quotidienne-sous-l-occupation-7105939,,,,a433664c-394f-42ab-8cf8-13a927deb742_5
2023-05-17T07:00:00+00:00,1684306800,"De Londres à Brazzaville, rejoindre la France libre","En août 1940, Philippe de Hautecloque, alias Leclerc, et ses hommes arrivent à Lagos. Charles de Gaulle les a chargés de rallier les colonies à la France libre : c’est le début d’une épopée qui les conduit du Cameroun à Tunis en passant par la Libye, et qui fonde le mythe de la 2e division blindée.",https://www.franceculture.fr/franceculture/podcasts/le-cours-de-l-histoire/de-londres-a-brazzaville-rejoindre-la-france-libre-9912566,,,,24801d97-b099-4a7c-855c-18c16acb1d2c_5
2023-05-19T07:00:00+00:00,1684479600,Union européenne : que reste-t-il de nos Habsbourg ?,Voyage dans le monde d’hier pour réfléchir au monde de demain... Quelles leçons l'Union européenne peut-elle tirer de la fin de l'Empire austro-hongrois ?,https://www.franceculture.fr/franceculture/podcasts/le-cours-de-l-histoire/arabe-et-normande-la-sicile-medievale-au-carrefour-des-civilisations-2416587,,,,45687636-5843-4370-9af3-2fbf721f9952_5
2023-05-22T07:00:00+00:00,1684738800,"Conscription, mobilisation, désertion, être pris dans la guerre","En 1798, la loi Jourdan-Delbrel énonce : ""Tout Français est soldat et se doit à la défense de la patrie"". Cette loi inaugure un long XIXe siècle où, loin de l’armée de métier de l’Ancien Régime, l’apprentissage du fait militaire devient l’un des piliers essentiels de la vie civique.",,,,,cb612f79-9f3e-4c04-b36d-145439b5e52a_5
2023-05-23T07:00:00+00:00,1684825200,"Il n'y avait pas que des poilus, les femmes sur tous les fronts","S’intéresser aux femmes pendant la Grande Guerre, c’est travailler sur la question des rôles sociaux qui leur étaient dévolus et leur évolution. C’est aussi appréhender les rapports hommes-femmes au sein du cercle privé jusque dans l’intimité et se poser la question de l’émancipation des femmes.",,,,,98b1c696-f789-4572-a2b5-254e5e077855_5
2023-05-24T07:00:00+00:00,1684911600,"Retirada, les républicains sur les routes de l’exil","En 1939, les républicains espagnols prennent la route de l’exode. Ils fuient la dictature franquiste et se dirigent vers la France, où ils espèrent trouver refuge et soutien. La réalité est tout autre. Après l'épreuve de la Retirada, ils sont parqués dans des camps d'internement inhumains.",,,,,c5589e16-319d-42eb-b704-1e08eabcc294_5
2023-05-25T07:00:00+00:00,1684998000,La guerre à hauteur d'enfant,"À partir des années 1980, la question de l’enfance s’impose comme un objet d’étude dans l’histoire de la Shoah. Cet intérêt s’étend bientôt à tous les enfants et pas seulement aux premières victimes des persécutions : qu’est ce qu’un quotidien d’enfant dans la Seconde Guerre mondiale ?",,,,,ff07831e-2ff1-4ba7-9041-306c618fbb1c_5
2023-05-26T07:00:00+00:00,1685084400,"Arabe et normande, la Sicile médiévale au carrefour des civilisations","L'histoire de la Sicile s'écrit sur le temps long. Île convoitée, la Sicile byzantine est conquise par les armées d'Afrique du Nord au IXe siècle. Deux siècles plus tard, ce sont les Normands qui arrachent aux musulmans cette place stratégique de la Méditerranée.",https://www.franceculture.fr/franceculture/podcasts/le-cours-de-l-histoire/arabe-et-normande-la-sicile-medievale-au-carrefour-des-civilisations-1195565,,,,81ea7c32-81ef-44eb-91d9-5dd5e22fd339_5
2023-05-29T07:00:00+00:00,1685343600,"Han et Romains sur les routes de la soie, s'imaginer, se rencontrer","Au cours des derniers siècles avant notre ère, les routes de la soie se multiplient et lient entre eux les empires romains, parthe, kouchan et chinois. D’un bout à l’autre de cet axe commercial, Romains et Chinois s’imaginent et s’idéalisent avant même d’établir le moindre contact direct.",https://www.franceculture.fr/franceculture/podcasts/le-cours-de-l-histoire/han-et-romains-sur-les-routes-de-la-soie-s-imaginer-se-rencontrer-1368690,,,,730aae74-1eca-4c6e-8481-0d946c687d2f_5
2023-05-30T07:00:00+00:00,1685430000,"Chine impériale, un calvaire pour les catholiques ?","Dans un édit de 1724, l’empereur Yongzheng instaure la proscription du catholicisme en Chine et expulse les missionnaires du pays. À quelle répression les catholiques étrangers et chinois ont-ils dû faire face ? Les missionnaires et convertis mourraient-ils en martyrs aux XVIIIe et XIXe siècles ?",https://www.franceculture.fr/franceculture/podcasts/le-cours-de-l-histoire/chine-imperiale-un-calvaire-pour-les-catholiques-9554768,,,,1b1be4a0-1acb-454e-92ad-d8a8fac2fd92_5
2023-05-31T07:00:00+00:00,1685516400,Pourquoi le capitalisme n'est-il pas né en Chine ?,"À partir du milieu du XVIe siècle, l’économie chinoise est florissante et ses réseaux de marchands prospèrent. Pourtant, la puissance commerciale de l’empire du Milieu ne se mue pas en capitalisme et l'écart se creuse avec l'Europe. Qu'est-ce qui a freiné le décollage économique chinois ?",https://www.franceculture.fr/franceculture/podcasts/le-cours-de-l-histoire/pourquoi-le-capitalisme-n-est-il-pas-ne-en-chine-9574350,,,,7634a425-885f-46a6-a15e-d498ea97ca4a_5
2023-06-01T07:00:00+00:00,1685602800,Comment la Chine raconte-t-elle son histoire au monde ?,"Comment le pouvoir chinois réécrit-il l’histoire de la Chine pour la mettre au service de ses intérêts politiques et géopolitiques, nationaux et diplomatiques ? Instrumentaliser le récit historique est un outil efficace de soft power pour justifier les ambitions internationales de la Chine.",https://www.franceculture.fr/franceculture/podcasts/le-cours-de-l-histoire/comment-la-chine-raconte-t-elle-son-histoire-au-monde-1274035,,,,346c8034-f83c-47ef-b1d6-795b63c3bf5c_5
2023-06-02T07:00:00+00:00,1685689200,"Vestiaires de nuit, histoires de modes","L’histoire des modes a de beaux jours devant elle… Le vêtement passionne depuis longtemps, autant le public que les chercheurs. Articulation entre l'individu et le groupe, l'habit est le témoin de nos sociétés. Il faut bien qu'une revue toute entière lui soit consacrée pour mieux l’appréhender !",https://www.franceculture.fr/franceculture/podcasts/le-cours-de-l-histoire/vestiaires-de-nuit-histoires-de-modes-2605839,,,,fc096b0e-03c9-4c99-8b9f-8ec3fa24761c_5
2023-06-05T07:00:00+00:00,1685948400,"Pierre Loti reporter de guerre, scandale en mer de Chine","En 1883, Annam devient un protectorat français. Pierre Loti participe à cette guerre et relate son expérience dans les pages du Figaro. Son récit fait scandale : l’opinion publique métropolitaine ne souhaite pas regarder de trop près les guerres qui, au bout du monde, sont menées en son nom…",https://www.franceculture.fr/franceculture/podcasts/le-cours-de-l-histoire/pierre-loti-reporter-de-guerre-scandale-en-mer-de-chine-9221073,,,,da9aa0ae-6b24-40c1-a7fa-e49109502406_5
2023-06-06T07:00:00+00:00,1686034800,Fascinant Extrême-Orient ! Déambulation au musée d’Ennery,"Chiens de Fô en jade, statuettes en porcelaine, sans oublier un millier de netsuke… le musée d'Ennery expose les trésors de son initiatrice, Clémence d'Ennery, férue d'art asiatique. Conservées à l'identique, les collections nous transportent dans les intérieurs bourgeois de la Belle Époque.
",https://www.franceculture.fr/franceculture/podcasts/le-cours-de-l-histoire/fascinant-extreme-orient-deambulation-au-musee-d-ennery-1405281,,,,5e2c0fc5-a342-4a8f-933f-c490b51f40e6_5
2023-06-07T07:00:00+00:00,1686121200,"L'ancre et la plume. Pierre Loti, écrivain voyageur",Pourquoi Pierre Loti a-t-il tant voyagé tout au long de sa vie ? Comment s’est-il inspiré de ses pérégrinations pour construire une œuvre littéraire ? En quoi l'écriture et les voyages sont-ils intimement mêlés à la fois dans la vie et dans l’œuvre de l'écrivain ?,https://www.franceculture.fr/franceculture/podcasts/le-cours-de-l-histoire/l-ancre-et-la-plume-pierre-loti-ecrivain-voyageur-2150236,,,,3f76b9af-8a0f-4828-86ce-02a9b8a825df_5
2023-06-08T07:00:00+00:00,1686207600,"""Les Désenchantées"" de Pierre Loti, histoire d’une supercherie littéraire","En 1906 paraît le roman ""Les Désenchantées"" de Pierre Loti, récit de la vie de femmes turques aux rêves bridés par le quotidien des harems. Entre authentique témoignage et instrumentalisation de l'auteur, les conditions de son écriture interrogent l'authenticité de ses propos. 
",https://www.franceculture.fr/franceculture/podcasts/le-cours-de-l-histoire/les-desenchantees-de-pierre-loti-histoire-d-une-supercherie-litteraire-6570110,,,,c978ff4f-9922-47c9-9aef-b79c3c4672fe_5
2023-06-09T07:00:00+00:00,1686294000,"Amélie de Bourbon Parme, ""folle"" d’histoire","Fille du prince Michel de Bourbon Parme et petite-fille du prince René de Bourbon Parme, Amélie de Bourbon Parme hérite d'une histoire familiale aussi riche que diverse. Passionnée par l'histoire, elle publie ""L'Ambition"", premier tome de la trilogie ""Les Trafiquants d’éternité"".
",https://www.franceculture.fr/franceculture/podcasts/le-cours-de-l-histoire/amelie-de-bourbon-parme-folle-d-histoire-1556918,,,,f14a26f4-6d7b-4885-902f-98f071a54436_5
2023-06-12T07:00:00+00:00,1686553200,"Au volant des premières autos, des débuts électriques","Quand et comment les premières voitures automobiles apparaissent-elles ? Sur quelles évolutions techniques et technologiques repose l’invention de l’automobile ? Quelles sont les conséquences sociales et culturelles de ce bouleversement technologique ? 
",https://www.franceculture.fr/franceculture/podcasts/le-cours-de-l-histoire/au-volant-des-premieres-autos-des-debuts-electriques-1017898,,,,59cf1aff-3f78-4e0b-8a79-461cd9561a6f_5
2023-06-13T07:00:00+00:00,1686639600,En voiture Henry ! La Ford T met les ouvriers à la chaîne,"Des pièces faciles à assembler, un véhicule robuste et fiable, un coût peu élevé, la Ford T est un succès commercial autant qu'industriel. Créée en 1908 par Henry Ford, elle concrétise sa vision de l'automobile pour tous et inaugure une nouvelle ère industrielle.",https://www.franceculture.fr/franceculture/podcasts/le-cours-de-l-histoire/en-voiture-henry-la-ford-t-met-les-ouvriers-a-la-chaine-5165065,,,,cb1ba437-1d1b-44b6-adb5-8260dd988758_5
2023-06-14T07:00:00+00:00,1686726000,"24 Heures du Mans, une histoire à fond la caisse","En 1923, Le Mans accueille une course où se confrontent des bolides 24 heures durant. Son circuit sert à la fois de laboratoire et de vitrine pour les fabricants qui veulent séduire le public. Tout comme les voitures, le circuit se perfectionne d’années en années pour allier spectacle et sécurité.",https://www.franceculture.fr/franceculture/podcasts/le-cours-de-l-histoire/24-heures-du-mans-une-histoire-a-fond-la-caisse-6237162,,,,aad9f23a-cfcb-4dfb-8059-9f264604147e_5
2023-06-15T07:00:00+00:00,1686812400,"Sur la route des vacances, la mythique Nationale 7","Dans la France des ""Trente Glorieuses"", la Nationale 7 est une institution. Route incontournable des départs en vacances, elle relie Paris à Menton sur près de mille kilomètres. À quoi ressemblait un trajet en voiture sur la N7 ? À quel écosystème routier et économique plus vaste était-elle reliée ?",https://www.franceculture.fr/franceculture/podcasts/le-cours-de-l-histoire/sur-la-route-des-vacances-la-mythique-nationale-7-2253546,,,,11511a6f-0b77-4dfc-ade4-0ecda6b1e0e8_5
2023-06-16T07:00:00+00:00,1686898800,"Michèle Audin, mathématicienne et ""folle"" d’histoire","Mathématicienne, romancière et oulipienne, Michèle Audin s’intéresse aussi à l’histoire, ou plutôt, à des histoires… La Commune de Paris, le boulevard Voltaire, le monde ouvrier : autant de thématiques qui ont nourri ses ouvrages.",https://www.franceculture.fr/franceculture/podcasts/le-cours-de-l-histoire/michele-audin-mathematicienne-et-folle-d-histoire-1931709,,,,105d1374-355b-4a67-8780-046f9e72774f_5
2023-06-19T07:00:00+00:00,1687158000,"D’un genre à l’autre, une histoire de transgressions ?","La distinction entre genre ""culturel"" et sexe ""biologique"" n’est apparue qu’avec l’émergence des sciences naturelles. Si jusqu'au XVIIIe siècle, le genre était déterminé par l’expression de valeurs morales, l’histoire est en réalité ponctuée de ""transgressions"" de genre...",https://www.franceculture.fr/franceculture/podcasts/le-cours-de-l-histoire/d-un-genre-a-l-autre-une-histoire-de-transgressions-9857737,,,,56f8d7cd-c34b-4ce5-8e8c-ca9cb02d0f38_5
2023-06-20T07:00:00+00:00,1687244400,"Littératures lesbiennes, exister par les mots","Sappho de Lesbos est-elle la première poétesse lesbienne ? S'il est anachronique de parler d’homosexualité en Grèce antique, observer l'évolution des mythifications de la figure de Sappho révèle comment les lesbiennes, et leur littérature, ont été invisibilisées et fétichisées au fil des siècles.",https://www.franceculture.fr/franceculture/podcasts/le-cours-de-l-histoire/litteratures-lesbiennes-exister-par-les-mots-8825360,,,,3b9a3681-b39a-425e-8139-9696c5a7e003_5
2023-06-21T07:00:00+00:00,1687330800,"""Prolétaires de tous les pays, caressez-vous !"", les luttes homosexuelles entrent en politique","Après l'accession au pouvoir des socialistes en 1981, les personnes homosexuelles accèdent à de nouveaux droits, qui leur étaient jusqu'alors injustement déniés. Quelles organisations politiques et quelles actions militantes ont contribué à la réduction des discriminations des LGBT+ en France ?",https://www.franceculture.fr/franceculture/podcasts/le-cours-de-l-histoire/proletaires-de-tous-les-pays-caressez-vous-les-luttes-homosexuelles-entrent-en-politique-4101100,,,,c1461669-28ae-4d84-ab61-55692b0c4884_5
2023-06-22T07:00:00+00:00,1687417200,"Détourner pour s’exprimer, histoire de la contre-culture queer","La contre-culture queer a longtemps été un outil militant de premier plan et semble désormais avoir infusé la culture de masse. Comment la ""figure de la folle"" s'est-elle construite ? À partir de quand l'idée d'un lien entre attitude efféminée et désir homosexuel se forme-t-elle ?",https://www.franceculture.fr/franceculture/podcasts/le-cours-de-l-histoire/detourner-pour-s-exprimer-histoire-de-la-contre-culture-queer-5311168,,,,37fe9ebd-6976-43fe-a33e-80f0a9fb20d3_5
2023-06-23T07:00:00+00:00,1687503600,"Cultiver en ville : entre les pavés, les jardins ouvriers","À la fin du XIXe siècle, la création par l’abbé Lemire des jardins ouvriers offre une impulsion nouvelle à l’agriculture en ville. Cultiver son jardin n’est plus seulement un loisir ou une nécessité, mais devient un projet politique et moral à part entière…",https://www.franceculture.fr/franceculture/podcasts/le-cours-de-l-histoire/cultiver-en-ville-entre-les-paves-les-jardins-ouvriers-4141175,,,,fdceecaf-4c14-46de-9111-89069ed7cb76_5
2023-06-26T07:00:00+00:00,1687762800,"Destination préhistoire, bons bisons de Dordogne","Quelle est l’histoire de la découverte, de l’exploration, et de la mise en tourisme des sites d’art préhistorique de Dordogne ? En quoi ces sites sont-ils étroitement liés à la naissance de la préhistoire comme discipline ?",https://www.franceculture.fr/franceculture/podcasts/le-cours-de-l-histoire/destination-prehistoire-bons-bisons-de-dordogne-1318029,,,,2c2925f2-5b6a-4b0a-9272-dd144166317e_5
2023-06-27T07:00:00+00:00,1687849200,"L’Œuvre de Limoges, les émaux pour le dire","Et si la porcelaine n’était pas le seul trésor de Limoges ? Les émaux, qui ont fait sa réputation, sont les témoins de l'intense activité d’orfèvrerie de la ville au Moyen Âge. Comment l'incomparable production des émaux de Limoges s'est-elle développée ?",https://www.franceculture.fr/franceculture/podcasts/le-cours-de-l-histoire/l-oeuvre-de-limoges-les-emaux-pour-le-dire-6459090,,,,97b3b5a5-5eae-43c0-a97b-a5b759d0480e_5
2023-06-28T07:00:00+00:00,1687935600,"La cité des peintres, palette complète à Pont-Aven !","À partir des années 1830, un petit village de pêcheurs du Finistère sud attire l'attention de peintres venus de toute l'Europe, et même des États-Unis. Jusqu'à la fin du siècle, les artistes se pressent à Pont-Aven et y esquissent les contours d'une véritable révolution esthétique...",https://www.franceculture.fr/franceculture/podcasts/le-cours-de-l-histoire/la-cite-des-peintres-palette-complete-a-pont-aven-4129227,,,,627881b7-f9b7-46bb-9c68-cd9be65dcd63_5
2023-06-29T07:00:00+00:00,1688022000,"Éclats d’azur, Jean Cocteau sur la Riviera","Jean Cocteau a aussi bien marqué de son empreinte le cinéma, le théâtre, la littérature que la peinture. Une partie de sa vie et de son œuvre est liée à l’amour qu’il porte à la Riviera, aujourd’hui imprégnée de son héritage, de la Villa Santo Sospir au Bastion à Menton.",https://www.franceculture.fr/franceculture/podcasts/le-cours-de-l-histoire/eclats-d-azur-jean-cocteau-sur-la-riviera-8363674,,,,4cd3cd5c-9719-42dd-9661-45c39f85109f_5
2023-06-30T07:00:00+00:00,1688108400,"Jean Lebrun, les bonnes ondes de l’histoire","Journaliste et producteur de radio, Jean Lebrun a marqué le monde culturel par son travail et son engagement, où l’histoire tient une place prépondérante. Après quarante années derrière le micro, Jean Lebrun tire sa révérence et quitte la radio.",https://www.franceculture.fr/franceculture/podcasts/le-cours-de-l-histoire/jean-lebrun-les-bonnes-ondes-de-l-histoire-2999943,,,,74e292d1-eaba-4b04-8dfa-3b6539c07c3c_5
2023-08-28T07:00:00+00:00,1693206000,"Administration coloniale française, élites locales, liaisons dangereuses en Afrique","Des chefs coutumiers de la fin du XIXe siècle aux élites occidentalisées des années 1950, l’histoire de l’administration coloniale française en Afrique subsaharienne ne peut être racontée sans évoquer le recours constant aux élites locales.",https://www.franceculture.fr/franceculture/podcasts/le-cours-de-l-histoire/administration-coloniale-francaise-elites-locales-liaisons-dangereuses-en-afrique-7279603,,,,4b4bd676-3329-48db-8db9-c58002d322f6_5
2023-08-29T07:00:00+00:00,1693292400,La Communauté ou l’échec d'un Commonwealth à la française,"À l'heure des décolonisations, la France cherche des solutions pour conserver ses liens avec l'Afrique. Entre 1958 et 1960, en parallèle de la construction de la Ve République, le général de Gaulle porte le projet de la Communauté française qui réunit la France et ses ex-colonies africaines.",https://www.franceculture.fr/franceculture/podcasts/le-cours-de-l-histoire/la-communaute-ou-l-echec-d-un-commonwealth-a-la-francaise-3351122,,,,f1e857c7-72db-4951-b2d5-fa23244568a3_5
2023-08-30T07:00:00+00:00,1693378800,"Jacques Foccart, grand ordonnateur de la Françafrique ","Homme de l'ombre, architecte de la Françafrique, patron des barbouzes… Qui était vraiment Jacques Foccart ? En quoi est-il représentatif des liens troubles entre la France et ses anciennes colonies dans les années 1960 et 1970 ? Comment expliquer son parcours, de la Résistance jusqu'à l'Élysée ?",https://www.franceculture.fr/franceculture/podcasts/le-cours-de-l-histoire/jacques-foccart-grand-ordonnateur-de-la-francafrique-7069996,,,,3a3bce08-4aac-4f99-b24c-151381ec7c25_5
2023-08-31T07:00:00+00:00,1693465200,"Franc CFA, histoire de la ""dernière monnaie coloniale""  ","Le franc CFA naît officiellement le 26 décembre 1945. Pourtant, il s’inscrit dans une histoire plus ancienne : celle de l’imbrication des colonies à un système monétaire et économique plus vaste, qui sert avant tout les intérêts de la métropole. ",https://www.franceculture.fr/franceculture/podcasts/le-cours-de-l-histoire/franc-cfa-histoire-de-la-derniere-monnaie-coloniale-1323673,,,,dc02ef2e-a1f1-428f-b74c-af5169e35ae2_5
2023-09-01T07:00:00+00:00,1693551600,"Jean Hatzfeld : ""L'histoire est un matériau extraordinaire""","Dans son nouveau roman ""Tu la retrouveras"", l’écrivain et grand reporter Jean Hatzfeld sort des marais rwandais pour explorer le thème de l’amitié enfantine dans une Budapest plongée en pleine Seconde Guerre mondiale.
",https://www.franceculture.fr/franceculture/podcasts/le-cours-de-l-histoire/jean-hatzfeld-ecrivain-fou-d-histoire-4393636,,,,5faa2573-f469-462b-b4cb-313a0e9a3f69_5
2023-09-04T07:00:00+00:00,1693810800,"Sparte Académie, une éducation guerrière ","En route Spartiates ! Une éducation spartiate, même encore aujourd'hui, c'est bien une éducation à la dure ! Comment la jeunesse est-elle encadrée et contrôlée dans la cité antique de Sparte ? À quels impératifs et à quelles valeurs politiques répond ce contrôle éducatif ? ",https://www.franceculture.fr/franceculture/podcasts/le-cours-de-l-histoire/sparte-academie-une-education-guerriere-5335470,,,,eb1971a8-a911-41b3-b68d-8395486aa600_5
2023-09-05T07:00:00+00:00,1693897200,"En bande organisée, une jeunesse médiévale canalisée ","Charivaris, rituel de mai, jeu de la soule ou fessée du mouton… Ces activités festives sont organisées par les associations de jeunesse au Moyen Âge et sous l'Ancien Régime. Une manière, pour les autorités, de faire de la fête un exutoire pour les excès, souvent violents, attribués à la jeunesse.",https://www.franceculture.fr/franceculture/podcasts/le-cours-de-l-histoire/en-bande-organisee-une-jeunesse-medievale-canalisee-8819283,,,,dd5f4b23-78d8-4000-9593-dbc6889f16b6_5
2023-09-06T07:00:00+00:00,1693983600,"Colonie pénitentiaire de Belle-Île-en-Mer, le ""bagne des enfants""","La loi du 5 août 1850 autorise officiellement les colonies pénitentiaires à destination des enfants et adolescents. Par le travail agricole, maritime ou industriel, il s’agit pour l’État de régénérer une jeunesse en perte de repères et de se substituer à des cellules familiales dysfonctionnelles.",https://www.franceculture.fr/franceculture/podcasts/le-cours-de-l-histoire/colonie-penitentiaire-de-belle-ile-en-mer-le-bagne-des-enfants-3704957,,,,5f6e8139-7545-47ee-8d12-e5d7482f4699_5
2023-09-07T07:00:00+00:00,1694070000,"Métiers de l’enfance, une histoire au féminin ?","Pédagogues, psychologues, éducatrices, travailleuses sociales, nourrices, infirmières, religieuses… Quelle est la place des femmes dans l’encadrement de la jeunesse ? Comment les métiers de l’enfance se professionnalisent-ils peu à peu ?",https://www.franceculture.fr/franceculture/podcasts/le-cours-de-l-histoire/metiers-de-l-enfance-une-histoire-au-feminin-5952271,,,,a01cd6ab-b916-4b42-9eaa-61f08bf9ff20_5
2023-09-08T07:00:00+00:00,1694156400,"Laurent Binet : ""Histoire, littérature, mon cœur a toujours balancé entre les deux""","Des peintres florentins du 16e siècle à l’assassinat de Reinhard Heydrich, en passant par le récit inversé des ""grandes découvertes"", Laurent Binet questionne inlassablement les liens entre histoire et fiction. ",https://www.franceculture.fr/franceculture/podcasts/le-cours-de-l-histoire/laurent-binet-ecrivain-et-fou-d-histoire-9308870,,,,f6a41391-a57e-4b04-b667-d41ce30ca4cc_5
2023-09-11T07:00:00+00:00,1694415600,"Ruines en péril, les sites archéologiques menacés","Du tourisme de masse à l’anthropocène, de l’iconoclasme à la biodégradation, les menaces qui pèsent sur le patrimoine sont légion. Quels sont les sites archéologiques les plus menacés aujourd’hui et comment les préserver ? ",https://www.franceculture.fr/franceculture/podcasts/le-cours-de-l-histoire/ruines-en-peril-les-sites-archeologiques-menaces-6366180,,,,aa8d19fb-f55e-408f-956e-349796222d68_5
2023-09-12T07:00:00+00:00,1694502000,"Patrimoine africain, itinéraires d'œuvres confisquées","Des pillages d’objets africains par les puissances européennes au XIXe siècle au combat pour leur restitution à partir des années 1960, les trajectoires empruntées par le patrimoine africain sont multiples. Que raconte l'histoire du patrimoine africain sur les relations entre Afrique et Europe ?",https://www.franceculture.fr/franceculture/podcasts/le-cours-de-l-histoire/art-africain-itineraire-d-un-patrimoine-confisque-6612437,,,,e923415e-b90a-431f-8f7e-a6630e78e524_5
2023-09-13T07:00:00+00:00,1694588400,"Patrimoine religieux, qu'est-ce qui cloche ? ","Le patrimoine religieux français est-il aujourd'hui en danger ? Révolution française, Concordat, loi de séparation des Églises et de l'État, comment les responsabilités, quant à son entretien et à son financement, ont-elles évolué à travers l'histoire ? ",https://www.franceculture.fr/franceculture/podcasts/le-cours-de-l-histoire/patrimoine-religieux-qu-est-ce-qui-cloche-9146256,,,,b523b390-88a8-4f6d-ae54-490d2b35830d_5
2023-09-14T07:00:00+00:00,1694674800, Spoliations nazies : à la recherche des œuvres perdues ,"Dès l’arrivée des troupes de l'Allemagne nazie dans les différents pays conquis ou occupés, les spoliations d'œuvres d’art sont mises en place de manière systématique. Aujourd’hui encore, le long processus de restitution et d'indemnisation des victimes est loin d’être achevé… 
",https://www.franceculture.fr/franceculture/podcasts/le-cours-de-l-histoire/spoliations-nazies-a-la-recherche-des-oeuvres-perdues-6422428,,,,8b6c46fe-9d0d-45d8-b93e-824b66242f4b_5
2023-09-15T07:00:00+00:00,1694761200,"Rachid Benzine, écrivain : ""Vivre l'exil enfant amène à interroger la mémoire familiale"" ","Le silence d’un père, l’accent d’une mère, l’écrivain Rachid Benzine met en dialogue les mémoires des parents immigrés. Une œuvre de reconnaissance pour des vies invisibilisées qui racontent pourtant l’histoire de la société française.",https://www.franceculture.fr/franceculture/podcasts/le-cours-de-l-histoire/rachid-benzine-ecrivain-fou-d-histoire-2035754,,,,7069ea2a-7688-484b-ad99-c0e31f8cd814_5
2023-09-18T07:00:00+00:00,1695020400,"Rituels sacrés en Grèce antique, ça ouvre la Pythie ! ","Purification, prières, offrandes, sacrifices, processions, oracles, cultes à mystères… La religion grecque antique regorge de rituels qui sollicitent les sens des participants. En quoi ces rituels religieux permettent-ils de mieux comprendre la relation que les Grecs entretiennent avec le divin ?",https://www.franceculture.fr/franceculture/podcasts/le-cours-de-l-histoire/rituels-sacres-en-grece-antique-ca-ouvre-la-pythie-2634896,,,,cb6c9096-3eed-499c-8a6e-a39ff483f880_5
2023-09-19T07:00:00+00:00,1695106800,"Mythes préhistoriques, les premiers humains avaient-ils des dieux ? ",L'archéologie a mis au jour des pratiques funéraires qui remontent au Paléolithique. Que révèlent l'action d'enterrer ses morts ou celle de déposer des objets dans les sépultures ? Est-il possible de reconstituer les croyances des premiers humains ?,https://www.franceculture.fr/franceculture/podcasts/le-cours-de-l-histoire/mythes-prehistoriques-les-premiers-humains-avaient-ils-des-dieux-4023502,,,,3c072718-546e-4fef-8189-f63f898807ef_5
2023-09-20T07:00:00+00:00,1695193200,"Des ténèbres à la lumière, quand le manichéisme était religion ","Dans la Perse sassanide du IIIe siècle de notre ère, un jeune homme, Mani, se présente comme un nouveau prophète, successeur de Bouddha, Zoroastre et Jésus. Le manichéisme est né et va faire des émules de l’Afrique romaine à la Chine en passant par l’Inde. ",https://www.franceculture.fr/franceculture/podcasts/le-cours-de-l-histoire/des-tenebres-a-la-lumiere-quand-le-manicheisme-etait-religion-9850931,,,,efe090d5-0b0e-43b1-82c4-829756e7a60a_5
2023-09-21T07:00:00+00:00,1695279600,"Hérétiques ! L'invention des ""cathares""","L'histoire des cathares, hérétiques du Midi qui auraient prospéré puis disparu entre les XIIe et XIIIe siècles, est avant tout un mythe. Huit cents ans après leur existence supposée, le retour aux sources a dévoilé les mécanismes de cette invention, soutenue par le régionalisme occitan.",https://www.franceculture.fr/franceculture/podcasts/le-cours-de-l-histoire/heretiques-l-invention-des-cathares-1740738,,,,d4e42e03-3b13-48fa-88a1-9c63db4b3793_5
2023-09-22T07:00:00+00:00,1695366000,Aux origines de la papauté : comment l'évêque de Rome est-il devenu le pape ? ,"Alors que le pape François est en visite à Marseille, retour aux origines de la papauté afin de comprendre comment la façon de concevoir et d'exercer l'autorité pontificale a évolué au cours des siècles.",https://www.franceculture.fr/franceculture/podcasts/le-cours-de-l-histoire/aux-origines-de-la-papaute-comment-l-eveque-de-rome-est-il-devenu-le-pape-2651107,,,,4d5ea25d-6068-483a-8931-2745ccc0ff8b_5
2023-09-25T07:00:00+00:00,1695625200,"Mapuches du Chili, quand la colonisation espagnole trébuche","Avec la découverte du détroit auquel il donne son nom, Magellan est, en 1520, le premier Européen à arriver au Chili. Les explorateurs espagnols s’élancent vers cet Eldorado, sans se douter de la farouche résistance que les peuples autochtones s’apprêtent à leur opposer…",https://www.franceculture.fr/franceculture/podcasts/le-cours-de-l-histoire/mapuches-du-chili-quand-la-colonisation-espagnole-trebuche-7472423,,,,7ad327e0-0e81-4b2c-b264-434ba50c0ce1_5
2023-09-26T07:00:00+00:00,1695711600,"L’indépendance chilienne, ""par la raison ou par la force"" ?","De 1810 à 1823, les indépendantistes chiliens combattent pour s’affranchir de l’Empire espagnol. L'indépendance est proclamée le 12 février 1818. Comment des descendants de migrants européens ont-ils construit un État-Nation ? À qui l’indépendance a-t-elle profité ?",https://www.franceculture.fr/franceculture/podcasts/le-cours-de-l-histoire/l-independance-chilienne-par-la-raison-ou-par-la-force-3868474,,,,59105034-47ce-477e-9a4b-4001b96acb32_5
2023-09-27T07:00:00+00:00,1695798000,"Poétique et politique, quand les écrivains chiliens façonnent la nation","De la poésie au roman, la littérature chilienne du XIXe et XXe siècle est une arme de combat. Entre récit national et engagement social, quels discours les poètes chiliens portent-ils sur leur pays ? Comment les écrivaines chiliennes ont-elles pris la parole à travers la littérature ?",https://www.franceculture.fr/franceculture/podcasts/le-cours-de-l-histoire/poetique-et-politique-quand-les-ecrivains-chiliens-faconnent-la-nation-7362068,,,,31e38ffc-1d71-4303-b2bf-ea9dde7ee562_5
2023-09-28T07:00:00+00:00,1695884400,"Vers l'Unité populaire, histoire de la gauche chilienne ","L’Unité populaire arrive au pouvoir le 4 novembre 1970, lorsque Salvador Allende remporte les élections présidentielles. Cette victoire n’est pourtant pas la première forme de pouvoir populaire que connaît le pays : cette coalition politique s’inscrit dans une longue histoire de la gauche chilienne.",https://www.franceculture.fr/franceculture/podcasts/le-cours-de-l-histoire/vers-l-unite-populaire-histoire-de-la-gauche-chilienne-3713120,,,,633f20dd-9c7b-48cb-9084-87f5ebc96521_5
2023-09-29T07:00:00+00:00,1695970800,"Léonor de Récondo : ""Il y a une continuité entre les combats féminins des siècles passés et aujourd’hui""","Avec ""Le Grand Feu"", l’écrivaine et violoniste Léonor de Récondo nous plonge dans la Venise du XVIIIe siècle, entre amour de la musique baroque et initiation à l’école d’Antonio Vivaldi… ",https://www.franceculture.fr/franceculture/podcasts/le-cours-de-l-histoire/leonor-de-recondo-ecrivaine-violoniste-et-folle-d-histoire-6625728,,,,02e0f09d-2c7b-4b26-bb79-18f637dc94ac_5
2023-10-02T07:00:00+00:00,1696230000,"Yurei, yokai, mononoke, inquiétantes créatures japonaises","Une grande bouche noire et cruelle, une femme coupée en deux, un pied gigantesque couvert de boue… Voilà quelques-unes des formes que peuvent prendre les yokai japonais, ces esprits entre démon et fantôme, qui nous entraînent du côté du surnaturel. De quoi ces créatures sont-elles le nom ?",https://www.franceculture.fr/franceculture/podcasts/le-cours-de-l-histoire/yurei-yokai-mononoke-inquietantes-creatures-japonaises-6489639,,,,cd6b5c35-ef24-4909-8d99-1f7aa146690a_5
2023-10-03T07:00:00+00:00,1696316400,Mort de peur ! Quand les revenants hantent le Moyen Âge,"Du XIe au XVe siècle, les revenants envahissent le monde des vivants. Ils témoignent des supplices qu’ils subissent dans le purgatoire et réclament les prières qui pourraient sauver leur âme. La société médiévale se structure ainsi par la mémoire des morts, entre dévotion et donations pour l'Église.",https://www.franceculture.fr/franceculture/podcasts/le-cours-de-l-histoire/mort-de-peur-quand-les-revenants-hantent-le-moyen-age-7950573,,,,de885fd1-34ba-4b41-a39c-5acb84085319_5
2023-10-04T07:00:00+00:00,1696402800,"Au temps des Lumières, le crépuscule des vampires","En 1746, l’abbé Augustin Calmet crée la surprise. Ce respectable érudit semble se compromettre en consacrant un ouvrage aux créatures surnaturelles. Pourtant, l’abbé offre une somme érudite et précieuse sur l’une des grandes passions du siècle des Lumières : les vampires.",https://www.franceculture.fr/franceculture/podcasts/le-cours-de-l-histoire/au-temps-des-lumieres-le-crepuscule-des-vampires-4771848,,,,41f5d9ce-e6c2-4232-9431-97971329fcbf_5
2023-10-05T07:00:00+00:00,1696489200,"Sortez-moi de là ! Enterrés vivants, une histoire d'outre-tombe","Se réveiller dans l’obscurité, enfermé entre quatre planches de bois, six pieds sous terre – voilà une image digne d’un cauchemar, une véritable phobie qui connaît son pic au XIXe siècle. Que dit la peur d’être enterré vivant du rapport à la mort et à la médecine, du XVIIIe au XIXe siècle ?",https://www.franceculture.fr/franceculture/podcasts/le-cours-de-l-histoire/sortez-moi-de-la-enterres-vivants-une-histoire-d-outre-tombe-2815373,,,,48110d68-9281-42c5-a4e3-efa59189c037_5
2023-10-06T07:00:00+00:00,1696575600,Comment bien réussir sa révolution ? L’histoire pour mode d’emploi,"""La révolution est terminée."" À la fin du siècle dernier, la formule a fait date. Mais rien n'était plus faux. Plusieurs historiens et historiennes proposent dans un nouvel ouvrage de penser l'histoire des révolutions à travers un regard décentré en rupture avec l'héritage occidental.",https://www.franceculture.fr/franceculture/podcasts/le-cours-de-l-histoire/comment-bien-reussir-sa-revolution-l-histoire-pour-mode-d-emploi-1960388,,,,739f3d8a-9459-4d4c-9891-f25bb9854195_5
2023-10-09T07:00:00+00:00,1696834800,"Ségurant, le chevalier au dragon, nouveau venu à la Table ronde","Après plus de dix ans de recherches à travers l’Europe, Emanuele Arioli est parvenu à ressusciter un roman perdu du cycle arthurien : Ségurant, le chevalier au dragon.",https://www.franceculture.fr/franceculture/podcasts/le-cours-de-l-histoire/segurant-le-chevalier-au-dragon-nouveau-venu-a-la-table-ronde-9174296,,,,674f11ad-7eee-4270-8a22-e7dd5e07241a_5
2023-10-10T07:00:00+00:00,1696921200,"Gueuses et manants, pour une histoire populaire du Moyen Âge","Laboureurs, manouvriers, tavernières, s’intéresser au petit peuple n’a pas toujours été une évidence. Des chroniques de Froissart à la recherche actuelle, quels regards ont été portés sur le peuple médiéval ? Comment connaître les gens ordinaires, eux qui sont souvent silencieux dans les sources ?",https://www.franceculture.fr/franceculture/podcasts/le-cours-de-l-histoire/gueuses-et-manants-pour-une-histoire-populaire-du-moyen-age-5293157,,,,261f8c28-0edf-4809-b5ab-0b7cefb66009_5
2023-10-11T07:00:00+00:00,1697007600,"Mérovingiens, la recette du succès ","Clovis, son baptême et le vase de Soissons, Dagobert et sa culotte à l'envers, les rois fainéants, Charles Martel, voilà quelques souvenirs qui viennent à l'esprit à l'évocation des Mérovingiens. Au-delà des images d'Épinal, qui sont-ils vraiment ? Pourquoi sont-ils aujourd'hui tombés dans l'oubli ?",https://www.franceculture.fr/franceculture/podcasts/le-cours-de-l-histoire/merovingiens-la-recette-du-succes-7718048,,,,b2f8c14a-4a1b-4a16-aae9-bd1024d16b88_5
2023-10-12T07:00:00+00:00,1697094000,"""La Fleur des histoires de la terre d’Orient"", itinéraire d'un livre oublié ","En 1307, les États latins d’Orient sont en pleine déliquescence. Le projet d’une nouvelle croisade agite les cours européennes, et un prince arménien, Héthoum, propose au pape Clément V un projet de reconquête de la Terre sainte…",https://www.franceculture.fr/franceculture/podcasts/le-cours-de-l-histoire/la-fleur-des-histoires-de-la-terre-d-orient-itineraire-d-un-livre-oublie-9510073,,,,31f2c87a-a573-43fb-bca2-aa8b74fe6caf_5
2023-10-13T07:00:00+00:00,1697180400,"Migrants venus d’Asie, histoire de trajectoires individuelles et collectives","Les migrations de l'est et du sud-est asiatiques varient au rythme de l'histoire globale : colonisation, guerres mondiales, indépendances et Guerre froide. Connaître l'histoire de ces immigrations est un enjeu de taille pour déconstruire une vision uniformisée et stéréotypée de ces populations.",https://www.franceculture.fr/franceculture/podcasts/le-cours-de-l-histoire/migrants-venus-d-asie-histoire-de-trajectoires-individuelles-et-collectives-7047953,,,,1de8752c-bbc0-4a81-b034-d73cbdfeb6c0_5
2023-10-16T07:00:00+00:00,1697439600,"Avant l'État d'Israël, le sionisme et le peuplement de la Palestine","Bâle, 1897. Le Premier congrès sioniste se réunit sous l'égide de Theodor Herzl. En quoi l’émergence du sionisme permet-elle d’éclairer la naissance de l’État d’Israël, cinquante ans plus tard ? Pourquoi ce territoire cristallise-t-il l’intérêt d’une partie des Juifs pour y établir une nation ?",https://www.franceculture.fr/franceculture/podcasts/le-cours-de-l-histoire/avant-l-etat-d-israel-le-sionisme-et-le-peuplement-de-la-palestine-6854025,,,,3f85f688-595e-446b-ad8c-b5feef4a4579_5
2023-10-17T07:00:00+00:00,1697526000,Du partage de la Palestine à la création de l’État d’Israël,"14 mai 1948. David Ben Gourion proclame l'État d’Israël. Le rêve sioniste est devenu réalité. Une politique d'immigration juive massive est mise en place, mais, à l'inverse, des milliers de Palestiniens prennent le chemin de l'exil, traumatisme qui devient pour eux la ""Nakba"", le désastre.
",https://www.franceculture.fr/franceculture/podcasts/le-cours-de-l-histoire/du-partage-de-la-palestine-a-la-creation-de-l-etat-d-israel-3458494,,,,6e2305a5-12cf-41f0-9e9e-ab2c468450d5_5
2023-10-18T07:00:00+00:00,1697612400,Histoire de l’Organisation de libération de la Palestine ,L'Organisation de libération de la Palestine voit le jour en mai 1964 et affiche un objectif clair : représenter les intérêts des Palestiniens et lutter pour l'établissement d'un État indépendant. C’est le point de départ de soixante ans d’une intense lutte politique et militaire. ,https://www.franceculture.fr/franceculture/podcasts/le-cours-de-l-histoire/histoire-de-l-organisation-de-liberation-de-la-palestine-4756387,,,,8f8ef6dd-865c-4b64-9973-699539f5c58e_5
2023-10-19T07:00:00+00:00,1697698800,"De Camp David aux accords d'Oslo, à la recherche de la paix israélo-palestinienne","En 1977, Anouar el-Sadate, président égyptien, fait une visite très remarquée à Jérusalem, qui ouvre la voie vers les accords de paix de Camp David de 1978. Quelles ont été les différentes tentatives de paix entre le camp israélien et le camp palestinien dans la seconde moitié du XXe siècle ?
",https://www.franceculture.fr/franceculture/podcasts/le-cours-de-l-histoire/de-camp-david-aux-accords-d-oslo-a-la-recherche-de-la-paix-israelo-palestinienne-7137523,,,,4546cf0a-7e17-45c4-b046-147ef5a05a99_5
2023-10-20T07:00:00+00:00,1697785200,"Samuel Paty, Dominique Bernard : les enseignants contre l'obscurantisme ","La deuxième édition du Prix Samuel Paty a été marquée par une tragique répétition de l'histoire avec l’assassinat terroriste de Dominique Bernard, professeur de français. Dans ce contexte, quel rôle jouent les professeurs d’histoire-géographie dans la construction de l’esprit critique des élèves ?",https://www.franceculture.fr/franceculture/podcasts/le-cours-de-l-histoire/samuel-paty-dominique-bernard-les-enseignants-contre-l-obscurantisme-1066996,,,,02257181-7297-46ac-9e91-dff2d3a0bab9_5
2023-10-23T07:00:00+00:00,1698044400,"Entre pantomimes lumineuses et fantasmagories, les débuts du cinéma d'animation ","Le XIXe siècle voit fleurir une série d’innovations dans le domaine de l’optique qui préfigurent l’invention du cinéma d’animation. Du Phénakistiscope au Zootrope, le spectacle d’une image au mouvement captive, et annonce l’arrivée des premiers véritables dessins animés au cours des années 1900…  ",https://www.franceculture.fr/franceculture/podcasts/le-cours-de-l-histoire/entre-pantomimes-lumineuses-et-fantasmagories-les-debuts-du-cinema-d-animation-8212361,,,,5b90e04a-5374-40aa-9a89-a2029f510023_5
2023-10-24T07:00:00+00:00,1698130800,"He-oh, He-oh, on rentre du studio ! Histoire de l'industrie Disney","Des personnages fantaisistes et attachants, des chansons réjouissantes et entêtantes… Les studios Disney ont autant marqué les imaginaires que la manière de produire des films à grande échelle. Dans quelle mesure le modèle disneyen a-t-il influencé les productions en France et au Japon ?",https://www.franceculture.fr/franceculture/podcasts/le-cours-de-l-histoire/he-oh-he-oh-on-rentre-du-studio-histoire-de-l-industrie-disney-9899070,,,,ba0bbc8c-ad75-447b-bb71-a35072c8a7c1_5
2023-10-25T07:00:00+00:00,1698217200,"Des cartoons contre les nazis, quand le dessin animé fait de la propagande","Dès la Révolution de 1917, les Soviétiques produisent des dessins animés de propagande. Lorsque les États-Unis entrent en guerre en 1941, Donald Duck et Bugs Bunny s’engagent dans l’effort de guerre aux côtés des soldats, avec des contenus de propagande largement diffusés auprès du grand public.",https://www.franceculture.fr/franceculture/podcasts/le-cours-de-l-histoire/des-cartoons-contre-les-nazis-quand-le-dessin-anime-fait-de-la-propagande-3465286,,,,2e099bc4-c7c8-4fa3-b79c-856f8cf008af_5
2023-10-26T07:00:00+00:00,1698303600,"""Je pompe donc je suis."" Les Shadoks, vent d'audace sur l'ORTF ","29 avril 1968, 20 h 30 : les téléspectateurs et téléspectatrices de l’ORTF découvrent pour la première fois sur leurs écrans les Shadoks. Ces drôles d’oiseaux à l'humour britannique aussi absurde que ravageur ne tardent pas à déchaîner les passions.
",https://www.franceculture.fr/franceculture/podcasts/le-cours-de-l-histoire/je-pompe-donc-je-suis-les-shadoks-vent-d-audace-sur-l-ortf-1561602,,,,082435ed-d594-44b9-a316-e15cf05eddb9_5
2023-10-27T07:00:00+00:00,1698390000,"Que la Régence commence ! Paris, capitale des arts et des lettres ","1er septembre 1715. Louis XIV meurt à Versailles. Le lendemain, la Régence commence. Cette expérience politique, longue de sept ans, transforme la capitale parisienne à l’aube des Lumières. Des salons aux théâtres, Paris connaît un rayonnement artistique et intellectuel nouveau. 
",https://www.franceculture.fr/franceculture/podcasts/le-cours-de-l-histoire/que-la-regence-commence-paris-capitale-des-arts-et-des-lettres-4734569,,,,2a5aecf1-bc41-47e8-965f-b5e066744b5c_5
2023-10-30T08:00:00+00:00,1698652800,Charlemagne a-t-il inventé les profs ? Les écolâtres et la renaissance carolingienne,"Qui sont les enseignants au Moyen Âge, entre le IXe et le XIIIe siècle, et comment travaillent-ils ? En quoi l’évolution de la figure de l’écolâtre conduit-elle à un renforcement du contrôle de l’Église sur l’enseignement, et même à un monopole ecclésiastique ? 

",https://www.franceculture.fr/franceculture/podcasts/le-cours-de-l-histoire/charlemagne-a-t-il-invente-les-profs-les-ecolatres-et-la-renaissance-carolingienne-1604343,,,,2a425a90-2d17-4d41-b797-1a86f168f3db_5
2023-10-31T08:00:00+00:00,1698739200,La classe au village ! Maîtres d'école au siècle des Lumières,"À la veille de la Révolution, les maîtres d'école des villages sont bien plus que des enseignants. Sonneurs de cloches, sacristains, greffiers, ils sont au service de la communauté. Avec la Révolution, le maître devient l'instituteur, chargé de fabriquer les futurs citoyens.",https://www.franceculture.fr/franceculture/podcasts/le-cours-de-l-histoire/la-classe-au-village-maitres-d-ecole-au-siecle-des-lumieres-5171997,,,,c2cb3350-e9bf-4e02-802f-ddc07f6964aa_5
2023-11-02T08:00:00+00:00,1698912000,"Institutrices, directrices, inspectrices. Les femmes à l'école de la Troisième République","Au 19e siècle, l’enseignement se féminise et s'accompagne d'un lent mouvement d’émancipation. Si elles sont pionnières en matière d'innovations pédagogiques, les enseignantes peinent à accéder à des postes à responsabilité et subissent de profondes inégalités salariales.",https://www.franceculture.fr/franceculture/podcasts/le-cours-de-l-histoire/institutrices-directrices-inspectrices-les-femmes-a-l-ecole-de-la-troisieme-republique-3417538,,,,6b0ce093-d0cd-41cf-a1b3-ba115cbcaaa8_5
2023-11-03T08:00:00+00:00,1698998400,"Instruire les classes populaires, de l'usine à l'école du soir","Au début du 19e siècle, des philanthropes libéraux et des ingénieurs polytechniciens, soucieux de combattre le manque d’instruction des classes populaires, mettent en place les premiers cours du soir pour adultes. Quels sont les objectifs de ces expériences pédagogiques ?",https://www.franceculture.fr/franceculture/podcasts/le-cours-de-l-histoire/instruire-les-classes-populaires-de-l-usine-a-l-ecole-du-soir-9826734,,,,50ef076f-a8fc-4f0d-a498-f3383fa3d8f7_5
2023-11-06T08:00:00+00:00,1699257600,C'est Byzance ! La diplomatie pour préserver l'Empire,"Comment l'Empire byzantin est-il devenu un empire de paix et de diplomatie ? Dans quelle mesure la longévité de l'Empire byzantin est-elle due à son sens diplomatique ? Comment la réputation de faste byzantine s'est-elle construite à travers sa diplomatie ? 
",https://www.franceculture.fr/franceculture/podcasts/le-cours-de-l-histoire/c-est-byzance-la-diplomatie-pour-preserver-l-empire-5474715,,,,54f087fb-7820-4a88-96b0-b590999728a4_5
2023-11-07T08:00:00+00:00,1699344000,Une diplomatie couronnée de succès ? Entrevues princières à la Renaissance,"À la Renaissance, les princes se rencontrent directement lors d'entrevues politiques. Entre faste et intimité, les souverains usent de divers moyens pour se faire reconnaître par leurs pairs. Comment se déroule cette diplomatie des princes au XVIe siècle ? ",https://www.franceculture.fr/franceculture/podcasts/le-cours-de-l-histoire/une-diplomatie-couronnee-de-succes-entrevues-princieres-a-la-renaissance-2652091,,,,0bd58561-e5e9-4bd0-b63e-5c9c908f338d_5
2023-11-08T08:00:00+00:00,1699430400,"Des Amériques aux Indes, diplomaties au bout du monde","À partir du XVIIe siècle, la diplomatie devient une affaire véritablement mondiale. Des Petites Antilles à la Nouvelle-France, l’équilibre géopolitique européen excède désormais les frontières du Vieux Continent.",https://www.franceculture.fr/franceculture/podcasts/le-cours-de-l-histoire/des-ameriques-aux-indes-diplomaties-au-bout-du-monde-4668170,,,,6c24cc37-8a78-4e68-8880-d41e0d846da9_5
2023-11-09T08:00:00+00:00,1699516800,"Diplomates au Quai d'Orsay, histoire d'une profession","Depuis 1853, les diplomates français se succèdent au Quai d’Orsay. La fonction se professionnalise et s’ouvre aux roturiers au XIXe siècle. Comment la fonction de diplomate, aux valeurs et codes aristocratiques, s’est-elle professionnalisée et ""républicanisée"" ? ",https://www.franceculture.fr/franceculture/podcasts/le-cours-de-l-histoire/diplomates-au-quai-d-orsay-histoire-d-une-profession-8225885,,,,856bfec0-d765-42da-b4eb-cc4c3def907f_5
2023-11-10T08:00:00+00:00,1699603200,"Nathacha Appanah : ""Je me rends compte du balancier éternel de l’histoire""","De l’histoire de l’engagisme à l’enfermement de centaines de juifs dans la prison de Beau Bassin à l’île Maurice, la romancière Nathacha Appanah gratte le vernis de la mémoire pour mettre à nu le récit de l’histoire.",https://www.franceculture.fr/franceculture/podcasts/le-cours-de-l-histoire/nathacha-appanah-ecrivaine-et-folle-d-histoire-9483095,,,,fbe750af-b84a-4049-8e24-821482cfcb8b_5
2023-11-13T08:00:00+00:00,1699862400,"Huile d’olive, ça baigne pour les Anciens ! ","L’huile d’olive irrigue le monde méditerranéen antique. De la cuisine aux thermes en passant par les temples, l’huile d’olive est plus encore qu’un aliment de première nécessité : elle s’impose comme un marqueur civilisationnel qui sépare le monde gréco-romain de celui des peuples barbares… ",https://www.franceculture.fr/franceculture/podcasts/le-cours-de-l-histoire/huile-d-olive-ca-baigne-pour-les-anciens-2945924,,,,7f4360af-c68a-4c05-95b6-7ddf238a664f_5
2023-11-14T08:00:00+00:00,1699948800,Avoir la patate ! Comment la pomme de terre conquiert le monde,"""Lundi, des patates…"" La pomme de terre semble depuis toujours occuper une place de choix dans nos assiettes. Il faut pourtant attendre le 19e siècle pour que les bourgeois comme les paysans trouvent évident d'en consommer quotidiennement.
",https://www.franceculture.fr/franceculture/podcasts/le-cours-de-l-histoire/avoir-la-patate-comment-la-pomme-de-terre-conquiert-le-monde-9440510,,,,8bad6d1e-395a-4d78-a9a0-62f0384254f0_5
2023-11-15T08:00:00+00:00,1700035200,"Mener le peuple à la baguette, une histoire politique du pain","Nourriture roborative par excellence, le pain a une portée symbolique forte. Qu'il représente le corps du Christ dans l’eucharistie ou que les rois fixent son prix, comment la société s’est-elle organisée autour du pain et en quoi cet aliment est-il une préoccupation pour le pouvoir ?",https://www.franceculture.fr/franceculture/podcasts/le-cours-de-l-histoire/mener-le-peuple-a-la-baguette-une-histoire-politique-du-pain-5023829,,,,a910f83c-6574-42d0-b9ab-3212a409dde7_5
2023-11-16T08:00:00+00:00,1700121600,Coquillettes à toutes les sauces ! Histoire d’un triomphe industriel,"Des coquillettes aux spaghettis, les pâtes sèches sont aujourd’hui un produit de consommation mondiale. Pourtant, ce n’est qu’au 18e siècle qu’elles entrent véritablement dans les mœurs françaises…",https://www.franceculture.fr/franceculture/podcasts/le-cours-de-l-histoire/coquillettes-a-toutes-les-sauces-histoire-d-un-triomphe-industriel-9704496,,,,be14e0ab-91b4-48f5-814c-d22012151ed6_5
2023-11-17T08:00:00+00:00,1700208000,"Famille Askolovitch : ""Ce livre raconte comment une famille se rassemble pour parler de ses traumatismes""","Evelyn et Claude, deux générations d’une même famille, celle des Askolovitch, nous racontent la fragilité des souvenirs et la difficulté de la transmission de la mémoire.",https://www.franceculture.fr/franceculture/podcasts/le-cours-de-l-histoire/askolovitch-une-famille-folle-d-histoire-4304246,,,,9c90baf2-1415-40c2-9af9-3659f1da7a1a_5
2023-11-20T08:00:00+00:00,1700467200,"Louis XIV et la Royale, le Soleil a rendez-vous avec la mer","En 1624, sous le règne de Louis XIII, Richelieu crée la Marine royale. Pourquoi alors retient-on Colbert et Louis XIV comme les véritables instigateurs d'une politique navale ambitieuse ? Peut-on parler d'un âge d'or de la Marine sous le Roi-Soleil ? ",https://www.franceculture.fr/franceculture/podcasts/le-cours-de-l-histoire/louis-xiv-et-la-royale-le-soleil-a-rendez-vous-avec-la-mer-5590731,,,,502fb124-6eac-4f91-a234-9cc1b8f5c3b3_5
2023-11-21T08:00:00+00:00,1700553600,Branle-bas de combat ! L’art de la bataille navale,"Dans l’Atlantique des 16e et 17e siècles, il n'est pas rare pour les marins de croiser à l’horizon un navire ennemi. De la manœuvre du vaisseau jusqu’à l’abordage sur le pont adverse, comment se déroule un affrontement sur la mer ? 
",https://www.franceculture.fr/franceculture/podcasts/le-cours-de-l-histoire/branle-bas-de-combat-l-art-de-la-bataille-navale-1623729,,,,84c2bf37-1d65-4a80-b19e-6763fe95b93d_5
2023-11-22T08:00:00+00:00,1700640000,"À toute vapeur, les navires cuirassés à l'assaut des mers","Des réformes napoléoniennes à la Jeune École de la Troisième République, la Marine connaît une véritable révolution au 19e siècle. Les voiliers de l’Ancien Régime cèdent leur place aux navires cuirassés et l’histoire navale rejoint celle de la révolution industrielle…",https://www.franceculture.fr/franceculture/podcasts/le-cours-de-l-histoire/a-toute-vapeur-les-navires-cuirasses-a-l-assaut-des-mers-3646477,,,,0fa2e59d-8802-4477-b0ba-336eef7eb0c1_5
2023-11-23T08:00:00+00:00,1700726400,"La Marine au musée, histoire de collections ","En 1943, le Musée de la Marine ouvre au Palais de Chaillot. Quelle est l’histoire des collections de ce musée que nous connaissons aujourd'hui comme le Musée national de la Marine ? Comment mettre en valeur des objets maritimes et navals dans un cadre muséal ?
",https://www.franceculture.fr/franceculture/podcasts/le-cours-de-l-histoire/la-marine-au-musee-histoire-de-collections-2633157,,,,3a573857-cb01-4fb9-af5f-1b6b97b04c01_5
2023-11-24T08:00:00+00:00,1700812800,"Hommage à Emmanuel Le Roy Ladurie, du monde rural au climat, écrire l'histoire autrement ","L’historien moderniste Emmanuel Le Roy Ladurie est décédé le 22 novembre 2023 à 94 ans. Un succès mondial l’a rendu célèbre en 1975, ""Montaillou, village occitan"". Par sa démarche et les sujets qu’il aborde, dont l’histoire du climat, il est pionnier dans une nouvelle manière d’écrire l’histoire.
",https://www.franceculture.fr/franceculture/podcasts/le-cours-de-l-histoire/hommage-a-emmanuel-le-roy-ladurie-du-monde-rural-au-climat-ecrire-l-histoire-autrement-6352106,,,,4e2df512-4ff8-456e-8e60-49efaee536fa_5
2023-11-27T08:00:00+00:00,1701072000,"De Cendrillon au Chat botté, avec Perrault le conte est bon ","En 1697, Charles Perrault fait paraître ses ""Histoires ou contes du temps passé, avec des moralités"", sous-titrées ""Contes de ma mère l'Oye"". De ""Barbe Bleue"" au ""Petit Poucet"", d’où viennent les récits les plus célèbres de la littérature jeunesse ?",https://www.franceculture.fr/franceculture/podcasts/le-cours-de-l-histoire/de-cendrillon-au-chat-botte-avec-perrault-le-conte-est-bon-8646310,,,,cbe3b62c-a5c5-407f-aa4f-cdab5da49e5b_5
2023-11-28T08:00:00+00:00,1701158400,"""Les Malheurs de Sophie"" et les petits livres modèles de la Bibliothèque rose ","Classique indissociable de la Bibliothèque rose, la comtesse de Ségur a autant enchanté que terrifié les lectrices et lecteurs enfantins avec les espiègleries des ""Malheurs de Sophie"" et les châtiments de sa pauvre héroïne. Que disent les livres séguriens de l’édition de jeunesse au 19e siècle ?
",https://www.franceculture.fr/franceculture/podcasts/le-cours-de-l-histoire/les-malheurs-de-sophie-et-les-petits-livres-modeles-de-la-bibliotheque-rose-5614207,,,,68e9981e-5970-4f0d-928a-9a573197523a_5
2023-11-29T08:00:00+00:00,1701244800,"""Histoire de Babar"", pachyderme mais presque ","Babar le petit éléphant naît en 1931, tout droit sorti de l'esprit inventif et tendre de Cécile et de Jean de Brunhoff. La même année, Paul Faucher lance la célèbre collection ""Père Castor"" chez Flammarion. Comment la littérature jeunesse se renouvelle-t-elle dans l’entre-deux-guerres ?",https://www.franceculture.fr/franceculture/podcasts/le-cours-de-l-histoire/histoire-de-babar-pachyderme-mais-presque-6502142,,,,aaeb9230-97b4-452b-a3d9-944fa59f87d3_5
2023-11-30T08:00:00+00:00,1701331200,"""Les Trois Brigands"", la littérature jeunesse chahutée ","En 1968, paraît en France ""Les Trois Brigands"". L'album pour enfants incarne une contre-culture dans la littérature jeunesse à partir des années 1960. Iconoclaste, l'ouvrage présente un monde sombre où les méchants deviennent accueillants pour Tiffany, la petite fille qu'ils ont fait captive. 
",https://www.franceculture.fr/franceculture/podcasts/le-cours-de-l-histoire/les-trois-brigands-la-litterature-jeunesse-chahutee-2108556,,,,8fe92ef2-a6e8-4d70-96f2-a481350ed4bf_5
2023-12-01T08:00:00+00:00,1701417600,"Des réserves naturelles aux jardins botaniques, la colonisation se met au vert ","Dès le 18e siècle, les Européens nourrissent le fantasme d’une nature africaine vierge, pensée comme un Éden sauvage. Cette idée fausse justifie la mise en place de politiques de “conservation” de la nature, qui sont souvent synonymes de violence pour l’environnement et les populations locales…
",https://www.franceculture.fr/franceculture/podcasts/le-cours-de-l-histoire/des-reserves-naturelles-aux-jardins-botaniques-la-colonisation-se-met-au-vert-1864730,,,,127c8b77-3999-4e58-a5b9-70e51bc94f26_5
2023-12-04T08:00:00+00:00,1701676800,Incontournable Lugdunum. Lyon à la confluence des Gaules,"En 43 avant J-C, le Sénat romain fonde la colonie de Lugdunum. En quoi la ville, qui n'est pas la ""capitale des Gaules"", est-elle néanmoins un carrefour stratégique pour le pouvoir romain et ses projets de conquêtes ? Quelles traces de la ville antique reste-t-il dans l'actuelle ville de Lyon ? ",https://www.franceculture.fr/franceculture/podcasts/le-cours-de-l-histoire/incontournable-lugdunum-lyon-a-la-confluence-des-gaules-2402376,,,,ee3355e8-146a-4a35-b49a-ec06c8dd4563_5
2023-12-05T08:00:00+00:00,1701763200,"Lyon et la révolte des canuts, tu viens plus aux soieries ? ","En 1831 et 1834, les chefs d'atelier et ouvriers en soie lyonnais, surnommés ""canuts"", renversent le pouvoir à Lyon. Pourquoi ces insurgés étaient-ils prêts à ""vivre en travaillant ou à mourir en combattant"" ? La ville de Lyon est-elle le berceau des luttes sociales du 19e siècle ?",https://www.franceculture.fr/franceculture/podcasts/le-cours-de-l-histoire/lyon-et-la-revolte-des-canuts-tu-viens-plus-aux-soieries-4318355,,,,497a268c-82e3-4dde-96bf-f6bc1c10e1ad_5
2023-12-06T08:00:00+00:00,1701849600,Quenelles ou saucisson brioché ? Quand les Mères lyonnaises poussaient le bouchon ,"En 1933, Eugénie Brazier reçoit trois étoiles au guide Michelin pour ses deux restaurants. Le premier dans Lyon même, accueille l'élite de la ville. Le second, en périphérie, profite de l'essor de l'automobile. C'est la reconnaissance d'une histoire populaire dans la ""capitale de la gastronomie"". 
",https://www.franceculture.fr/franceculture/podcasts/le-cours-de-l-histoire/quenelle-ou-saucisson-brioche-quand-les-meres-lyonnaises-poussaient-le-bouchon-8625696,,,,8a0e8ac2-1453-49b5-8237-55839f581ea4_5
2023-12-07T08:00:00+00:00,1701936000,"Lyon dans la guerre. Dans les traboules, la Résistance s'organise","Après l'invasion allemande de 1940, Lyon se trouve en zone libre, et ce jusqu'en 1942. Comment Lyon, proclamée ""capitale de la Résistance"" par le général de Gaulle en 1944, s'est-elle adaptée à la Seconde Guerre mondiale ? Quelles sont les caractéristiques de la Résistance lyonnaise ?",https://www.franceculture.fr/franceculture/podcasts/le-cours-de-l-histoire/lyon-dans-la-guerre-dans-les-traboules-la-resistance-s-organise-9825905,,,,d10c981a-d09c-4ba8-a041-4e61f2311dcc_5
2023-12-08T08:00:00+00:00,1702022400,De Lascaux à la Commune… Que mangeaient nos ancêtres ? ,"Des graines consommées par nos ancêtres du Paléolithique à la passion de Fidel Castro pour le milk-shake, l’illustrateur Jul et le critique gastronomique Aïtor Alfonso nous livrent dans ""La Faim de l’histoire"" un voyage à travers les siècles sous le prisme de l’alimentation.
",https://www.franceculture.fr/franceculture/podcasts/le-cours-de-l-histoire/de-lascaux-a-la-commune-que-mangeaient-nos-ancetres-1142659,,,,51123d12-0809-4c25-ad4e-b71380133a30_5
2023-12-11T08:00:00+00:00,1702281600,"""Le Diable au corps"", Radiguet sur le front de l'amour","Le 10 mars 1923 paraît ""Le Diable au corps"", premier roman du jeune Raymond Radiguet. Dès avant sa sortie, le livre est auréolé d’un parfum de scandale. L’amour adultère entre une femme dont l’époux est au front et un jeune adolescent dérange dans un pays traumatisé par les années de guerre… ",https://www.franceculture.fr/franceculture/podcasts/le-cours-de-l-histoire/le-diable-au-corps-radiguet-sur-le-front-de-l-amour-7312374,,,,b40d0931-f523-436b-a1ad-0545ddc44d05_5
2023-12-12T08:00:00+00:00,1702368000,"""Le Bal du comte d’Orgel"", les folles années de Radiguet","Raymond Radiguet s'éteint le 12 décembre 1923 à Paris, emporté par la fièvre typhoïde. Quelques mois plus tard paraît son ultime roman, ""Le Bal du comte d'Orgel"" où il dépeint un triangle amoureux sur fond de virées au dancing et soirées mondaines dans le Paris des Années folles.",https://www.franceculture.fr/franceculture/podcasts/le-cours-de-l-histoire/le-bal-du-comte-d-orgel-les-folles-annees-de-radiguet-4405262,,,,acdb9d56-dd50-4809-a15b-84b9ce6daaad_5
2023-12-13T08:00:00+00:00,1702454400,"Cocteau et Radiguet, à dada sur le surréalisme","Au temps de Raymond Radiguet, les mouvements artistiques d'avant-garde font florès. Dadaïsme, surréalisme, cubisme, groupe des Six, quelles controverses esthétiques agitent les années 1920 à Paris ? Comment le jeune poète se positionne-t-il dans cette effervescence foisonnante et turbulente ?",https://www.franceculture.fr/franceculture/podcasts/le-cours-de-l-histoire/cocteau-et-radiguet-a-dada-sur-le-surrealisme-6424149,,,,0d3adbbe-8841-4a2d-b26d-83abc8dfe379_5
2023-12-14T08:00:00+00:00,1702540800,Que reste-t-il de Raymond Radiguet ?,"En 1947, Claude Autant-Lara fait scandale lorsqu’il porte à l’écran le chef-d'œuvre de Raymond Radiguet, ""Le Diable au corps"". Ce nouvel esclandre contribue à faire du jeune auteur, mort à 20 ans, la figure archétypale de l’éternel adolescent, irrévérencieux et transgressif…",https://www.franceculture.fr/franceculture/podcasts/le-cours-de-l-histoire/que-reste-t-il-de-raymond-radiguet-8362834,,,,03f71274-df32-4863-9e2b-2b91b5409c0f_5
2023-12-15T08:00:00+00:00,1702627200,"Marie-Hélène Lafon, écrivaine : ""Les histoires et l'histoire, je ne les sépare guère""","Des vallées du Cantal aux bancs de la Sorbonne, l’écrivaine Marie-Hélène Lafon nous invite à sauter à pieds joints dans ses sources pour ancrer l’histoire dans la terre et dans la chair.",https://www.franceculture.fr/franceculture/podcasts/le-cours-de-l-histoire/marie-helene-lafon-ecrivaine-et-folle-d-histoire-5821940,,,,db22dc35-96c4-4ed9-9a10-bae2ad1bbf35_5
2023-12-18T08:00:00+00:00,1702886400,"Le Mont-Saint-Michel, un chantier au péril de la mer","La construction de l'église abbatiale du Mont-Saint-Michel est entreprise en 1023. Quelles sont les différentes étapes de chantier, de travaux, d’aménagement, de destruction, de transformation et de rénovation qui ont mené au Mont-Saint-Michel tel qu’on le connaît aujourd'hui ?",https://www.franceculture.fr/franceculture/podcasts/le-cours-de-l-histoire/le-mont-saint-michel-un-chantier-au-peril-de-la-mer-5588680,,,,03390c96-72d4-45fe-9be4-f567882c58c7_5
2023-12-19T08:00:00+00:00,1702972800,"Louis XIV maître d'œuvre, Versailles en chantier","En 1661, commencent le règne personnel de Louis XIV et le chantier de Versailles. En quoi la construction du château renforce-t-elle l'image du Roi-Soleil comme souverain bâtisseur ? Des architectes aux jardiniers, quels rôles ont joué les savants dans la construction de cet édifice monumental ?
",https://www.franceculture.fr/franceculture/podcasts/le-cours-de-l-histoire/louis-xiv-maitre-d-oeuvre-versailles-en-chantier-5880180,,,,32b05895-3a5d-49b6-88f4-8cc46b045bf8_5
2023-12-20T08:00:00+00:00,1703059200,"Notre-Dame revisitée. Viollet-le-Duc, quelle flèche !","Des remparts de Carcassonne à la flèche de Notre-Dame de Paris en passant par le château de Pierrefonds, Eugène Viollet-le-Duc pilote les grands chantiers du 19e siècle et inscrit durablement dans le paysage sa vision idéalisée du Moyen Âge.",https://www.franceculture.fr/franceculture/podcasts/le-cours-de-l-histoire/notre-dame-revisitee-viollet-le-duc-quelle-fleche-1241489,,,,ef860b96-52dd-49e0-b8cc-7c21f8681f93_5
2023-12-21T08:00:00+00:00,1703145600,"En fer et contre tous, Eiffel monte dans les tours","Du pont de Bordeaux à la tour qui porte son nom, l'ingénieur Gustave Eiffel s’inscrit durablement dans l’histoire de la construction. En quoi ses réalisations et ses chantiers permettent-ils de décrire sa vie ? Quelles autres constructions, qui ont rendu possible la tour Eiffel, a-t-il supervisées ?",https://www.franceculture.fr/franceculture/podcasts/le-cours-de-l-histoire/en-fer-et-contre-tous-eiffel-monte-dans-les-tours-5743586,,,,3c093ca0-b29c-4fc4-b39b-f54e2c4ed03f_5
2023-12-22T08:00:00+00:00,1703232000,"Dominique Garcia : ""Chaque site archéologique est une nouvelle bibliothèque que l'on ouvre""","Faire parler les archives du sol, c’est la mission que s’est donné l’archéologue Dominique Garcia. Dans l'ouvrage collectif ""Atlas archéologique de la France"", il cartographie les résultats de milliers de fouilles archéologiques pour rendre visibles les travaux des chercheurs et chercheuses.",https://www.franceculture.fr/franceculture/podcasts/le-cours-de-l-histoire/deambulation-historique-avec-dominique-garcia-2913576,,,,b5a0ee94-b941-45d0-addd-3efad985a829_5
2023-12-26T08:00:00+00:00,1703577600,"Annette Wieviorka, des années chinoises à l'enquête familiale","Dans ""Mes années chinoises"" et ""Tombeaux. Autobiographie de ma famille"", Annette Wieviorka réfléchit à son histoire personnelle et familiale. De la persécution des juifs durant la Seconde Guerre mondiale à la Chine de Mao, comment l’historienne mêle-t-elle enquête historique et intime ?",,,,,b39eab04-678e-43b2-91f2-bd3f5887d17d_5
2023-12-27T08:00:00+00:00,1703664000,"Camille Lefebvre, écrire l’histoire des siens","D’Odessa au Maghreb en passant par l’Espagne franquiste, l’historienne Camille Lefebvre part sur les traces de ses grands-parents dans une vaste enquête entre témoignages oraux, archives personnelles et secrets de famille.",,,,,49833c1a-eb8b-4a05-a2d3-d3dce39ef228_5
2023-12-28T08:00:00+00:00,1703750400,"François Hartog, historien à temps plein","Dans ""À la rencontre de Chronos"", François Hartog revient sur son parcours intellectuel, ses années de formation, ses lectures et ses voyages, autant d'étapes qui l’ont mené à élaborer une théorie des régimes d’historicité. Comment un historien peut-il faire l'histoire des rapports au temps ?",,,,,6c4e1101-1881-49ee-8f61-242bc4e406a8_5
2023-12-29T08:00:00+00:00,1703836800,Michelle Perrot : comment devient-on féministe ?,"On ne naît pas féministe, alors comment le devient-on ? Précurseuse de l’histoire des femmes, Michelle Perrot retrace son itinéraire intellectuel et nous éclaire sur la profondeur historique des luttes qui agitent aujourd’hui nos sociétés.",,,,,4ce6016c-f655-4aed-a8c5-2ac20d0f809c_5
2024-01-01T08:00:00+00:00,1704096000,Tournée générale ! Les heures heureuses des bistrots,"Au 20e siècle, le bistrot incarne le lieu du brassage social typique de la culture urbaine. L’apéro se démocratise et devient un rituel social. Du patron au garçon de café, quels visages font vivre au quotidien le comptoir ? Comment le bistrot est-il devenu un lieu de convivialité populaire ?",https://www.franceculture.fr/franceculture/podcasts/le-cours-de-l-histoire/tournee-generale-les-heures-heureuses-des-bistrots-1594659,,,,0421d0b3-34c5-4b39-b879-bb24c0f7ebbc_5
2024-01-02T08:00:00+00:00,1704182400,"Du parterre au paradis, rendez-vous au théâtre","Au 19e siècle, toutes les classes sociales fréquentent les théâtres. Des drames romantiques aux vaudevilles, l’essor des genres dramatiques dessine une véritable société des spectacles, qui se retrouve le soir venu dans les salles à l’italienne… 
",https://www.franceculture.fr/franceculture/podcasts/le-cours-de-l-histoire/du-parterre-au-paradis-rendez-vous-au-theatre-6214400,,,,146ede94-8200-404a-9eef-68abf22b1d01_5
2024-01-03T08:00:00+00:00,1704268800,"De la messe aux messes basses, se retrouver au pied du clocher","Convivialité, sociabilité, communication, prédication : en quoi la messe au Moyen Âge et à l’Époque moderne est-elle un moment partagé qui permet la rencontre d’une grande diversité de personnes ? Dans quelle mesure la messe est-elle aussi un moment convivial au sens d’un repas partagé ?
",https://www.franceculture.fr/franceculture/podcasts/le-cours-de-l-histoire/de-la-messe-aux-messes-basses-se-retrouver-au-pied-du-clocher-6828015,,,,5f28cd6c-7904-49d3-8ab8-2177042351d4_5
2024-01-04T08:00:00+00:00,1704355200,"Fidèles aux thermes, les Romains des bains publics","Sous l’Empire romain, le citoyen a l’habitude de se rendre aux thermes pour se baigner, discuter et faire du sport. En quoi les bains publics romains sont-ils une marque d’appartenance à la civilisation romaine ? Comment s’exprime la convivialité dans ces espaces monumentaux ?",https://www.franceculture.fr/franceculture/podcasts/le-cours-de-l-histoire/fideles-aux-thermes-les-romains-des-bains-publics-1288283,,,,da3c14cd-f2e5-488d-b196-692053185b60_5
2024-01-05T08:00:00+00:00,1704441600,"Sylvain Pattieu : ""Je prends la démarche d'histoire contrefactuelle et j'en fais un objet littéraire""","Du Marseille des années 1920 à la Seine-Saint-Denis contemporaine en passant par les Black Panthers en exil, l’historien et écrivain Sylvain Pattieu s’attache à documenter et à raconter la vie de celles et ceux que la société invisibilise et opprime.",https://www.franceculture.fr/franceculture/podcasts/le-cours-de-l-histoire/sylvain-pattieu-fou-d-histoire-7475176,,,,0b925534-736c-4e44-85f2-df83d07adc06_5
2024-01-08T08:00:00+00:00,1704700800,"Confiance, contrat, contrainte, quand l’économie des Lumières invente le citoyen","Y a-t-il un lien entre le monde des affaires et l’émergence de la démocratie moderne ? En quoi les pratiques commerciales et financières ont-elles façonné la pensée politique de la fin du 17e siècle en Angleterre, et influencé la pensée des révolutionnaires américains et français au 18e siècle ?",https://www.franceculture.fr/franceculture/podcasts/le-cours-de-l-histoire/confiance-contrat-contrainte-quand-l-economie-des-lumieres-invente-le-citoyen-2751677,,,,f3d1cd58-52b2-4497-8cd9-1f65cfe41d2a_5
2024-01-09T08:00:00+00:00,1704787200,"David Ricardo (sinon rien), le capitalisme sans modération","En 1817, David Ricardo fait paraître un ouvrage majeur : ""Des principes de l’économie politique et de l’impôt"". Dans une Angleterre agricole en cours d’industrialisation, comment David Ricardo perçoit-il le progrès de la société anglaise ? En quoi est-il un visionnaire du capitalisme industriel ?",https://www.franceculture.fr/franceculture/podcasts/le-cours-de-l-histoire/david-ricardo-sinon-rien-le-capitalisme-sans-moderation-8680762,,,,4ed49ba8-58d9-4222-9d6f-d771b6cc98b1_5
2024-01-10T08:00:00+00:00,1704873600,Ça taxe pour moi ! La nation entre protectionnisme et libre-échange,"La Révolution française associe le libre-échange à l’aristocratie et à l’Ancien Régime. Dès lors, le protectionnisme est érigé en socle économique et moral de la nation. Le débat d’idées du 19e siècle porte cet héritage, et les choix économiques sont toujours politiques, moraux, idéologiques…",https://www.franceculture.fr/franceculture/podcasts/le-cours-de-l-histoire/ca-taxe-pour-moi-la-nation-entre-protectionnisme-et-libre-echange-5361987,,,,a96f0d5b-f8e7-490a-b87a-7dbf7687e397_5
2024-01-11T08:00:00+00:00,1704960000,"Compter pour gouverner, une histoire de chiffres et de stats","Que disent les chiffres du fonctionnement des sociétés qui les produisent et les utilisent ? Quelle influence ont-ils sur les pratiques économiques, sociales et politiques ? En quoi l’étude des chiffres éclaire-t-elle les rapports entre public et privé, État et entreprise, depuis l'Ancien Régime ?",https://www.franceculture.fr/franceculture/podcasts/le-cours-de-l-histoire/compter-pour-gouverner-une-histoire-de-chiffres-et-de-stats-5355380,,,,dfe81897-7ac5-4572-a1c5-f27d36599eea_5
2024-01-12T08:00:00+00:00,1705046400,"José Ortega y Gasset, penser la diversité culturelle en Europe","Figure de l’humanisme libéral du 20e siècle, le philosophe espagnol José Ortega y Gasset laisse en héritage une œuvre qui plaide pour une unité européenne nourrie de son irréductible diversité culturelle.",https://www.franceculture.fr/franceculture/podcasts/le-cours-de-l-histoire/ils-ont-pense-la-construction-europeenne-jose-ortega-y-gasset-9511055,,,,89225493-72f9-4f5d-bd5a-a4798d2e0266_5
2024-01-15T08:00:00+00:00,1705305600,"Lénine avant Lénine, au cœur du tsar-system","De sa naissance dans une famille bourgeoise et progressiste à la révolution ratée de 1905, comment Vladimir Ilitch Oulianov est-il devenu Lénine ?",https://www.franceculture.fr/franceculture/podcasts/le-cours-de-l-histoire/lenine-avant-lenine-au-coeur-du-tsar-system-5106597,,,,5865959b-f3c3-40fa-a3a9-8e3152dceedd_5
2024-01-16T08:00:00+00:00,1705392000,"Lénine et les révolutions de 1917. Rouge sur blanc, tout fout le camp","25 octobre 1917, Lénine s’empare du pouvoir en Russie. Après des années d'attente et de désespoir, la révolution du prolétariat est réalisée. De Paris à Cracovie, quelle a été la vie de Lénine en exil ? Comment Lénine a-t-il réussi à prendre le pouvoir en 1917 ? ",https://www.franceculture.fr/franceculture/podcasts/le-cours-de-l-histoire/lenine-et-les-revolutions-de-1917-rouge-sur-blanc-tout-fout-le-camp-2626110,,,,a31c77d5-9055-4677-b92b-67a1f058260e_5
2024-01-17T08:00:00+00:00,1705478400,"Camarade Lénine, l’exercice du pouvoir","Après la révolution d'Octobre, Lénine arrive à la tête de ce qui est alors le premier État communiste. Jusqu'à sa mort en 1924, il se confronte à l'exercice du pouvoir et organise l'État, ses institutions, sa politique économique, militaire et internationale. Quels sont ses objectifs ?",https://www.franceculture.fr/franceculture/podcasts/le-cours-de-l-histoire/camarade-lenine-l-exercice-du-pouvoir-4559933,,,,2c9dd65a-f771-49bb-b6ec-546e08372236_5
2024-01-18T08:00:00+00:00,1705564800,"Lénine embaumé, attention aux mythes","En 1924, la mort de Lénine fait l’effet d’une déflagration dans la jeune nation soviétique. Le deuil national cède rapidement la place aux récupérations politiques. Comment intégrer le mythe Lénine au grand récit de propagande soviétique ?",https://www.franceculture.fr/franceculture/podcasts/le-cours-de-l-histoire/lenine-embaume-attention-aux-mythes-7392800,,,,ab8442a2-5fff-4196-abe6-0d253fe2e26e_5
2024-01-19T08:00:00+00:00,1705651200,"Magyd Cherfi : ""Un peu comme toutes les mémoires blessées, il a fallu arracher des lambeaux à nos parents"" ","Des bribes de récit de la guerre d’Algérie, une Kabylie lointaine et fantasmée, des images dans les manuels d’histoire… L’écrivain et chanteur Magyd Cherfi nous emmène sur les traces de son passé et de ses racines, hybrides et composites. ",https://www.franceculture.fr/franceculture/podcasts/le-cours-de-l-histoire/magyd-cherfi-fou-d-histoire-9725918,,,,f6d2e21c-3941-46c3-9368-ade732c70aac_5
2024-01-22T08:00:00+00:00,1705910400,"Se déplacer en Méditerranée, les Anciens en Thalassa","Dans la Grèce et la Rome antiques, qu'est-ce qui pousse les hommes et les femmes à prendre la mer et à circuler en Méditerranée ? En quoi cette variété de déplacements indique-t-elle la centralité de l'espace méditerranéen pour les cultures antiques ?
",https://www.franceculture.fr/franceculture/podcasts/le-cours-de-l-histoire/se-deplacer-en-mediterranee-les-anciens-en-thalassa-9599032,,,,ea1715bf-e468-4170-b442-8b8927031ffd_5
2024-01-23T08:00:00+00:00,1705996800,"Fernand Braudel, l'historien face à la mer",Les travaux de Fernand Braudel sur la Méditerranée au temps de Philippe II ont fait date. Quel regard les historiennes et historiens portent-ils aujourd'hui sur les apports de cet historien majeur du 20e siècle ? Comment l'approche du monde méditerranéen médiéval et moderne se renouvelle-t-elle ? ,https://www.franceculture.fr/franceculture/podcasts/le-cours-de-l-histoire/fernand-braudel-l-historien-et-la-mer-9818546,,,,7fb070f7-eef5-4a80-9140-0f33cd76e993_5
2024-01-24T08:00:00+00:00,1706083200,"De port en port, traverser la Méditerranée aux Temps modernes","De l’Égypte à la Provence, de l’Afrique du Nord aux Balkans, la Méditerranée de l’Époque moderne recouvre des réalités plurielles. Qu’il s’agisse de cabotage ou de grandes traversées, les mobilités humaines sont légion et font dialoguer les différents pôles de cet espace.",https://www.franceculture.fr/franceculture/podcasts/le-cours-de-l-histoire/de-port-en-port-traverser-la-mediterranee-aux-temps-modernes-3696650,,,,13f4c219-1e4f-4561-9412-8b4bb60cd509_5
2024-01-25T08:00:00+00:00,1706169600,"Lampedusa, histoire d’une île au carrefour des mondes","Le nom de Lampedusa évoque aujourd'hui les embarcations de migrants qui tentent de traverser la Méditerranée. Quelle est l'histoire de cette île italienne ? En quoi a-t-elle été un laboratoire des migrations, un espace d’accueil et de refuge, un lieu de passage et d’échanges, une ""île-monde"" ?",https://www.franceculture.fr/franceculture/podcasts/le-cours-de-l-histoire/lampedusa-histoire-d-une-ile-au-carrefour-des-mondes-1352044,,,,5c314919-32fe-4b76-ad3b-ffeb3aa0cdb9_5
2024-01-26T08:00:00+00:00,1706256000,"Au fond de la Seine, il y a des trésors… Archéologie d'un fleuve","""Au fond de la Seine, il y a de l'or"", mais aussi des silex, des ex-voto ou des robinets. Dans une nouvelle exposition, la Crypte archéologique de l’Île de la Cité à Paris dresse le portrait de la Seine à partir d’une série d’objets recueillis dans son lit ou sur ses berges.",https://www.franceculture.fr/franceculture/podcasts/le-cours-de-l-histoire/au-fond-de-la-seine-il-y-a-des-tresors-archeologie-d-un-fleuve-8898929,,,,51ec2838-2779-4f81-8e0a-0621fb0c2342_5
2024-01-29T08:00:00+00:00,1706515200,"À la cour ou en croisade, Aliénor d'Aquitaine s'en va-t-en guerre","Née en 1124, Aliénor d’Aquitaine hérite à l’âge de treize ans du plus vaste et du plus riche duché du royaume des Francs. La même année, en 1137, elle épouse Louis VII et devient reine de France.",https://www.franceculture.fr/franceculture/podcasts/le-cours-de-l-histoire/a-la-cour-ou-en-croisade-alienor-d-aquitaine-s-en-va-t-en-guerre-2435743,,,,5811a27e-9c43-444e-b665-d9c8b9944bf4_5
2024-01-30T08:00:00+00:00,1706601600,"À cheval entre l'Aquitaine et l'Angleterre, Aliénor prend les rênes !","À peine divorcée du roi des Francs Louis VII, Aliénor d’Aquitaine épouse l’ambitieux Henri Plantagenêt en 1152. Après avoir été reine de France, elle devient reine d’Angleterre et donne naissance à une nouvelle dynastie.",https://www.franceculture.fr/franceculture/podcasts/le-cours-de-l-histoire/a-cheval-entre-l-aquitaine-et-l-angleterre-alienor-prend-les-renes-1363270,,,,69dafdaa-45f7-416f-9b33-c289757c0016_5
2024-01-31T08:00:00+00:00,1706688000,"Splendeurs médiévales, Aliénor d'Aquitaine et les arts","Quelle est l’influence d’Aliénor d’Aquitaine sur les arts de son temps, et en particulier sur la littérature ? Quel rôle joue la cour Plantagenêt dans la création et la diffusion de nouveaux modèles littéraires ? Quels objectifs politiques et idéologiques sont ainsi servis ? 
",https://www.franceculture.fr/franceculture/podcasts/le-cours-de-l-histoire/splendeurs-medievales-alienor-d-aquitaine-et-les-arts-2206231,,,,9773555e-d477-4578-a439-90d3f8703dbd_5
2024-02-01T08:00:00+00:00,1706774400,"Aliénor d'Aquitaine et les Plantagenêts, le temps des crépuscules","À l’été 1189, Aliénor d’Aquitaine perd son époux, le roi Henri II d’Angleterre. Cette période de veuvage est synonyme d’intense activité politique. Il s’agit avant tout de protéger les intérêts de son fils Richard Cœur de Lion, parti en croisade, et de veiller à l’intégrité de l’empire Plantagenêt.",https://www.franceculture.fr/franceculture/podcasts/le-cours-de-l-histoire/alienor-d-aquitaine-et-les-plantagenets-le-temps-des-crepuscules-2331012,,,,e84c1cff-3e7c-4846-b5fe-4d92d4120f5c_5
2024-02-02T08:00:00+00:00,1706860800,"Ursula Hirschmann et Altiero Spinelli, penser le fédéralisme européen","Militants antifascistes et pionniers du fédéralisme européen, Altiero Spinelli et Ursula Hirschmann ont marqué l’histoire de la construction européenne et de ses institutions. Du ""Manifeste de Ventotene"" à l’association ""Femmes pour l’Europe"", ils ont porté l’idée d’une Europe unie et démocratique.",https://www.franceculture.fr/franceculture/podcasts/le-cours-de-l-histoire/ursula-hirschmann-et-altiero-spinelli-penser-le-federalisme-europeen-2657073,,,,94e56b75-fae8-49b7-98c3-5e2b61b8d88d_5
2024-02-05T08:00:00+00:00,1707120000,"Exploiter les masses, exploiter la race. Une histoire du capitalisme ","Quel rôle a joué le facteur racial dans l’avènement du capitalisme, depuis 1492 ? Pourquoi la race est-elle un impensé du système économique et de la théorie économique ? ""Le Cours de l'histoire"" du 5 février 2024 s'interroge. ",https://www.franceculture.fr/franceculture/podcasts/le-cours-de-l-histoire/exploiter-les-masses-exploiter-la-race-une-histoire-du-capitalisme-7014625,,,,571c646d-e049-4dde-b173-5126f56942f4_5
2024-02-06T08:00:00+00:00,1707206400,"Il était une fois dans l'Ouest, les cow-boys noirs","Ils ont représenté plus d’un cow-boy sur cinq : les Afro-descendants ont joué un rôle majeur dans l’histoire de l’Ouest étasunien, comme nous le révèle le témoignage de l’un d’entre eux, Nat Love, dans un récit autobiographique. Que nous apprend l’histoire de ces cow-boys noirs ?",https://www.franceculture.fr/franceculture/podcasts/le-cours-de-l-histoire/il-etait-une-fois-dans-l-ouest-les-cow-boys-noirs-3096434,,,,2da053e0-983b-4b86-894b-3ec90231a8e0_5
2024-02-07T08:00:00+00:00,1707292800,"1941, Arizona. Une armée noire dans le désert","Durant la Seconde Guerre mondiale, le fort Huachuca, bastion militaire d’Arizona et haut-lieu des ""guerres indiennes"" du 19e siècle, devient le seul espace des États-Unis à n’entraîner que des soldats noirs. Entre ségrégation et expériences d’intégration, plongée dans une histoire singulière. ",https://www.franceculture.fr/franceculture/podcasts/le-cours-de-l-histoire/1941-arizona-une-armee-noire-dans-le-desert-5870925,"1941, Arizona. Une armée noire dans le désert",https://proxycast.radiofrance.fr/1e5ac5a1-072e-4813-9dde-acdf18cda9cf/10076-22.02.2026-ITEMA_24407159-2024C36128S0038-NET_MFC_BC81179D-198A-462F-B604-FDCDD7496C79-21-f30ae427b07f6d4ed4f4e335e45f23d5.mp3?project=c9985698-c0ee-4af3-b0ed-f1a8c7c2d4cd,https://embed.radiofrance.fr/franceculture/player?id_diffusion=16565df4-1dcd-41ca-b3b1-7a8b4d9fa6e0,16565df4-1dcd-41ca-b3b1-7a8b4d9fa6e0_5
2024-02-08T08:00:00+00:00,1707379200,"Artistes et militantes, réinventer l'anthropologie","Par leur vécu et leur position de femmes noires, l'écrivaine Zora Neale Hurston, la journaliste Eslanda Goode Robeson et la danseuse Katherine Dunham ont renouvelé l'anthropologie. En quoi le parcours de ces trois femmes africaines-américaines éclaire-t-il les évolutions de cette discipline ?",https://www.franceculture.fr/franceculture/podcasts/le-cours-de-l-histoire/artistes-et-militantes-reinventer-l-anthropologie-9488340,,,,23563455-cba3-44ee-910c-4fd3e8ef8c1f_5
2024-02-09T08:00:00+00:00,1707465600,"Bartabas : ""Mes chevaux arrivent avec une histoire""","Né à Courbevoie alors qu'il aurait préféré être nomade ou grandir entouré de chevaux, l'artiste cavalier Bartabas sonde l'histoire des savoir-faire équestres et l'histoire millénaire de la relation des humains et des chevaux.",https://www.franceculture.fr/franceculture/podcasts/le-cours-de-l-histoire/bartabas-cavalier-et-fou-d-histoire-5142346,,,,5a2fc244-3b90-49cb-bce7-5e9fad95ecea_5
2024-02-12T08:00:00+00:00,1707724800,"Copains comme Romains, des amitiés sous condition","L’amitié romaine, ""amicitia"", recouvre une réalité bien plus large que notre amitié contemporaine. Des devoirs amicaux aux ruptures très codifiées, l’amitié assure la cohésion de la République puis de l'Empire dans une société romaine sous-administrée où l’amitié joue le rôle de relais du pouvoir.",https://www.franceculture.fr/franceculture/podcasts/le-cours-de-l-histoire/copains-comme-romains-des-amities-sous-condition-4590622,,,,0f96744a-45ad-4c6b-b4d5-2d24817f2d16_5
2024-02-13T08:00:00+00:00,1707811200,"À la vie à la mort, des amitiés médiévales sous la foi du serment","Camaraderie entre chevaliers, lien d'un vassal à son suzerain, ou encore sentiment inspiré par Dieu, comment se définit l’amitié au Moyen Âge ? Quels en sont les codes et les pratiques ?",https://www.franceculture.fr/franceculture/podcasts/le-cours-de-l-histoire/a-la-vie-a-la-mort-des-amities-medievales-sous-la-foi-du-serment-9615450,,,,a771fa25-48d5-41b5-92de-1394d270f112_5
2024-02-14T08:00:00+00:00,1707897600,"Sans-culottes mais cul et chemise, amitiés en Révolution",Quelle coloration politique peut prendre l’amitié au 18e siècle ? Quelle évolution subit le concept d’amitié sous la Révolution ?  Quels liens d’amitié unissent les révolutionnaires ? Le concept de fraternité se substitue-t-il à celui d’amitié à la période révolutionnaire ?,https://www.franceculture.fr/franceculture/podcasts/le-cours-de-l-histoire/sans-culottes-mais-cul-et-chemise-amities-en-revolution-8054910,,,,dc7b9186-0ed6-4bb0-a085-0d2e01d69130_5
2024-02-15T08:00:00+00:00,1707984000,"Frères de plume et sœurs de lutte, l’amitié comme étendard","La fraternité et la sororité sont des mots métaphores, qui désignent le plus souvent ce qui excède le cadre de la famille. Universelle ou choisie, cette solidarité horizontale occupe une place fondamentale dans l’histoire militante et littéraire contemporaine.",https://www.franceculture.fr/franceculture/podcasts/le-cours-de-l-histoire/freres-de-plume-et-soeurs-de-lutte-l-amitie-comme-etendard-7083820,"Frères de plume et sœurs de lutte, l’amitié comme étendard",https://proxycast.radiofrance.fr/2cb63011-d404-4329-8c97-9121f2205daf/10076-14.02.2026-ITEMA_24407152-2024C36128S0046-NET_MFC_66D5D0BE-A37D-48F1-ABD3-4101930CF898-21-68a438456e58b30ab5deb5c7a66f0fbf.mp3?project=c9985698-c0ee-4af3-b0ed-f1a8c7c2d4cd,https://embed.radiofrance.fr/franceculture/player?id_diffusion=5edd0e2b-f891-49d5-b801-a535f2fbb960,5edd0e2b-f891-49d5-b801-a535f2fbb960_5
2024-02-16T08:00:00+00:00,1708070400,"Gaëlle Bourges : ""Il n'y a que l'art qui peut me consoler des tragédies de l'histoire""","Le mouvement punk en Allemagne de l'Est, la naissance de la danse post-moderne aux États-Unis ou encore l'essor de la psychiatrie dans une clinique autrichienne... L'histoire du 20e siècle et ses turpitudes fourmillent dans le spectacle ""Austerlitz"" de la chorégraphe Gaëlle Bourges.",https://www.franceculture.fr/franceculture/podcasts/le-cours-de-l-histoire/gaelle-bourges-danseuse-choregraphe-et-folle-d-histoire-6643317,,,,e0e735f9-e930-41a0-86ca-03e29e461c9c_5
2024-02-19T08:00:00+00:00,1708329600,"La balade des moines irlandais, christianiser une île, évangéliser le continent","Comment l’Irlande a-t-elle été christianisée ? Quelles sont les grandes figures évangélisatrices qui y ont contribué ? Quelles hybridations existent entre paganisme irlandais et religion chrétienne ? Quelles sont les spécificités du christianisme irlandais par rapport au christianisme continental ?
",https://www.franceculture.fr/franceculture/podcasts/le-cours-de-l-histoire/la-balade-des-moines-irlandais-evangeliser-le-continent-6670481,,,,2bbc00b6-93ac-40e0-8e04-d30cb0f046a9_5
2024-02-20T08:00:00+00:00,1708416000,"Quand les Anglais colonisent l'Irlande, la rose contre le trèfle","Entre rivalités religieuses, économiques et politiques, comment les Anglais ont-ils pris possession de l’Irlande ?",https://www.franceculture.fr/franceculture/podcasts/le-cours-de-l-histoire/quand-les-anglais-colonisent-l-irlande-la-rose-contre-le-trefle-4703423,,,,6db4ab41-a2d4-44f3-aad6-f64eb4a9ddad_5
2024-02-21T08:00:00+00:00,1708502400,"Le mildiou et la mort, la grande famine en Irlande","La grande famine irlandaise a décimé plus d'un dixième de la population au milieu du 19e siècle. La passivité coupable du Royaume-Uni dans cet épisode a laissé une trace importante dans la mémoire des Irlandais, complétée et nuancée par le travail des historiens au fil du temps.",https://www.franceculture.fr/franceculture/podcasts/le-cours-de-l-histoire/le-mildiou-et-la-mort-la-grande-famine-en-irlande-3704078,,,,c4f282b2-a962-4155-a338-5bfef2eb0997_5
2024-02-22T08:00:00+00:00,1708588800,"Lutter pour son indépendance, l'ire de l'Irlande ","Des ""Pâques sanglantes"" au traité de partition, quelles voies plurielles furent celles de l'indépendance irlandaise ? Et comment, d'une guerre d'indépendance contre les Britanniques, l'Irlande est-elle passée à une guerre civile ? ",https://www.franceculture.fr/franceculture/podcasts/le-cours-de-l-histoire/lutter-pour-son-independance-l-ire-de-l-irlande-8460256,,,,c963dfd4-e77d-4348-94c8-96b838a0c018_5
2024-02-23T08:00:00+00:00,1708675200,"Manouchian et les autres, la main-d’œuvre immigrée en Résistance ","Missak et Mélinée Manouchian entrent au Panthéon le 21 février 2024. Cette célébration ne doit pas faire oublier qu’à travers eux, c’est l’action et la mémoire de tout un groupe qu’il s’agit d’honorer : celles des FTP-MOI. ",https://www.franceculture.fr/franceculture/podcasts/le-cours-de-l-histoire/manouchian-et-les-autres-la-main-d-oeuvre-immigree-en-resistance-6229014,,,,acba76a5-858b-4b8d-bc32-6cbfd37d56d6_5
2024-02-26T08:00:00+00:00,1708934400,"Rends les terres ! Réforme à Rome, va te faire voir chez les Gracques","Les réformes agraires qu'entreprennent les Gracques portent un programme politique les opposant au Sénat. Meilleure répartition des terres, plafonnement des prix et colonies lointaines visent à partager la terre publique, les denrées, mais aussi le pouvoir dans la Rome du IIe siècle avant notre ère.",https://www.franceculture.fr/franceculture/podcasts/le-cours-de-l-histoire/rends-les-terres-reforme-a-rome-va-te-faire-voir-chez-les-gracques-1597994,,,,1fc4a7be-11ec-45f9-b604-fb2bb0413e92_5
2024-02-27T08:00:00+00:00,1709020800,"La paysannerie de l’an mil, travailler la terre, jachère à quoi ?",Les campagnes du nord de la France se métamorphosent à partir du 12e siècle. Comment les évolutions du monde rural reconfigurent-elles la société médiévale ?,https://www.franceculture.fr/franceculture/podcasts/le-cours-de-l-histoire/la-paysannerie-de-l-an-mil-travailler-la-terre-jachere-a-quoi-1629499,,,,b24009bc-1932-4285-bbb2-611026c84b5a_5
2024-02-28T08:00:00+00:00,1709107200,"Trajectoires paysannes, tracer son sillon face à l’industrialisation","Entre 1789 et 1914, quelles grandes évolutions touchent le monde rural et le métamorphosent ? Pourquoi peut-on dire que le XIXe siècle est le grand siècle agricole ? Comment l'industrialisation transforme-t-elle le monde des campagnes ?",https://www.franceculture.fr/franceculture/podcasts/le-cours-de-l-histoire/trajectoires-paysannes-tracer-son-sillon-face-a-l-industrialisation-2432420,,,,830242ba-1614-486b-9cbd-9c33908d30f0_5
2024-02-29T08:00:00+00:00,1709193600,"Le syndicat est dans le pré, aux racines des organisations paysannes","Au lendemain de la Seconde Guerre mondiale, des transformations matérielles d’ampleur sont mises en place au nom de la modernisation agricole. Face à une injonction au productivisme, le paysage syndical paysan se recompose. ",https://www.franceculture.fr/franceculture/podcasts/le-cours-de-l-histoire/le-syndicat-est-dans-le-pre-aux-racines-des-organisations-paysannes-8169777,,,,c8472ab3-cb01-4dfa-b24a-ec4fe98bbc48_5
2024-03-01T08:00:00+00:00,1709280000,"Le prince Adam Czartoryski, penser l'Europe depuis la Pologne","Dans l'Europe du XIXe siècle marquée par l'affirmation des nationalismes, des intellectuels, des artistes et des politiques polonais comme le prince Adam Czartoryski imaginent une union européenne garante de la paix et de l'indépendance de chaque nation.",https://www.franceculture.fr/franceculture/podcasts/le-cours-de-l-histoire/le-prince-adam-czartoryski-penser-l-europe-depuis-la-pologne-2028594,,,,0c506dc3-7d2a-4bd6-86f7-7fe1ad4d427b_5
2024-03-04T08:00:00+00:00,1709539200,"Par les arts et par les lettres, l'invention de l'humanisme","Un nouveau modèle de culture voit le jour en Italie au XIVe siècle et s’étend au reste de l’Europe au XVIe siècle. Retour aux sources antiques, rapport au savoir renouvelé... Comment se développe ce mouvement qui ne s'appelle pas encore humanisme ? Qui en sont les protagonistes ?",https://www.franceculture.fr/franceculture/podcasts/le-cours-de-l-histoire/par-les-arts-et-par-les-lettres-l-invention-de-l-humanisme-4902529,,,,794406d2-97b3-426a-b3f7-cfcd6de7a28c_5
2024-03-05T08:00:00+00:00,1709625600,"Devenir humaniste, mode d'emploi. La transmission des savoirs à la Renaissance","Le Quattrocento italien annonce l’émergence d'une pédagogie nouvelle. Il s’agit d’en finir avec la scolastique médiévale et de penser l’éducation comme une formation du corps et de l’esprit, destinée, selon le modèle antique, à façonner non seulement des érudits, mais aussi des citoyens.",https://www.franceculture.fr/franceculture/podcasts/le-cours-de-l-histoire/devenir-humaniste-mode-d-emploi-la-transmission-des-savoirs-a-la-renaissance-4988240,,,,1b8a6031-22f2-4347-8ade-14cb7e7beb25_5
2024-03-06T08:00:00+00:00,1709712000,"À la recherche de Louise Labé, poétesse de l'humanisme","Cinq siècles après sa naissance, Louise Labé ne cesse de fasciner. Qui était cette poétesse humaniste du milieu du XVIe siècle et que véhicule le mythe de la ""Belle Cordière de Lyon"" ? En quoi Louise Labé a-t-elle marqué son temps ?",https://www.franceculture.fr/franceculture/podcasts/le-cours-de-l-histoire/a-la-recherche-de-louise-labe-poetesse-de-l-humanisme-3818310,,,,bde4c120-c916-421e-ad62-cefd9d4e11e6_5
2024-03-07T08:00:00+00:00,1709798400,"Les mille et une vies de l'humanisme, métamorphoses d'une idée","Entre l’humanisme de la Renaissance, l’humanisme du XVIIIe siècle autour du mouvement des Lumières, et celui du XIXe siècle autour d’un idéal scientifique et rationaliste, voire positiviste, parle-t-on bien de la même chose ? Comment le concept d’humanisme est-il né et comment a-t-il évolué ?",https://www.franceculture.fr/franceculture/podcasts/le-cours-de-l-histoire/les-mille-et-une-vies-de-l-humanisme-metamorphoses-d-une-idee-3973535,,,,7755e33e-3bb6-4076-a94e-741f7e6b4c74_5
2024-03-08T08:00:00+00:00,1709884800,"Yann Bouvier, alias YannToutCourt, l’histoire à la loupe","Comment transmettre le goût de la science historique, avec rigueur, passion et plaisir ? Le roman graphique ""Microcosmes, histoire de France à taille humaine"" de Yann Bouvier, alias YannToutCourt, retrace les jalons de notre histoire et montre les coulisses du travail des historiennes et historiens.",https://www.franceculture.fr/franceculture/podcasts/le-cours-de-l-histoire/yann-bouvier-alias-yanntoutcourt-l-histoire-a-la-loupe-3965241,,,,61da68e6-89d4-4f2b-8658-1a8aa8f06226_5
2024-03-11T08:00:00+00:00,1710144000,"Âmes, anges et démons. S’envoler, histoire d’un rêve médiéval","Aux confins de la science et de la magie, de la religion et des récits mythologiques, le vol aérien occupe une place unique dans l’univers médiéval. Comment cette utopie scientifique rend-elle compte des profonds bouleversements scientifiques et culturels au Moyen Âge ?",https://www.franceculture.fr/franceculture/podcasts/le-cours-de-l-histoire/ames-anges-et-demons-s-envoler-histoire-d-un-reve-medieval-1888577,,,,8ef79e23-3e03-439b-a496-b2f3457a2a47_5
2024-03-12T08:00:00+00:00,1710230400,"S’envoyer en l’air, l’aventure des ballons et des dirigeables","Découverte majeure du siècle des Lumières, l’aérostation a permis d’abolir la contrainte de la gravité et de laisser les précurseurs de l’aéronautique s’aventurer dans le ciel. Comment fonctionne-t-elle ? Pourquoi l’aviation a-t-elle fini par la remplacer ?",https://www.franceculture.fr/franceculture/podcasts/le-cours-de-l-histoire/s-envoyer-en-l-air-l-aventure-des-ballons-dirigeables-3313044,,,,46a8156d-d6e5-46f0-8855-4c28e0ef4683_5
2024-03-13T08:00:00+00:00,1710316800,Comment la Grande Guerre a-t-elle révolutionné l'aviation ?,"Alors que l’aviation vient à peine de prendre son essor au début du XXe siècle, la Grande Guerre vient bouleverser le rapport à l’avion et en fait une arme, tandis que les aviateurs sont érigés en héros nationaux surpuissants. Quel effet a eu la guerre sur l’aviation française militaire et civile ?",https://www.franceculture.fr/franceculture/podcasts/le-cours-de-l-histoire/comment-la-grande-guerre-a-t-elle-revolutionne-l-aviation-6332289,,,,a6163cde-f579-4cef-b60c-7e9b4de66f98_5
2024-03-14T08:00:00+00:00,1710403200,"Embarquement immédiat ! Roissy, histoire d’un aéroport","Le 13 mars 1974, l'atterrissage du Boeing 747 en provenance de New York est le premier de l’histoire de l’aéroport de Roissy, inauguré quelques jours auparavant. L’histoire de ce lieu unique est aussi celle du goût pour le progrès, la modernité et la vitesse de la France dans les années 1970.",https://www.franceculture.fr/franceculture/podcasts/le-cours-de-l-histoire/embarquement-immediat-roissy-histoire-d-un-aeroport-5410970,,,,19440830-3850-4ed3-a179-4425048ff228_5
2024-03-15T08:00:00+00:00,1710489600,"Gérard Mordillat : ""Le roman, c'est cet outil extraordinaire qui véhicule l'histoire""","Des origines du christianisme à la guerre franco-prussienne, en passant par les grèves des ouvrières du textile, Gérard Mordillat propose dans une œuvre cinématographique et littéraire riche de raconter les complexités de l’histoire sociale et religieuse.",https://www.franceculture.fr/franceculture/podcasts/le-cours-de-l-histoire/gerard-mordillat-romancier-cineaste-et-fou-d-histoire-6243126,,,,435ca11f-4763-4a35-ae44-7cf5c82f4d80_5
2024-03-18T08:00:00+00:00,1710748800,"De la Cochinchine au Tonkin, des prêtres en mission",Comment la France a-t-elle progressivement jeté son dévolu sur la péninsule indochinoise ? Quel rôle joue la religion chrétienne dans le projet colonial français ?,https://www.franceculture.fr/franceculture/podcasts/le-cours-de-l-histoire/de-la-cochinchine-au-tonkin-des-pretres-en-mission-2443952,,,,dc0a35ed-5910-4b7a-8c22-092f0c5f2e32_5
2024-03-19T08:00:00+00:00,1710835200,Pas d'émission ce jour,"En raison d’un appel à la grève de la CGT Radio France déposé pour combattre l’austérité budgétaire subie par l’audiovisuel public et la culture, nous ne sommes pas en mesure de diffuser l’intégralité de nos programmes habituels. Nous vous prions de nous en excuser.",,,,,f76fd921-b3f6-40c7-8f9c-45bf8ea5f548_5
2024-03-20T08:00:00+00:00,1710921600,"Avec Hồ Chí Minh, l'Indochine voit rouge","Né en 1890, Hồ Chí Minh a voué sa vie au Viet Nâm et à son indépendance. Partisan d’un communisme pragmatique, comment est-il parvenu à libérer son pays du joug colonial et à accéder de son vivant au rang d’icône ? ",https://www.franceculture.fr/franceculture/podcasts/le-cours-de-l-histoire/avec-ho-chi-minh-l-indochine-voit-rouge-1659816,,,,bfc8aecd-5c55-4f21-a4c3-62b17d6ceed2_5
2024-03-21T08:00:00+00:00,1711008000,"Diên Biên Phu, anatomie d'une chute","13 mars 1954. Au nord du Vietnam, près de la frontière avec le Laos, la bataille de Diên Biên Phu s’engage. Elle oppose les combattants du Viêt Minh et l'armée française. En quoi a-t-elle été un tournant de la guerre d’Indochine et de la conquête d’indépendance du Vietnam ?",https://www.franceculture.fr/franceculture/podcasts/le-cours-de-l-histoire/dien-bien-phu-anatomie-d-une-chute-8067529,,,,11c72ab3-5917-40db-b860-1ffde0654c64_5
2024-03-22T08:00:00+00:00,1711094400,"Virginie Linhart : ""L'histoire m'a en quelque sorte sauvé la vie""","À qui appartient l’histoire ? Dans ""Une sale affaire"", l’écrivaine et réalisatrice Virginie Linhart traite de la légitimité à raconter l’histoire à travers l’autofiction, mais aussi des limites entre ce qui relève de la vie privée et ce qui appartient à l’histoire collective.",https://www.franceculture.fr/franceculture/podcasts/le-cours-de-l-histoire/virginie-linhart-ecrivaine-realisatrice-et-folle-d-histoire-8496926,,,,aca12af5-7916-4f30-9690-9a00f5588c50_5
2024-03-25T08:00:00+00:00,1711353600,"Barbizon, 1847. Peindre la fin d'un monde","Dès les années 1820, des peintres parisiens multiplient les villégiatures à Barbizon, petit village près de la forêt de Fontainebleau qui devient le lieu d’une révolution picturale majeure, où la nature cesse d’être un simple décor pour devenir un sujet en soi.",https://www.franceculture.fr/franceculture/podcasts/le-cours-de-l-histoire/barbizon-1847-peindre-la-fin-d-un-monde-1473616,,,,aa9e0eef-e773-4d89-addc-9636212e6179_5
2024-03-26T08:00:00+00:00,1711440000,"Le Havre, 1872. Comme une impression de soleil levant","Sous le Second Empire, le monde de l’art vit des bouleversements. Comment une génération de peintres contestataires donne-t-elle naissance à un nouveau mouvement pictural, l’impressionnisme ?",https://www.franceculture.fr/franceculture/podcasts/le-cours-de-l-histoire/le-havre-1872-comme-une-impression-de-soleil-levant-7380464,,,,25df67a3-e800-4824-9015-75a4ad71d84b_5
2024-03-27T08:00:00+00:00,1711526400,"Paris, 1874. Une exposition qui sort du cadre","Le 15 avril 1874, dans l’ancien atelier de Nadar, au 35, boulevard des Capucines à Paris, s’ouvre une exposition retenue par la postérité comme la première exposition impressionniste. Cézanne, Degas, Monet, Morisot, Pissarro, Renoir, Sisley sont quelques-uns des artistes qui présentent leurs œuvres.",https://www.franceculture.fr/franceculture/podcasts/le-cours-de-l-histoire/paris-1874-une-exposition-qui-sort-du-cadre-3211630,,,,d5954b40-56fe-45be-99dd-17f08306c2df_5
2024-03-28T08:00:00+00:00,1711612800,"New York, 1888. Les impressionnistes sur la Cinquième Avenue","À partir des années 1870, le goût des collectionneurs et des critiques d’art pour l’impressionnisme s’internationalise. Ce mouvement est soutenu et accompagné par le mécène, galeriste et marchand d’art Paul Durand-Ruel…",https://www.franceculture.fr/franceculture/podcasts/le-cours-de-l-histoire/new-york-1888-les-impressionnistes-sur-la-cinquieme-avenue-6864373,,,,615c744a-0dd9-4999-8cfa-70b6c55f1b8d_5
2024-03-29T08:00:00+00:00,1711699200,"Colonisation de l'Indochine, à la conquête de nouveaux marchés","Entre 1858 et 1909, les Français prennent progressivement le contrôle de la péninsule indochinoise. À quoi ressemble la société coloniale qui se met en place ?",https://www.franceculture.fr/franceculture/podcasts/le-cours-de-l-histoire/colonisation-de-l-indochine-8094356,,,,1e27b447-f347-457b-a701-4d00bbff5bc0_5
2024-04-01T07:00:00+00:00,1711954800,"Éthiopie médiévale, au carrefour des croyances","Le Moyen Âge éthiopien s’étend du IVe au XVIe siècle. Dans ce temps long, la ville d’Aksoum occupe une place importante. Comment faire l’histoire de cette cité par laquelle le christianisme est arrivé en Éthiopie ? Comment fonctionne le monachisme éthiopien, et quels sont ses liens avec l’Égypte ?",https://www.franceculture.fr/franceculture/podcasts/le-cours-de-l-histoire/ethiopie-medievale-au-carrefour-des-croyances-9024373,,,,b6cf8acd-3271-48ee-8ac6-ea8eedae7197_5
2024-04-02T07:00:00+00:00,1712041200,"Sahel colonial, histoires de contact, histoires de conquêtes",Les Français s’implantent militairement au Sahel dans les années 1890 et étendent ainsi leur présence coloniale en Afrique de l'Ouest. De quelle manière les Français nouent-ils des relations avec les élites locales pour asseoir leur domination coloniale ?,https://www.franceculture.fr/franceculture/podcasts/le-cours-de-l-histoire/sahel-colonial-histoires-de-contact-histoires-de-conquetes-1906772,,,,a4dc6328-9f18-4f0d-a1ce-4a8a95ed0b8a_5
2024-04-03T07:00:00+00:00,1712127600,"Du paysage à l’humain, pratiquer l’archéologie tropicale en Afrique","L’écologie historique propose, grâce au croisement de plusieurs disciplines, d’étudier l’impact des sociétés humaines sur les paysages dans lesquelles elles évoluent, et réciproquement. L’Afrique centrale a longtemps été oubliée de ces études et il s’agit aujourd’hui d’y remédier.",https://www.franceculture.fr/franceculture/podcasts/le-cours-de-l-histoire/du-paysage-a-l-humain-pratiquer-l-archeologie-tropicale-en-afrique-8247570,,,,11acf56a-52e3-4752-bfa2-a5b2d6f83eab_5
2024-04-04T07:00:00+00:00,1712214000,"Rwanda, nouvelles études sur le phénomène génocidaire","Trente ans après les faits, que savons-nous du génocide des Tutsis au Rwanda ? Études de genre ou post-coloniales, qu’apportent les récents développements de la recherche historique sur le sujet ? Comment utiliser comme sources les procès des génocidaires qui se sont tenus et se tiennent encore ?",https://www.franceculture.fr/franceculture/podcasts/le-cours-de-l-histoire/rwanda-nouvelles-etudes-sur-le-phenomene-genocidaire-4790598,,,,10bb9d30-4e19-4097-9b05-e9535346f368_5
2024-04-05T07:00:00+00:00,1712300400,"Louise Weiss, penser ""L'Europe nouvelle""","De la revue ""L'Europe nouvelle"" à son mandat de députée européenne, Louise Weiss a porté son combat pour la paix jusqu’au bout de sa carrière, défendant l’entente franco-allemande tant sur la scène médiatique que sur le front politique.",https://www.franceculture.fr/franceculture/podcasts/le-cours-de-l-histoire/louise-weiss-penser-l-europe-nouvelle-8854627,,,,af483357-4938-4e5e-925a-9315b73de119_5
2024-04-08T07:00:00+00:00,1712559600,"Corse antique, le temps des Étrusques","Au VIe siècle avant notre ère, les Étrusques, venus du centre de la péninsule italienne, assoient leur domination sur la Corse dans un contexte d’âpres rivalités commerciales avec les autres puissances économiques du monde méditerranéen…",https://www.franceculture.fr/franceculture/podcasts/le-cours-de-l-histoire/corse-antique-le-temps-des-etrusques-2382870,,,,65b4b8a5-049b-43db-9ef9-6ee88997fecd_5
2024-04-09T07:00:00+00:00,1712646000,"Pisane ou génoise, en Corse médiévale, tout le monde veut prendre sa part","La Corse médiévale est disputée entre différentes puissances méditerranéennes. Après la victoire de la république de Gênes, comment une société de cohabitation se met-elle en place ?",https://www.franceculture.fr/franceculture/podcasts/le-cours-de-l-histoire/pisane-ou-genoise-en-corse-medievale-tout-le-monde-veut-prendre-sa-part-1478204,,,,c33df8f1-82a7-4548-a28b-0a0576061ebe_5
2024-04-10T07:00:00+00:00,1712732400,Quand Pascal Paoli réveillait la Corse,"Figure de père de la nation corse au 18e siècle, Pascal Paoli donne une Constitution à l'île en 1755 et conduit une expérience démocratique qui retentit dans toute l'Europe. Comment la trajectoire de Pascal Paoli se mêle-t-elle à celle de la Corse, au point d'incarner la naissance d'une nation ?",https://www.franceculture.fr/franceculture/podcasts/le-cours-de-l-histoire/quand-pascal-paoli-reveillait-la-corse-6058516,,,,6aa5297d-2029-4c2e-84de-f5343aed8e29_5
2024-04-11T07:00:00+00:00,1712818800,"L'île face au continent, les métamorphoses du nationalisme corse","Largement médiatisé à partir des années 1970 et 1980, le mouvement nationaliste corse a des racines bien plus anciennes, qui remontent au 19e siècle. De la volonté d’autonomie à celle d’indépendance, comment se structurent les différents courants du nationalisme corse tout au long du 20e siècle ?",https://www.franceculture.fr/franceculture/podcasts/le-cours-de-l-histoire/l-ile-face-au-continent-les-metamorphoses-du-nationalisme-corse-5151788,,,,f8eea20e-80fb-4aaa-a81f-c61d1d09bbc2_5
2024-04-12T07:00:00+00:00,1712905200,"Nicolas Philibert : ""J'ai été rattrapé par l'histoire""","Le cinéaste Nicolas Philibert compose, à travers ses documentaires, une histoire du temps présent dans laquelle il s’attache à raconter des destins et des lieux marginaux, souvent passés sous silence.",https://www.franceculture.fr/franceculture/podcasts/le-cours-de-l-histoire/nicolas-philibert-cineaste-et-fou-d-histoire-5605123,,,,d0666938-432f-4167-bdbc-530210039447_5
2024-04-15T07:00:00+00:00,1713164400,"Va te faire cuire un mammouth, histoire de la domestication du feu","La maîtrise du feu se répand au Paléolithique moyen en Europe, il y a entre 400 000 et 300 000 ans. Comment les sociétés humaines se transforment-elles grâce à la domestication du feu ? Que sait-on des comportements de survie des hominidés ?",https://www.franceculture.fr/franceculture/podcasts/le-cours-de-l-histoire/va-te-faire-cuire-un-mammouth-histoire-de-la-domestication-du-feu-7691351,,,,40bb969d-eb4a-40a2-b75e-38a77fdb5224_5
2024-04-16T07:00:00+00:00,1713250800,"Zoroastrisme, ainsi parlait le feu sacré","La religion fondée par le prophète Zoroastre au début du premier millénaire avant notre ère est encore bien vivante aujourd’hui. Qu’est-ce que le zoroastrisme et en quoi est-ce la ""religion du feu"" ?",https://www.franceculture.fr/franceculture/podcasts/le-cours-de-l-histoire/zoroastrisme-ainsi-parlait-le-feu-sacre-6701873,,,,f291b427-ae7c-420a-a592-2e79e3459909_5
2024-04-17T07:00:00+00:00,1713337200,C’est au poêle ! Les révolutions du feu au siècle des Lumières,"Aux 17e et 18e siècles, l'usage du feu est quotidien. Il est contemplé dans la cheminée, utilisé pour cuisiner, mais chauffe à peine les intérieurs. L'augmentation des connaissances scientifiques et le développement des exigences de confort déplacent le feu de la cheminée vers le poêle et le four.",https://www.franceculture.fr/franceculture/podcasts/le-cours-de-l-histoire/c-est-au-poele-les-revolutions-du-feu-au-siecle-des-lumieres-1317675,,,,a79e6f4e-7f2f-45cc-9631-f59786d14f99_5
2024-04-18T07:00:00+00:00,1713423600,"London's Burning. 1666, le grand incendie de Londres","2 septembre 1666. Un incendie dans une boulangerie s’étend peu à peu à la Cité de Londres. En quatre jours, avant que le feu ne soit enfin maîtrisé, la ville est ravagée par les flammes. Pourquoi un tel désastre ? Quelles conséquences sur les méthodes de prévention et de lutte contre les incendies ?",https://www.franceculture.fr/franceculture/podcasts/le-cours-de-l-histoire/london-s-burning-1666-le-grand-incendie-de-londres-3910384,,,,516c94aa-a38a-46cc-baaa-3afb546a830a_5
2024-04-19T07:00:00+00:00,1713510000,"Civilisation mexica, les secrets du Templo Mayor","Le musée du quai Branly présente dans son exposition ""Mexica. Des dons et des dieux au Templo Mayor"" les richesses et les complexités de la pensée symbolique et des rituels religieux de la civilisation mexica – plus souvent connue sous le nom aztèque.",https://www.franceculture.fr/franceculture/podcasts/le-cours-de-l-histoire/civilisation-mexica-les-secrets-du-templo-mayor-3329519,,,,d372bf41-9add-4f5b-ad54-05a3c1ebf21e_5
2024-04-22T07:00:00+00:00,1713769200,Gare à Salazar ! Itinéraire d’un dictateur,"À la tête du Portugal pendant près de quarante ans, António de Oliveira Salazar mène à la baguette un pays qu'il veut chrétien et modeste. Sa politique coloniale et la pauvreté de ses concitoyens ont raison du salazarisme qui ne survit que quatre ans à sa mort, en 1970.",https://www.franceculture.fr/franceculture/podcasts/le-cours-de-l-histoire/gare-a-salazar-itineraire-d-un-dictateur-4609826,,,,1f459433-f273-4ded-893e-5fb693b42ee8_5
2024-04-23T07:00:00+00:00,1713855600,"Aux racines de la révolution des Œillets, un empire colonial en crise","Dans les années 1960, les colonies africaines du Portugal entrent en guerre pour obtenir leur indépendance. Quel rôle cette crise coloniale joue-t-elle dans le déclenchement de la révolution des Œillets le 25 avril 1974 ?",https://www.franceculture.fr/franceculture/podcasts/le-cours-de-l-histoire/aux-racines-de-la-revolution-des-oeillets-un-empire-colonial-en-crise-2813564,,,,1161311f-7e14-4793-ac9d-24691a4a522e_5
2024-04-24T07:00:00+00:00,1713942000,"25 de abril, révolution des Œillets. Et la démocratie fleurit","25 avril 1974. La révolution des Œillets déferle sur le Portugal. Quels en sont les acteurs et les actrices ? Révolution pacifique, révolution fleurie, révolution populaire, comment permet-elle d’ouvrir une période de transition démocratique ?",https://www.franceculture.fr/franceculture/podcasts/le-cours-de-l-histoire/25-de-abril-revolution-des-oeillets-et-la-democratie-fleurit-2187939,,,,73efe149-1b74-494d-8504-0fd0e3e8e693_5
2024-04-25T07:00:00+00:00,1714028400,"Portugal, 1974. Par-delà les frontières, les Œillets ne meurent jamais","La révolution des Œillets se poursuit bien après le mois d’avril 1974. Que ce soit au travers du renouveau artistique et culturel qui perpétue la mémoire de l’événement ou de l’impact de celui-ci sur la scène politique internationale, le 25 avril 1974 doit être pensé comme un événement mondial.",https://www.franceculture.fr/franceculture/podcasts/le-cours-de-l-histoire/portugal-1974-par-dela-les-frontieres-les-oeillets-ne-meurent-jamais-4205582,,,,ac63a055-bdd8-4dd8-84b5-cb7493219cff_5
2024-04-26T07:00:00+00:00,1714114800,"Des êtres et des choses, repenser l'histoire de la citoyenneté","Qu’est-ce qu’une barque à Antibes, un coffre à Alger, des terres collectives à Naples ou un mulet abandonné en Espagne disent de la citoyenneté ? L'ouvrage ""La Cité des choses"" observe les actions de la vie quotidienne et l'histoire de la protection des biens et des personnes pour y répondre.",https://www.franceculture.fr/franceculture/podcasts/le-cours-de-l-histoire/des-etres-et-des-choses-repenser-l-histoire-de-la-citoyennete-1874850,,,,d5bea24e-5f9e-43aa-9119-ce36d78ca1c6_5
2024-04-29T07:00:00+00:00,1714374000,"Le silence des textes, déni d'esclavage dans la Grèce antique","Dans la société démocratique athénienne, les esclaves occupent une place prépondérante, ce qui peut sembler contradictoire. Comment comprendre que la pensée politique et philosophique antique ait si peu théorisé la question de l’esclavage, alors que c’est une réalité centrale de la vie des Grecs ?",https://www.franceculture.fr/franceculture/podcasts/le-cours-de-l-histoire/le-silence-des-textes-deni-d-esclavage-dans-la-grece-antique-3770110,,,,cdd5fa3f-cdac-41a6-8c31-8cda69d8834e_5
2024-04-30T07:00:00+00:00,1714460400,"Être esclave dans les mondes musulmans, les multiples formes de l’asservissement","Des premières traites au 8e siècle jusqu’aux abolitions du 19e siècle, l’esclavage a été présent à beaucoup de niveaux différents des sociétés musulmanes. Quelles formes l'esclavage adopte-t-il dans les mondes musulmans et comment a-t-il été aboli ?",https://www.franceculture.fr/franceculture/podcasts/le-cours-de-l-histoire/etre-esclave-dans-les-mondes-musulmans-les-multiples-formes-de-l-asservissement-8513005,,,,db8a9dad-b864-4d42-ba27-e6183e5041ce_5
2024-05-01T07:00:00+00:00,1714546800,"Trimer sans liberté, esclavage et servage dans l’Europe médiévale","Des villes aux campagnes, l’esclavage est partout dans le monde médiéval. Distincts des serfs, les esclaves sont toujours des étrangers, considérés comme des êtres-marchandises aux frontières de l’humanité.",https://www.franceculture.fr/franceculture/podcasts/le-cours-de-l-histoire/trimer-sans-liberte-esclavage-et-servage-dans-l-europe-medievale-6064480,,,,b491a032-bd36-4b44-a0b8-fce05a5df569_5
2024-05-02T07:00:00+00:00,1714633200,"Posséder la terre, posséder les êtres. Maîtres et esclaves aux Antilles françaises","Prise en compte des biographies et des trajectoires individuelles, nouveau vocabulaire, attention aux circulations et au transnational… Quelles sont les nouvelles recherches sur les sociétés esclavagistes et post-esclavagistes des Antilles françaises ? Quelles évolutions historiographiques ?",https://www.franceculture.fr/franceculture/podcasts/le-cours-de-l-histoire/posseder-la-terre-posseder-les-etres-maitres-et-esclaves-aux-antilles-francaises-9435638,,,,3bf3fec9-5c33-4625-81e3-0ed2cb272966_5
2024-05-03T07:00:00+00:00,1714719600,"Zola, Goethe, Berlioz, artistes et intellectuels imaginent l'Europe",Comment les intellectuels européens ont-ils contribué à construire une Europe de la culture malgré la montée des forces nationalistes ? L'historien Christophe Charle étudie la trajectoire d’intellectuels du 19e et 20e siècle pour répondre à cette question encore d’actualité.,https://www.franceculture.fr/franceculture/podcasts/le-cours-de-l-histoire/zola-goethe-berlioz-artistes-et-intellectuels-imaginent-l-europe-5209977,,,,f6dcadb1-062a-4d6a-820c-c40c2831d598_5
2024-05-06T07:00:00+00:00,1714978800,"Maisons d’aliénés ou colonies familiales, la société face à la folie","Au 19e siècle, les asiles d'aliénés se généralisent pour offrir un traitement aux malades autant que pour maintenir l'ordre. Comment la folie était-elle perçue ? Quelles alternatives à l'internement ont été expérimentées ?",https://www.franceculture.fr/franceculture/podcasts/le-cours-de-l-histoire/maisons-d-alienes-ou-colonies-familiales-la-societe-face-a-la-folie-9954602,,,,b858c089-feb4-4fd3-a16b-bb73ac1e0a19_5
2024-05-07T07:00:00+00:00,1715065200,Le monde est fou ! La psychanalyse décolonisée,"Vaste mouvement transnational, la psychanalyse s’implante dans les pays extra-européens dès les années 1920. Comment cette discipline a-t-elle été mobilisée pour penser la colonisation, tant pour la justifier que pour la critiquer ?",https://www.franceculture.fr/franceculture/podcasts/le-cours-de-l-histoire/le-monde-est-fou-la-psychanalyse-decolonisee-2022240,,,,1355c2c8-7a39-4b6c-ac3c-a0e59b5c084a_5
2024-05-08T07:00:00+00:00,1715151600,Humaniser le soin. Histoire d'une psychiatrie libératrice,"Durant la Seconde Guerre mondiale, une approche psychiatrique d'un genre nouveau voit le jour en Lozère. Un groupe de médecins, de penseurs et d'artistes fuyant le fascisme élabore une nouvelle manière d'aborder la folie et d'accompagner les patients dits ""aliénés"".",https://www.franceculture.fr/franceculture/podcasts/le-cours-de-l-histoire/humaniser-le-soin-histoire-d-une-psychiatrie-liberatrice-4527957,,,,9e588733-40e6-4060-9231-47824d8ef135_5
2024-05-10T07:00:00+00:00,1715324400,"Nathacha Appanah : ""Je me rends compte du balancier éternel de l’histoire qui nous revient à chaque fois""","De l’histoire de l’engagisme à l’enfermement de centaines de juifs dans la prison de Beau Bassin à l’île Maurice, la romancière Nathacha Appanah gratte le vernis de la mémoire pour mettre à nu le récit de l’histoire.",,,,,7ec3651b-9627-4cb1-b59d-ca8ef41f10e1_5
2024-05-13T07:00:00+00:00,1715583600,"Bas-reliefs ou papyrus, en Mésopotamie ou en Égypte, la bande dessinée se profile","Les civilisations mésopotamiennes et égyptiennes sont les premières à avoir détourné l’image de sa seule fonction figurative. Qu’ils soient divins ou terrestres, les grands événements sont désormais décrits par l’entremêlement du texte et de l’image, élevée au rang de symbole.",https://www.franceculture.fr/franceculture/podcasts/le-cours-de-l-histoire/bas-reliefs-ou-papyrus-dans-l-egypte-ancienne-la-bande-dessinee-se-profile-5114472,,,,11c426b3-6260-43ce-a75e-bf23f0a1fce5_5
2024-05-14T07:00:00+00:00,1715670000,"Tapisseries et enluminures. Au Moyen Âge, y'a pas que le pape qui fait des bulles","Pour illustrer les manuscrits médiévaux, les enlumineurs utilisent des techniques qui préfigurent l’art de la bande dessinée. Quelle est la place de la narration par l’image dans les arts visuels au Moyen Âge ?",https://www.franceculture.fr/franceculture/podcasts/le-cours-de-l-histoire/tapisseries-et-enluminures-au-moyen-age-y-a-pas-que-le-pape-qui-fait-des-bulles-2368449,,,,e99020a7-e7b5-4cfd-ac18-1187803d2db1_5
2024-05-15T07:00:00+00:00,1715756400,"Bande dessinée, case départ ! Aux prémices du récit illustré","Dans les années 1830-1840, un Genevois nommé Rodolphe Töpffer dessine une dizaine d'""histoires en estampes"", drôles et variées. Il vient d’inventer la bande dessinée. Qui sont les précurseurs de la bande dessinée en Europe ? Comment ce genre nouveau naît-il au 19e siècle ?",https://www.franceculture.fr/franceculture/podcasts/le-cours-de-l-histoire/bande-dessinee-case-depart-aux-premices-du-recit-illustre-7236084,,,,71108984-9804-46e2-9f5c-11985f5ed889_5
2024-05-16T07:00:00+00:00,1715842800,"D'Hokusai à Dragon Ball, la longue histoire du manga","Le terme japonais manga, qui peut se traduire par ""image dérisoire"", apparaît sous la plume d’Hokusai au 19e siècle et désigne une esquisse sans dialogue. Il faut attendre le siècle suivant pour qu’émerge le manga contemporain, qui ne tarde pas à devenir un phénomène mondial…",https://www.franceculture.fr/franceculture/podcasts/le-cours-de-l-histoire/d-hokusai-a-dragon-ball-la-longue-histoire-du-manga-1967174,,,,81236f2d-060f-4638-b9ca-05cbe188d298_5
2024-05-17T07:00:00+00:00,1715929200,"Patrick Deville : ""On ne voit rien si on est dans la bêtise du présent.""","Dans ""Samsara"", l’écrivain Patrick Deville poursuit ses tours du monde et de l’histoire en faisant le portrait croisé du pacifiste Mohandas Gandhi et du révolutionnaire Pandurang Khankhoje, dans une fresque qui raconte l’histoire de l’Inde, de l’installation du Raj britannique à son indépendance.",https://www.franceculture.fr/franceculture/podcasts/le-cours-de-l-histoire/patrick-deville-ecrivain-et-fou-d-histoire-4914325,,,,f5ee794f-cafe-4ff2-8efa-c04c8b58264b_5
2024-05-20T07:00:00+00:00,1716188400,Bouge-toi le culte ! Des athlètes et des dieux dans la Grèce antique,"Au 6e siècle avant J.-C., dans l’Antiquité grecque, naît ce que nous appellerions aujourd'hui le sport. Dans les cités grecques émerge une nouvelle figure sociale, l’athlète, qui cherche à remporter des prix lors de concours sportifs. Comment les athlètes sont-ils mis en scène, célébrés, héroïsés ?",https://www.franceculture.fr/franceculture/podcasts/le-cours-de-l-histoire/bouge-toi-le-culte-des-athletes-et-des-dieux-dans-la-grece-antique-5315840,,,,a56b44db-2268-4841-a282-01062d93affd_5
2024-05-21T07:00:00+00:00,1716274800,"Tournois et joutes, quand les champions entrent en lice","Du 11e au 16e siècle, l’aristocratie féodale se passionne pour les tournois, où les exercices chevaleresques occupent une place centrale. Comment se déroule un tournoi, et qui en sont les participants ?",https://www.franceculture.fr/franceculture/podcasts/le-cours-de-l-histoire/tournois-et-joutes-quand-les-champions-entrent-en-lice-2676388,,,,7882f687-6b42-4d04-aefe-70be3e249ee1_5
2024-05-22T07:00:00+00:00,1716361200,La Belle Époque des vedettes du sport,"En France, la défaite de 1870 bouleverse le rapport au corps. Il s’agit désormais d’être aussi athlétique que performant, et l’effort physique devient un vecteur de patriotisme et de moralité. La Belle Époque marque le triomphe du sport, devenu une passion nationale et un grand spectacle populaire.",https://www.franceculture.fr/franceculture/podcasts/le-cours-de-l-histoire/la-belle-epoque-des-vedettes-du-sport-1839895,,,,04f9222f-81de-4744-8a43-f94766f1cb7d_5
2024-05-27T07:00:00+00:00,1716793200,"Des Lapita aux Kanaks, histoire du peuplement de la Nouvelle-Calédonie","Arrivés par le sud-est asiatique et la Nouvelle-Guinée il y a environ 3 000 ans, les Lapita sont les premiers habitants de la Nouvelle-Calédonie. Ces découvreurs deviennent bientôt des autochtones et de leurs pratiques émergent peu à peu un ensemble de traditions spécifiquement kanak.",https://www.franceculture.fr/franceculture/podcasts/le-cours-de-l-histoire/des-lapita-aux-kanaks-histoire-du-peuplement-de-la-nouvelle-caledonie-2520184,,,,051474f2-c724-49a6-9860-04b52ccfccbc_5
2024-05-28T07:00:00+00:00,1716879600,"Bagne et colonisation, double peine pour la Nouvelle-Calédonie","De 1853 à 1946, l’archipel calédonien est rattaché à l’empire colonial français.
Entre déportation des bagnards et expropriation des Kanaks, à quoi ressemble la société coloniale en Nouvelle-Calédonie ?",https://www.franceculture.fr/franceculture/podcasts/le-cours-de-l-histoire/bagne-et-colonisation-double-peine-pour-la-nouvelle-caledonie-9038015,,,,8e5ea8ef-4a39-41d5-839f-87b24b4ef5dd_5
2024-05-29T07:00:00+00:00,1716966000,"La guerre d'Ataï, résister à l'ordre colonial en Nouvelle-Calédonie","Qui est Ataï, chef kanak de l’insurrection de 1878 contre les autorités coloniales françaises ? Quel est le destin singulier de sa dépouille mortelle, et notamment de sa tête ? Quelle mémoire littéraire, iconographique et politique pour ce personnage clé de l’indépendantisme néo-calédonien ?",https://www.franceculture.fr/franceculture/podcasts/le-cours-de-l-histoire/la-guerre-d-atai-resister-a-l-ordre-colonial-en-nouvelle-caledonie-9957654,,,,a0f684c5-7c4f-4710-8261-12be225654cf_5
2024-05-30T07:00:00+00:00,1717052400,"Du massacre d'Ouvéa aux accords de Nouméa, l'indépendantisme kanak","Des foulards rouges apparus dans le sillage de Mai 68 à l’accord de Nouméa de 1998, 
l’indépendantisme kanak s’affirme comme un combat politique et culturel majeur, qui lutte pour inverser les dynamiques de pouvoir à l'œuvre dans l’archipel. ",https://www.franceculture.fr/franceculture/podcasts/le-cours-de-l-histoire/du-massacre-d-ouvea-aux-accords-de-noumea-l-independantisme-kanak-1910620,,,,e0fcc464-02a9-4614-a64b-7d80da304e1a_5
2024-05-31T07:00:00+00:00,1717138800,"Olivier Rolin, écrivain et fou d’histoire","Dans ""Jusqu’à ce que mort s’ensuive"", l’écrivain Olivier Rolin entreprend une enquête historique sous la forme d’un portrait croisé de deux figures de l'insurrection parisienne de juin 1848, Emmanuel Barthélemy et Frédéric Cournet.",https://www.franceculture.fr/franceculture/podcasts/le-cours-de-l-histoire/olivier-rolin-ecrivain-et-fou-d-histoire-6152885,,,,bbf53d76-840d-43a5-b809-abb64648a146_5
2024-06-03T07:00:00+00:00,1717398000,"Le Débarquement vu par les Allemands : ""Gross"" fissure dans le mur de l'Atlantique","L'idée d'un débarquement allié à l'ouest est connue des Allemands, bien avant la date fatidique du 6 juin 1944. Comment l'armée nazie a-t-elle pensé le mur de l'Atlantique pour anticiper un tel débarquement ? Quelles ont été les failles de la défense allemande au moment de l'arrivée de Alliés ?",https://www.franceculture.fr/franceculture/podcasts/le-cours-de-l-histoire/le-debarquement-vu-par-les-allemands-gross-fissure-dans-le-mur-de-l-atlantique-9522310,,,,d4e97dce-910b-41ae-ba5d-eedb1edec6dc_5
2024-06-04T07:00:00+00:00,1717484400,"""La bataille suprême"". Résistance et collaboration à l'heure du Débarquement","En 1944, la Résistance est combattue par le régime de Vichy, qui dans le même temps essaie de rester à l’écart du conflit entre les Alliés et l’Allemagne nazie. Quel rôle les réseaux résistants ont-ils joué en amont du 6 juin 1944 et quelle fut l'attitude des ""collabo"" à l'approche du Débarquement ?",https://www.franceculture.fr/franceculture/podcasts/le-cours-de-l-histoire/la-bataille-supreme-resistance-et-collaboration-a-l-heure-du-debarquement-9684863,,,,426cd665-d254-4c99-b3e3-5b6704226039_5
2024-06-05T07:00:00+00:00,1717570800,"Bombardements, combats, exode… La population normande prise dans le Débarquement","En Normandie, ce sont près de 20 000 civils qui périssent dans les combats qui suivent le Débarquement. Des bombardements à l’exode, la période de la Libération est aussi pour la population normande celle du deuil, de la faim et de la violence.",https://www.franceculture.fr/franceculture/podcasts/le-cours-de-l-histoire/bombardements-combats-exode-la-population-normande-prise-dans-le-debarquement-7240482,,,,449830d7-be4e-4983-8eaa-e243ef89c1b7_5
2024-06-06T07:00:00+00:00,1717657200,"Le Débarquement vu par les GI, du D-Day au Mémorial de Caen","Le 6 juin 1944, près de 156 000 hommes des forces alliées sont débarqués ou parachutés en Normandie. Au terme du D-Day, 10 000 y ont perdu la vie, sont blessés ou portés disparus. À l'heure des commémorations, le Mémorial de Caen a choisi de faire un pas de côté pour leur rendre hommage.",https://www.franceculture.fr/franceculture/podcasts/le-cours-de-l-histoire/le-debarquement-vu-par-les-gi-du-d-day-au-memorial-de-caen-3950082,,,,ef5c6167-e2f2-434e-868c-5f4a93594f44_5
2024-06-07T07:00:00+00:00,1717743600,"Des enfers à la mine, quand l’histoire explore les mondes souterrains","20 000 lieues sous la terre, les mondes souterrains se déploient. Comment la représentation des mondes souterrains a-t-elle évolué au cours des siècles, selon les civilisations et les mythes ? En quoi la connaissance des mondes souterrains éclaire-t-elle les mondes du dessus ?",https://www.franceculture.fr/franceculture/podcasts/le-cours-de-l-histoire/des-enfers-a-la-mine-quand-l-histoire-explore-les-mondes-souterrains-4088986,,,,e11f6637-cb8a-41e1-a70d-5c0b3e08afd2_5
2024-06-10T07:00:00+00:00,1718002800,"Contre la République, les ligues d’extrême droite passent à l’action","Les ligues nationalistes sont l'émanation d'une idéologie germanophobe, antisémite et autoritaire qui émaille la vie politique de la Troisième République. Les démonstrations de force qui font partie de leur mode d'action culminent le 6 février 1934, entraînant leur dissolution en 1936.",https://www.franceculture.fr/franceculture/podcasts/le-cours-de-l-histoire/contre-la-republique-les-ligues-d-extreme-droite-passent-a-l-action-9615945,,,,1ab8c0db-f707-4469-9ee4-3f4b75cb5635_5
2024-06-11T07:00:00+00:00,1718089200,"Régime de Vichy, quand l'extrême droite s'occupe de la France",L’extrême droite est en nette progression dans la Troisième République lorsque les Allemands envahissent la France en 1940. Comment l’extrême droite se décline-t-elle au pouvoir au travers du régime de Vichy ?,https://www.franceculture.fr/franceculture/podcasts/le-cours-de-l-histoire/regime-de-vichy-quand-l-extreme-droite-s-occupe-de-la-france-7235370,,,,64a30812-4670-4508-8dde-8852444bb8d5_5
2024-06-12T07:00:00+00:00,1718175600,"Après-guerre, les réseaux européens de l’extrême droite","Comment s’organise l’extrême droite en Europe à la sortie de la Seconde Guerre mondiale, alors qu’elle est ébranlée par la défaite du fascisme et la construction d’un espace de plus en plus européen ? Quelle place pour l’Italie et la France dans cette reconfiguration ?",https://www.franceculture.fr/franceculture/podcasts/le-cours-de-l-histoire/apres-guerre-les-reseaux-europeens-de-l-extreme-droite-9982853,,,,014a0e9c-7bdf-441d-ae82-a96bd50882d9_5
2024-06-13T07:00:00+00:00,1718262000,"Front national, 1972. Naissance d’un parti d'extrême droite","Fondé en 1972, le Front national rassemble divers courants de l'extrême droite parmi lesquels un ancien SS, un ancien de l'OAS et d'anciens poujadistes qui désirent conquérir les foules et s'offrir une vitrine présentable. Son président et candidat Jean-Marie Le Pen en prend rapidement les rênes.",https://www.franceculture.fr/franceculture/podcasts/le-cours-de-l-histoire/front-national-1972-naissance-d-un-parti-d-extreme-droite-8643156,,,,715a6450-be3c-4571-8284-8d5d5011ad3b_5
2024-06-14T07:00:00+00:00,1718348400,"Guerre froide, faire bloc derrière ses athlètes","Le sport est l’un des enjeux majeurs du conflit culturel qui oppose les deux blocs durant la guerre froide. Dans ce contexte de rivalité idéologique, les athlètes ne sont pas seulement érigés en vedettes, ils deviennent des symboles politiques et allégories vivantes du modèle qu’ils représentent.",https://www.franceculture.fr/franceculture/podcasts/le-cours-de-l-histoire/guerre-froide-faire-bloc-derriere-ses-athletes-1929120,,,,e67476a7-8dac-42aa-bb5f-b88804a30bee_5
2024-06-17T07:00:00+00:00,1718607600,"Le ciel des Anciens, cataloguer les étoiles","Dans les sociétés antiques, le ciel et les étoiles jouent un rôle fondamental dans la pensée humaine. Entre religion et science, entre philosophie et astronomie, la compréhension des lois et des phénomènes célestes fascine les Anciens, de Babylone à Athènes, en passant par Alexandrie.",https://www.franceculture.fr/franceculture/podcasts/le-cours-de-l-histoire/le-ciel-des-anciens-cataloguer-les-etoiles-1197471,,,,9d6f7928-ee05-455a-bb78-cdebfa5c1ba1_5
2024-06-18T07:00:00+00:00,1718694000,"Observer le ciel pour cultiver la terre, sagesses paysannes au Moyen Âge","Au Moyen Âge, les paysans francs attribuent à des individus nommés ""tempestaires"" le pouvoir surnaturel de contrôler la grêle et le tonnerre. Quelles étaient les croyances au sujet des phénomènes météorologiques au début du Moyen Âge ?",https://www.franceculture.fr/franceculture/podcasts/le-cours-de-l-histoire/observer-le-ciel-pour-cultiver-la-terre-sagesses-paysannes-au-moyen-age-8255100,,,,6a928058-86f0-4e2e-a608-86734f6e2490_5
2024-06-19T07:00:00+00:00,1718780400,"À la Renaissance, le ciel en révolution","La connaissance de la rotondité de la Terre est antérieure à la Renaissance. Malgré une persistante idée reçue, l'information ne s'est pas perdue au Moyen Âge. Les savants des 16e et 17e siècle ont toutefois révolutionné l'astronomie en décrivant le mouvement de la Terre et de ses voisines.",https://www.franceculture.fr/franceculture/podcasts/le-cours-de-l-histoire/a-la-renaissance-le-ciel-en-revolution-5836778,,,,bce7cdc3-2981-43c3-9b06-0395e0e3f56f_5
2024-06-20T07:00:00+00:00,1718866800,"Hawaï, quand la montagne sacrée accouche d'un observatoire","Tournée vers le ciel, l’astronomie est aussi bien ancrée dans la terre, notamment à travers ses observatoires. En quoi l’histoire coloniale et post-coloniale permettent-elles de mieux comprendre les relations humaines qui se nouent autour des points d’observation du ciel, en particulier à Hawaï ?",https://www.franceculture.fr/franceculture/podcasts/le-cours-de-l-histoire/hawai-quand-la-montagne-sacree-accouche-d-un-observatoire-3848835,,,,89452a61-1482-4783-ab8c-afd65247ec4b_5
2024-06-21T07:00:00+00:00,1718953200,"Quand les fontaines arrivent en ville… Wallace, un gros mythe ?","Utilitaires ou purement ornementales, les fontaines sont au cœur de la ville. De celle des Innocents, fleuron de l’art de la Renaissance, aux fontaines Wallace qui portent haut les préceptes de l’hygiénisme, plongeon dans les eaux de l’histoire urbaine.",https://www.franceculture.fr/franceculture/podcasts/le-cours-de-l-histoire/quand-les-fontaines-arrivent-en-ville-wallace-un-gros-mythe-5487644,,,,ba7914ee-ca97-45d8-806c-a3c4706eb19c_5
2024-06-24T07:00:00+00:00,1719212400,A voté ! Exprimer sa voix dans l'Antiquité,"Dans la démocratie athénienne comme dans la République romaine, les citoyens sont amenés à faire des choix politiques en votant des lois et en choisissant des magistrats. L'Antiquité connaît ses campagnes électorales, ses ténors de la politique, mais aussi le tirage au sort dont le rôle est central.",https://www.franceculture.fr/franceculture/podcasts/le-cours-de-l-histoire/a-vote-exprimer-sa-voix-dans-l-antiquite-7631622,,,,e19fdf4a-205a-4a1c-ba17-e1c5cb4b9eb0_5
2024-06-25T07:00:00+00:00,1719298800,"Dans le secret de l'isoloir, vote et abstention dans les républiques de Genève et de Venise","Dans les républiques de Venise et de Genève, le pouvoir est aux mains d’institutions élues par un petit nombre de citoyens. Comment le vote fonctionne-t-il dans ces deux cités-états aristocratiques ?",https://www.franceculture.fr/franceculture/podcasts/le-cours-de-l-histoire/dans-le-secret-de-l-isoloir-vote-et-abstention-dans-les-republiques-de-geneve-et-de-venise-3176712,,,,74c6c875-6e62-4885-a847-e9b47ffaf2f6_5
2024-06-26T07:00:00+00:00,1719385200,"1791, des élections législatives qui ont du cens",Dans quel contexte et comment les élections législatives se déroulent-elles en 1791 ? Comment fonctionne le système électoral révolutionnaire ? En quoi la pensée politique émancipatrice de la Révolution se heurte-t-elle à une contradiction en n’intégrant pas les femmes dans le droit de vote ?,https://www.franceculture.fr/franceculture/podcasts/le-cours-de-l-histoire/1791-des-elections-legislatives-qui-ont-du-cens-6506606,,,,2c935bad-b2cd-4b74-8780-8ccc46bc6d22_5
2024-06-27T07:00:00+00:00,1719471600,"Votez Joséphine Pencalet ! Penn Sardin, élue, mais sans droit de vote","En mai 1925, un événement sans précédent secoue le paysage politique français : des femmes sont élues candidates municipales, alors qu’elles n’ont pas le droit de vote. L’élection est invalidée quelques mois plus tard, mais marque un tournant majeur dans la lutte pour les droits civiques féminins.",https://www.franceculture.fr/franceculture/podcasts/le-cours-de-l-histoire/votez-josephine-pencalet-penn-sardin-elue-mais-sans-droit-de-vote-8543771,,,,21fe74c8-abb9-45ed-ab2a-bc3309847042_5
2024-06-28T07:00:00+00:00,1719558000,"Michel Pastoureau : ""Pour l'époque féodale, gagner n'est pas une vertu""","Historien spécialiste de la symbolique, de l’héraldique, du bestiaire et des couleurs, Michel Pastoureau nourrit une autre passion : celle du sport. Des couleurs des maillots aux statistiques de l'athlétisme, en passant par le bestiaire du sport, il nous emmène tous au stade !",https://www.franceculture.fr/franceculture/podcasts/le-cours-de-l-histoire/deambulation-historique-et-sportive-avec-michel-pastoureau-8992032,,,,2af10d97-cb79-44b7-8359-a2bfbea623d9_5
2024-08-26T07:00:00+00:00,1724655600,"Août 1944, Paris libérée, Paris délivrée","Le 25 août 1944, Paris se libère de quatre ans d’occupation allemande. Le lendemain, le général de Gaulle triomphe sur les Champs-Élysées. Comment l’insurrection parisienne s'est-elle déroulée ? Quel symbole la prise de la capitale représente-t-elle pour les forces qui l’ont libérée ?",https://www.franceculture.fr/franceculture/podcasts/le-cours-de-l-histoire/aout-1944-paris-liberee-paris-delivree-2658823,,,,da22b5e4-3264-40e7-a21c-f8e280d11ecb_5
2024-08-27T07:00:00+00:00,1724742000,"Les débuts de l'épuration, entre soif de vengeance et désir de justice","À la Libération, des débordements de violence se produisent lorsque surgit une volonté de (se) faire justice, par une épuration des ""collabos"" qu'on a souvent dite ""sauvage"". En quoi ce terme permet-il de minimiser la collaboration ? Quelle place pour les femmes dans cette épuration ?",https://www.franceculture.fr/franceculture/podcasts/le-cours-de-l-histoire/les-debuts-de-l-epuration-entre-soif-de-vengeance-et-desir-de-justice-7262646,,,,35a33a4b-583c-41cd-acba-597b4ca5cce8_5
2024-08-28T07:00:00+00:00,1724828400,"Dans les ""poches de l’Atlantique"", les Allemands font de la résistance","Saint-Nazaire, Royan, La Rochelle, plusieurs ports de l’Atlantique sont occupés par les Allemands jusqu’au printemps 1945. Loin de constituer une zone stratégique, les poches de résistance allemande sont longtemps restées un front oublié dans l’histoire et la mémoire de la Seconde Guerre mondiale.",https://www.franceculture.fr/franceculture/podcasts/le-cours-de-l-histoire/poches-de-l-atlantique-les-allemands-font-de-la-resistance-2358888,,,,07a444d3-b420-427d-8753-6f26d2c81fbe_5
2024-08-29T07:00:00+00:00,1724914800,"Gouvernement provisoire, relever la République après l’Occupation","La fin du régime du maréchal Pétain n'a pas laissé de vacance du pouvoir à la Libération de la France. La Résistance a préparé le rétablissement de la démocratie et de la République, sans oublier la mise en œuvre d'importantes réformes économiques et sociales.",https://www.franceculture.fr/franceculture/podcasts/le-cours-de-l-histoire/gouvernement-provisoire-relever-la-republique-apres-l-occupation-2156263,,,,5e06181c-7721-45fe-bfa2-36a623c3bf73_5
2024-08-30T07:00:00+00:00,1725001200,"Olivier Guez : ""Ce qui m'intéresse, ce sont les individus prométhéens.""","De la cavale de Josef Mengele en Amérique latine à la construction de l’Irak moderne sous mandat britannique en Mésopotamie, l’écrivain Olivier Guez fait dialoguer l’histoire, la littérature et la géographie sur les traces des grands écrivains voyageurs qui ont marqué l’Europe.

",https://www.franceculture.fr/franceculture/podcasts/le-cours-de-l-histoire/olivier-guez-ecrivain-et-fou-d-histoire-8403426,,,,478f2b0b-8a99-4377-9c5a-749df63ed7ce_5
2024-09-02T07:00:00+00:00,1725260400,Un dictionnaire dans toutes les chaumières ! Histoire d’un livre à succès,"Le Littré, le Larousse, le Robert… Comment est né le premier dictionnaire de la langue française ? Comment le dictionnaire se popularise-t-il et se démocratise-t-il progressivement ? Comment le dictionnaire a-t-il accompagné et accéléré la démocratisation du savoir, de la culture et de la langue ?",https://www.franceculture.fr/franceculture/podcasts/le-cours-de-l-histoire/un-dictionnaire-dans-toutes-les-chaumieres-histoire-d-un-livre-a-succes-9538719,,,,1abee1de-2c2a-4f7b-9ec6-858a9749ff42_5
2024-09-03T07:00:00+00:00,1725346800,"Le ""Virgile au rabot"", histoire d'un poète ouvrier","Adam Billaut est un menuisier poète du 17e siècle. Connu sous le nom de ""Menuisier de Nevers"" pour sa poésie élégiaque et politique, et surnommé ""Virgile au rabot"", il entre au canon littéraire avant d'être oublié. Qui est celui que les poètes-ouvriers du 19e siècle considèrent comme un précurseur ?",https://www.franceculture.fr/franceculture/podcasts/le-cours-de-l-histoire/le-virgile-au-rabot-histoire-d-un-poete-ouvrier-9292431,,,,3f92bfa1-5e05-43ba-b755-a284fd752d50_5
2024-09-04T07:00:00+00:00,1725433200,"Les mystères du roman-feuilleton, une aventure rocambolesque","En 1836, le roman prend son envol dans la rubrique feuilleton des journaux. Des ""Mystères de Paris"" d’Eugène Sue aux ""Trois Mousquetaires"" d’Alexandre Dumas, le genre du roman-feuilleton séduit le cœur de milliers de lectrices et lecteurs et préfigure dès le 19ᵉ siècle la culture de masse.",https://www.franceculture.fr/franceculture/podcasts/le-cours-de-l-histoire/les-mysteres-du-roman-feuilleton-une-aventure-rocambolesque-1569854,,,,d1543c0f-6397-42f3-8797-f64a00c28907_5
2024-09-05T07:00:00+00:00,1725519600,"""Bonjour tristesse"", bonjour succès ! Françoise Sagan, écrivaine populaire","1954. La publication de ""Bonjour tristesse"" fait l’effet d’un coup de tonnerre dans le milieu littéraire. Qui est cette jeune fille au pseudonyme proustien qui défraie la chronique, et ne cesse de la défrayer, toute sa vie ? Françoise Sagan peut-elle être considérée comme une écrivaine populaire ?",https://www.franceculture.fr/franceculture/podcasts/le-cours-de-l-histoire/bonjour-tristesse-bonjour-succes-francoise-sagan-ecrivaine-populaire-8170107,,,,efbe15b3-7a2b-430e-a315-5a9126a38690_5
2024-09-06T07:00:00+00:00,1725606000,"Jennifer Richard : ""Je réfléchis au temps, notre pire adversaire, qui dirige toute notre vie""","Raconter l’histoire de l’impérialisme à travers les destins d’anonymes et de figures historiques reconnues, c’est l’ambition de l’écrivaine Jennifer Richard qu’elle déploie dans des récits multiformes et audacieux. ",https://www.franceculture.fr/franceculture/podcasts/le-cours-de-l-histoire/jennifer-richard-ecrivaine-et-folle-d-histoire-2771859,,,,6a326e44-e313-406d-b5df-c1fab48b525b_5
2024-09-09T07:00:00+00:00,1725865200,Deux Augustes + deux Césars = une tétrarchie,"À la fin du 3e siècle, l’Empire romain connaît une période de difficultés militaires et d’instabilité politique. Afin de restaurer l’autorité impériale, Dioclétien met en place un gouvernement à quatre empereurs. Pendant plus de vingt ans, deux Augustes et deux Césars se partagent le pouvoir.",https://www.franceculture.fr/franceculture/podcasts/le-cours-de-l-histoire/deux-augustes-deux-cesars-une-tetrarchie-2865486,,,,d8419d86-bf06-4a86-bf2a-cb2a42b5ada2_5
2024-09-10T07:00:00+00:00,1725951600,Gare aux maires du palais ! Les rois mérovingiens ont un Pépin,"Au début du 6e siècle, le maire du palais est un intendant nommé par le roi. Si son rôle est d'abord restreint, c’est le maire du palais Pépin Le Bref qui renverse le dernier roi mérovingien en 751.",https://www.franceculture.fr/franceculture/podcasts/le-cours-de-l-histoire/gare-aux-maires-du-palais-les-rois-merovingiens-ont-un-pepin-3619062,,,,7f17ea98-f5d0-4da4-8329-1dc9ea9c8180_5
2024-09-11T07:00:00+00:00,1726038000,Calife à la place du calife ? Tout le vizir est pour moi,"Vizirs, califes, sultans, émirs, quelle est la forme du pouvoir politique et administratif dans le monde musulman médiéval ? Quels rapports et quelles rivalités existent dans les milieux de pouvoir à Bagdad ? ",https://www.franceculture.fr/franceculture/podcasts/le-cours-de-l-histoire/calife-a-la-place-du-calife-tout-le-vizir-est-pour-moi-4180637,,,,d0d4502e-4092-487b-8d6c-c15b8710990c_5
2024-09-12T07:00:00+00:00,1726124400,"Président du Conseil, l'exécutif au premier chef ?","Sous les Troisième et la Quatrième Républiques, le président du Conseil est le chef du gouvernement. De Léon Gambetta à Pierre Mendès France, comment la fonction de président du Conseil s’organise-t-elle ? Comment le gouvernement s’est-il au fur et à mesure modernisé ?",https://www.franceculture.fr/franceculture/podcasts/le-cours-de-l-histoire/president-du-conseil-l-executif-au-premier-chef-7189758,,,,97e67250-848a-4bb3-9145-53f105febdb6_5
2024-09-13T07:00:00+00:00,1726210800,"Olivier Baumont, claveciniste : ""Je ne conçois pas de jouer une œuvre sans savoir où elle a résonné la première fois""","Fasciné depuis l’enfance par l’histoire et le patrimoine, Olivier Baumont a trouvé avec le clavecin, instrument emblématique de l’Ancien Régime, une clé pour faire revivre le son du Grand Siècle et des Lumières.",https://www.franceculture.fr/franceculture/podcasts/le-cours-de-l-histoire/olivier-baumont-claveciniste-et-fou-d-histoire-6374772,,,,5a7b0221-99ca-4770-a1c3-4be1f2c34227_5
2024-09-16T07:00:00+00:00,1726470000,"De la Bastille à Valmy, champs de bataille et batailles de mémoires",La prison royale de la Bastille ou la butte de Valmy font partie des champs de bataille les plus connus de la Révolution française. Comment ont-ils été transformés et déformés dans l’imaginaire collectif et la mémoire commune ? Comment sont-ils devenus des symboles et des mythes ? ,https://www.franceculture.fr/franceculture/podcasts/le-cours-de-l-histoire/de-la-bastille-a-valmy-champs-de-bataille-et-batailles-de-memoires-8216401,,,,06544011-e606-473e-a245-5065e3ee90e1_5
2024-09-17T07:00:00+00:00,1726556400,"Bons souvenirs de Waterloo, le tourisme des champs de bataille","Au 19e siècle, les champs de bataille deviennent en Europe des lieux à visiter. Touristes, scientifiques ou experts arpentent ces étendues de terre en quête d’une expérience hédonique, patriotique ou historique.
",https://www.franceculture.fr/franceculture/podcasts/le-cours-de-l-histoire/bons-souvenirs-de-waterloo-le-tourisme-des-champs-de-bataille-9944282,,,,4e42e3a0-4676-41e5-bff5-837d0d5b8e7f_5
2024-09-18T07:00:00+00:00,1726642800,"1919, voyage de noces sur les ruines de la Grande Guerre","4 septembre 1919. Gérald Debaecker et Berthe Briant entament leur voyage de noces sur les ruines de la Grande Guerre. De Reims à Dunkerque, ce sont des villes et villages broyés que les deux époux rencontrent, à la recherche d’une mémoire encore nouvelle et de blessures à réparer.",https://www.franceculture.fr/franceculture/podcasts/le-cours-de-l-histoire/1919-voyage-de-noces-sur-les-ruines-de-la-grande-guerre-4946094,,,,236fed4c-ddbb-47d6-8580-a3633d486eb9_5
2024-09-19T07:00:00+00:00,1726729200,"Des vivants et des morts, dans les ruines de la guerre d’Espagne","Été 1937. Le village espagnol de Belchite subit une bataille d’une violence exceptionnelle, qui se double bientôt de vagues de répression tout aussi violentes. Détruit, ruiné, Belchite est un symbole de la guerre civile. Comment devient-il un lieu de mémoire, objet d’une ""guerre des mémoires"" ?",https://www.franceculture.fr/franceculture/podcasts/le-cours-de-l-histoire/des-vivants-et-des-morts-dans-les-ruines-de-la-guerre-d-espagne-2802314,,,,0d2a7d14-e073-4517-9011-2bc06ebce7f4_5
2024-09-20T07:00:00+00:00,1726815600,"Afghanistan, une histoire des droits des femmes","L'histoire des droits des femmes en Afghanistan, avec ses périodes d'avancée et de recul, est en miroir des évolutions du pays. Des réformes des années 1960 à l'invasion soviétique en 1979, sans oublier l'intervention américaine de 2001, la condition des femmes est sans cesse invoquée.",https://www.franceculture.fr/franceculture/podcasts/le-cours-de-l-histoire/afghanistan-une-histoire-des-droits-des-femmes-5405875,,,,c096e82f-ab43-42d8-9f3a-b0ac8b2286c5_5
2024-09-23T07:00:00+00:00,1727074800,"Premiers peuples scandinaves, il se passe quelque chose au Nord","Du 1er au 7e siècle de notre ère, la Scandinavie est un monde composite aux multiples populations. Fermiers, pêcheurs, artisans, les premiers peuples du Nord s’organisent en clan autour d’un chef. Ces tribus sont en contact avec l’Empire romain par le biais d'échanges militaires et économiques.",https://www.franceculture.fr/franceculture/podcasts/le-cours-de-l-histoire/premiers-peuples-scandinaves-il-se-passe-quelque-chose-au-nord-3867241,,,,65c68907-bd23-44c8-abbd-a23b5ed75a4e_5
2024-09-24T07:00:00+00:00,1727161200,"Siège de Paris, les vikings entrent en Seine ","À partir de novembre 885, Paris est assiégé pour la quatrième fois par les vikings. Le siège survient dans un contexte d’intensification des raids venus du nord et d’affaiblissement du pouvoir royal dans l’Empire carolingien. ",https://www.franceculture.fr/franceculture/podcasts/le-cours-de-l-histoire/siege-de-paris-les-vikings-entrent-en-seine-8568285,,,,ea9ccba0-459e-4e49-8277-f73373f63c39_5
2024-09-25T07:00:00+00:00,1727247600,"Guerriers scandinaves, y a pas que les vikings dans le Nord","Des vikings violents, voilà l’image stéréotypée des Scandinaves à l’époque médiévale. Pourtant, les pratiques martiales des “guerriers du Nord” sont plus complexes, et ils ne sont pas aussi sanguinaires qu’on a bien voulu le dire. Y a-t-il vraiment une exceptionnalité de la violence scandinave ?",https://www.franceculture.fr/franceculture/podcasts/le-cours-de-l-histoire/guerriers-scandinaves-y-a-pas-que-les-vikings-dans-le-nord-8210488,,,,52d1e200-49c7-45a5-a4f8-94e543bfccc7_5
2024-09-26T07:00:00+00:00,1727334000,"Drakkar au placard, le crépuscule des vikings","Au 11e siècle, avec le renforcement des royaumes scandinaves chrétiens, le phénomène viking disparaît progressivement. Des sagas islandaises aux films et séries contemporaines, la figure du viking s’ancre pleinement dans les imaginaires au point de devenir un véritable mythe mondial. ",https://www.franceculture.fr/franceculture/podcasts/le-cours-de-l-histoire/drakkar-au-placard-le-crepuscule-des-vikings-5849135,,,,2bb3ae39-5c52-439c-89e1-7cae487ee304_5
2024-09-27T07:00:00+00:00,1727420400,"Gérard de Cortanze, écrivain : ""Hemingway incarne la quête d'universalité""","De la première campagne napoléonienne d'Italie à l'exil d’Ernest Hemingway à Cuba, Gérard de Cortanze traverse les frontières et les époques dans une œuvre littéraire prolifique.",https://www.franceculture.fr/franceculture/podcasts/le-cours-de-l-histoire/gerard-de-cortanze-ecrivain-et-fou-d-histoire-2655030,,,,e9369c30-ff5c-45d7-b669-16a73e56aa3f_5
2024-09-30T07:00:00+00:00,1727679600,"Roi ""faux-monnayeur"" ? Philippe le Bel prêt à tout pour payer sa dette","Si Saint Louis est selon l'historien Jacques Le Goff le premier roi endetté, son petit-fils Philippe le Bel n’est pas en reste. Pour faire face aux problèmes de finances publiques qui se posent à lui, comment Philippe le Bel innove-t-il dans le domaine des pratiques monétaires et de la fiscalité ?",https://www.franceculture.fr/franceculture/podcasts/le-cours-de-l-histoire/roi-faux-monnayeur-philippe-le-bel-pret-a-tout-pour-payer-sa-dette-8909416,,,,8bd724b5-8de8-4fef-ac7f-360332f36eb5_5
2024-10-01T07:00:00+00:00,1727766000,Pas d'émission ce jour ,"En raison d'un appel à la grève des organisations syndicales CGT et SUD de Radio France pour défendre les services publics et le financement d'une radio publique unique, forte et indépendante, cette émission n'est pas disponible ce jour. Nous vous prions de nous en excuser.",,,,,25beed53-291d-48f9-9183-93f188ae1403_5
2024-10-02T07:00:00+00:00,1727852400,Éponger la dette. Impôts pour tous (et les nobles aussi) !,"Au 18ᵉ siècle, les guerres font croître les dettes du royaume. Face au déficit, les administrateurs des finances décident de réformer la fiscalité. De Vauban à Necker, ces tentatives se heurtent à une société d'Ancien Régime profondément attachée à ses privilèges. ",https://www.franceculture.fr/franceculture/podcasts/le-cours-de-l-histoire/eponger-la-dette-impots-pour-tous-et-les-nobles-aussi-9644895,,,,0231359b-d991-4e1c-8d52-c1598015b976_5
2024-10-03T07:00:00+00:00,1727938800,"Finances publiques, la France en a par-dessus la dette","Depuis 1975, le budget de la France n’est plus à l’équilibre. La dette publique s’emballe dans les années 2000. Comment un consensus s’est-il construit autour du creusement du déficit public au fil du 20ᵉ siècle  ? Que dit ce consensus de la relation des Français et des Françaises à l’État ?",https://www.franceculture.fr/franceculture/podcasts/le-cours-de-l-histoire/finances-publiques-la-france-en-a-par-dessus-la-dette-1292246,,,,a07f84cb-30fb-49db-9263-1b973f032d8a_5
2024-10-04T07:00:00+00:00,1728025200,"Éva Doumbia, metteuse en scène : ""Ce qui m'intéresse en histoire, c'est ce qui est caché""","Autrice et metteuse en scène, Éva Doumbia livre un oratorio pour les soldats méconnus qui ont marqué l’histoire de la Seconde Guerre mondiale et de la Libération : les tirailleurs sénégalais et les GI’s afro-américains.",https://www.franceculture.fr/franceculture/podcasts/le-cours-de-l-histoire/eva-doumbia-metteuse-en-scene-ecrivaine-et-folle-d-histoire-7968916,,,,7daf3504-f71f-4580-98d9-2af70824c40a_5
2024-10-07T07:00:00+00:00,1728284400,"Immeubles antiques, ""insulae"" mode d’emploi","Dès le 3ᵉ siècle avant notre ère, des ""insulae"" prennent la forme d’immeubles à plusieurs étages. De Rome à Ostie, ces habitats collectifs permettent de loger une population romaine de plus en plus nombreuse. En quoi ces lieux nous renseignent-ils sur la vie quotidienne de la plèbe ? ",https://www.franceculture.fr/franceculture/podcasts/le-cours-de-l-histoire/immeubles-antiques-insulae-mode-d-emploi-6490964,,,,3bd90c78-a687-46f2-82a9-47e9eec6a913_5
2024-10-08T07:00:00+00:00,1728370800,"Locatif, lucratif. Histoire des immeubles qui rapportent ","À la fin du 19ᵉ siècle, les immeubles de rapport sont devenus la forme de propriété immobilière dominante. Ces immeubles, construits en étant voués à la location, attirent des investisseurs privés. La bourgeoisie lyonnaise voit se constituer un groupe de propriétaires rentiers.",https://www.franceculture.fr/franceculture/podcasts/le-cours-de-l-histoire/locatif-lucratif-histoire-des-immeubles-qui-rapportent-6930917,,,,a73d5368-07ef-4a5f-8005-f90e427bb7e3_5
2024-10-09T07:00:00+00:00,1728457200,"Fenêtres sur le monde, quand un immeuble raconte les migrations","96-102, avenue de Paris à la Plaine-Saint-Denis : un groupe d’immeubles à la fois ordinaire et exceptionnel à la fin du 19e siècle. S’y croisent des ouvriers, des migrants alsaciens, italiens, espagnols, indochinois… Entre travail, sociabilités et conflits, les identités se tissent et se dénouent.",https://www.franceculture.fr/franceculture/podcasts/le-cours-de-l-histoire/fenetres-sur-le-monde-quand-un-immeuble-raconte-les-migrations-7604649,,,,4dfffa78-e77a-4fd9-b885-29fe558d1453_5
2024-10-10T07:00:00+00:00,1728543600,"Plus grand, plus haut, moins cher, histoire des logements sociaux","À l'aube du 20ᵉ siècle, les pouvoirs publics construisent des habitations à bon marché, dites HBM, pour loger la classe ouvrière aisée. À partir des années 1950, l'habitation à loyer modéré (HLM) se développe et incarne la modernité des ""Trente Glorieuses"".",https://www.franceculture.fr/franceculture/podcasts/le-cours-de-l-histoire/plus-grand-plus-haut-moins-cher-histoire-des-logements-sociaux-2090905,,,,b954c97c-cb4e-4192-ace6-f8f4995aec09_5
2024-10-11T07:00:00+00:00,1728630000,Encore un matin… écrire l’histoire de la vie quotidienne,"Écrire l'histoire de la vie quotidienne, c'est se confronter à une multitude de récits, à la complexité des vécus, qui prennent à contre-courant les idées reçues. À hauteur d'enfants, de femmes et d'hommes, les historiennes et historiens s'attèlent à scruter le quotidien dans toute sa diversité.",https://www.franceculture.fr/franceculture/podcasts/le-cours-de-l-histoire/encore-un-matin-ecrire-l-histoire-de-la-vie-quotidienne-8142837,,,,23f20c69-ed57-4a0e-a4c8-65f381d2e4f8_5
2024-10-14T07:00:00+00:00,1728889200,"""I like to be in America"". Du Mexique à Haïti, histoires d'immigration","Alors qu'ils se sont construits comme une terre d’immigration par excellence, les États-Unis en sont venus à appliquer une politique migratoire restrictive, discriminatoire, voire raciste. Comment comprendre cette évolution et quelle place pour les immigrations mexicaine et haïtienne ? ",https://www.franceculture.fr/franceculture/podcasts/le-cours-de-l-histoire/i-like-to-be-in-america-du-mexique-a-haiti-histoires-d-immigration-4755475,,,,db121810-5f1b-47be-b1ec-2ed2df348c47_5
2024-10-15T07:00:00+00:00,1728975600,"Droit à l'avortement aux États-Unis, luttes du passé au présent","Criminalisé au 19e siècle, l'avortement n'est pas au centre des combats du féminisme de la première vague aux États-Unis. C'est dans les années 1960 que ce droit s'impose parmi les revendications militantes et c'est en 1973 que le fameux arrêt Roe v. Wade légalise l'IVG à l’échelle fédérale.",https://www.franceculture.fr/franceculture/podcasts/le-cours-de-l-histoire/droit-a-l-avortement-aux-etats-unis-luttes-du-passe-au-present-5528912,,,,f928f5de-6f11-4467-bda4-97b949de17a9_5
2024-10-16T07:00:00+00:00,1729062000,Make America work again ? Quand la révolution conservatrice s'en prend aux aides sociales,"À l’été 1961, les élus locaux de Newburgh, ville de l’État de New York, lancent une réforme réduisant l’assistance sociale aux pauvres. Sous le feu des projecteurs nationaux, l’affaire est reprise par la droite conservatrice et marque un tournant dans l’histoire de l’État-providence américain.",https://www.franceculture.fr/franceculture/podcasts/le-cours-de-l-histoire/make-america-work-again-quand-la-revolution-conservatrice-s-en-prend-aux-aides-sociales-3137555,,,,5e83ead3-2818-474c-87da-2baa48c79c2d_5
2024-10-17T07:00:00+00:00,1729148400,"1823. Doctrine Monroe, certains l'aiment isolationniste","La déclaration du président James Monroe en 1823 devant le Congrès connaît une postérité étonnante. Manifeste républicain et anticolonial, comment la déclaration Monroe s’est-elle transformée en ""doctrine Monroe"", justifiant les prétentions impérialistes et interventionnistes des États-Unis ? ",https://www.franceculture.fr/franceculture/podcasts/le-cours-de-l-histoire/1823-doctrine-monroe-certains-l-aiment-isolationniste-4875770,,,,94c52c5d-0175-4954-8980-fbe2615a9848_5
2024-10-18T07:00:00+00:00,1729234800,"Jean-Noël Orengo, écrivain : ""L'histoire, c'est un art du récit""","Architecte puis ministre de l’Armement du régime nazi, Albert Speer était également l’ami d’Adolf Hitler. Le seul peut-être. L’écrivain Jean-Noël Orengo raconte ce tandem formé par l’artiste et l’homme de pouvoir dans son roman ""Vous êtes l’amour malheureux du Führer"".",https://www.franceculture.fr/franceculture/podcasts/le-cours-de-l-histoire/jean-noel-orengo-ecrivain-et-fou-d-histoire-5627723,,,,b883b98e-4ab8-44b9-b221-5f0450d953d1_5
2024-10-21T07:00:00+00:00,1729494000,"Du rififi chez les prêtres ! Luther, Calvin et la Réforme protestante","En 1517, le moine Martin Luther affiche sur la porte de l'église de la Toussaint à Wittemberg ses ""95 thèses"". Le Réformateur accuse l'Église d'abuser de son pouvoir en promettant le purgatoire en échange du versement d'une somme d'argent. Cet épisode marque le début de la Réforme protestante.",https://www.franceculture.fr/franceculture/podcasts/le-cours-de-l-histoire/du-rififi-chez-les-pretres-luther-calvin-et-la-reforme-protestante-8602420,,,,ebc16e23-ebe2-4463-b057-8fe86dd909e0_5
2024-10-22T07:00:00+00:00,1729580400,"Camisards & dragons. Contre Louis XIV, les protestants se révoltent !","En 1685, l’édit de Fontainebleau interdit le protestantisme et met fin à une période de relative tolérance. S'il ouvre la voie à une répression frontale, il ne traduit pas l’effacement de la communauté huguenote, qui se maintient à travers des pratiques de résistance plus ou moins ténues.
",https://www.franceculture.fr/franceculture/podcasts/le-cours-de-l-histoire/camisards-dragons-contre-louis-xiv-les-protestants-se-revoltent-9645912,,,,1e7f3f3f-4305-4769-957e-60f7666f3354_5
2024-10-23T07:00:00+00:00,1729666800,"Prends ta Bible, on s’en va ! Les huguenots aux Amériques","À la suite de l’édit de Fontainebleau en 1685, de nombreux huguenots fuient la France dans divers pays, surnommés le Refuge. Une petite partie d’entre eux prend le chemin des colonies britanniques en Amérique. Comment s’implantent-ils ? Comment leur religion évolue-t-elle au fil de leur migration ?",https://www.franceculture.fr/franceculture/podcasts/le-cours-de-l-histoire/prends-ta-bible-on-s-en-va-les-huguenots-aux-ameriques-6615166,,,,aff3a138-dfb3-4a57-998f-3d2fec143e91_5
2024-10-24T07:00:00+00:00,1729753200,"Guerres de Religion, les protestants en mode survie","À la fin du 16e siècle, durant les guerres de Religion, les protestants et protestantes sont contraints à la survie face aux catholiques. Dans cette période tourmentée par la guerre civile, le doute à l'égard du voisin et la dissimulation de soi deviennent cruciaux si l’on veut échapper à la mort.",https://www.franceculture.fr/franceculture/podcasts/le-cours-de-l-histoire/guerres-de-religion-les-protestants-en-mode-survie-9795878,,,,e17dac02-9a2c-4329-9d53-a3ea0478e80f_5
2024-10-25T07:00:00+00:00,1729839600,"Gynécées, sérails, harems, la place des femmes au temps des sultans","Dans son ouvrage ""Harems et sultans"", l'historienne Jocelyne Dakhlia interroge le pouvoir politique des femmes royales dans les sociétés islamiques. Un dialogue entre histoire du genre et du politique pour remettre en mouvement les logiques historiques.",https://www.franceculture.fr/franceculture/podcasts/le-cours-de-l-histoire/gynecees-serails-harems-la-place-des-femmes-au-temps-des-sultans-5185707,,,,335f6085-32e0-45f8-bca4-fb48a97e08d5_5
2024-10-28T08:00:00+00:00,1730102400,"Sidération et résistance, l'Algérie face à la conquête française","14 juin 1830. Les troupes françaises de Charles X débarquent à Sidi-Ferruch puis s’emparent d’Alger. Face au choc de la conquête française, une première forme de résistance algérienne s’organise autour de l’émir Abdelkader et ses milliers de cavaliers qui luttent pour conserver leurs terres.",https://www.franceculture.fr/franceculture/podcasts/le-cours-de-l-histoire/1830-l-algerie-face-a-la-conquete-francaise-1692516,,,,1a0e535e-e927-47b0-adeb-e65f08de0f7d_5
2024-10-29T08:00:00+00:00,1730188800,"La Kabylie en colère, résister dans l’Algérie coloniale","Dès les débuts de la colonisation de l’Algérie, les populations rurales opposent des formes de résistance diverses. En 1871, elles mènent une insurrection à l’ampleur inédite. Entre révoltes armées et banditisme, il s’agit, au long du 19e siècle, de résister à l'expropriation des terres.",https://www.franceculture.fr/franceculture/podcasts/le-cours-de-l-histoire/la-kabylie-en-colere-resister-dans-l-algerie-coloniale-8067856,,,,e3d31fbc-95e6-4a7a-8d31-f853e4d2ad11_5
2024-10-30T08:00:00+00:00,1730275200,"""L'Algérie est ma patrie"" : les voies du nationalisme dans l'Algérie coloniale","De l’Étoile nord-africaine de Messali Hadj au Manifeste du peuple algérien de Ferhat Abbas, les voies du nationalisme algérien sont multiples dans l'Algérie coloniale. Ces courants sont le produit de plusieurs décennies de maturation politique avant même le début de la guerre d’indépendance.",https://www.franceculture.fr/franceculture/podcasts/le-cours-de-l-histoire/l-algerie-est-ma-patrie-les-voies-du-nationalisme-dans-l-algerie-coloniale-1888963,,,,ae886c1a-9754-408f-9c4c-83b1da5a34c3_5
2024-10-31T08:00:00+00:00,1730361600,"Toussaint Rouge, au commencement de la guerre d'indépendance algérienne","Dans la nuit du 31 octobre au 1ᵉʳ novembre 1954, des nationalistes algériens lancent une série d'attentats en Algérie. Cet événement, connu sous le nom de ""Toussaint Rouge"", marque la première apparition du Front de libération nationale (FLN) et plonge le pays dans la guerre d’indépendance.",https://www.franceculture.fr/franceculture/podcasts/le-cours-de-l-histoire/toussaint-rouge-au-commencement-de-la-guerre-d-independance-algerienne-6333690,,,,6d5f0f10-b412-4bc5-9b75-51dc8f798f50_5
2024-11-04T08:00:00+00:00,1730707200,"Juger l'inceste, histoire d'un crime au cœur de la famille","Dans l’Ancien Régime, l’inceste désigne la sexualité criminelle d’un couple d’une même famille. La justice ne distingue alors pas l’agresseur de la victime. À partir du 19e siècle, ce crime sans nom renvoie de plus en plus dans les discours à une violence sexuelle orientée sur l’enfant.",https://www.franceculture.fr/franceculture/podcasts/le-cours-de-l-histoire/juger-l-inceste-histoire-d-un-crime-au-coeur-de-la-famille-4050640,,,,4576cf9b-0eb0-4162-8e9e-dfb856024f7d_5
2024-11-05T08:00:00+00:00,1730793600,"1750, l'homosexualité au bûcher","Sous l'Ancien Régime, l’homosexualité est surveillée et réprimée. Si elle est alors passible de la ""peine de feu"", l’homosexualité est plus fréquemment punie par une admonestation ou une peine d'emprisonnement. Pourtant, en 1750, Bruno Lenoir et Jean Diot sont exécutés pour le seul crime de sodomie.",https://www.franceculture.fr/franceculture/podcasts/le-cours-de-l-histoire/1750-l-homosexualite-au-bucher-8879471,,,,f74ffe40-ac6f-43a5-8b80-b97636ce1538_5
2024-11-06T08:00:00+00:00,1730880000,"""Un filliot, si tel est mon voeil !"" Avortement et justice au Moyen Âge","Au Moyen Âge, avorter est un crime. Les femmes qui s’y risquent encourent la peine capitale : le bûcher, voire l’enfouissement vivant. Pourtant, les femmes continuent d’avorter, et les traces qui nous sont parvenues témoignent des tentatives de contrôles exercées par la justice sur leur corps.",https://www.franceculture.fr/franceculture/podcasts/le-cours-de-l-histoire/un-filliot-tel-est-mon-voeil-avortement-et-justice-au-moyen-age-6026460,,,,71162e61-1cf2-4652-8722-aa2ef03385ec_5
2024-11-07T08:00:00+00:00,1730966400,"La justice dans la peau, histoires d'infamies","L'infamie occupe une place essentielle dans l'arsenal pénal de la justice d'Ancien Régime. Qu'elles mutilent les corps condamnés ou exposent les coupables à l'humiliation publique, les peines infamantes suscitent des débats sur la finalité de la punition à la veille de la Révolution.",https://www.franceculture.fr/franceculture/podcasts/le-cours-de-l-histoire/la-justice-dans-la-peau-histoires-d-infamies-2525943,,,,8a9c15b3-fdc9-43d6-a46c-fc254d994a1e_5
2024-11-08T08:00:00+00:00,1731052800,"Rosie Pinhas-Delpuech, écrivaine et traductrice : ""Ma grand-mère est à l'origine de mon écriture""","Quand une enfant grandit à Istanbul, environnée du turc, de l’allemand de sa mère, du français de son père, du ladino de sa grand-mère judéo-espagnole, et qu’elle découvre plus tard l’hébreu, cela donne une multiplicité de langues, de cultures et d’histoires, qui mène de l’écriture à la traduction.",https://www.franceculture.fr/franceculture/podcasts/le-cours-de-l-histoire/rosie-pinhas-delpuech-traductrice-ecrivaine-et-folle-d-histoire-2169320,,,,99508a0e-da71-4006-8d49-5fcc1bbfbdbf_5
2024-11-11T08:00:00+00:00,1731312000,L'odyssée polaire de Pythéas,"Au 4e siècle avant notre ère, un Marseillais nommé Pythéas prend la mer pour un long voyage qui le mène jusqu’au nord de l’Europe, et sans doute au-delà du cercle arctique. S’agit-il du premier explorateur polaire ? Sur quelles connaissances géographiques et astronomiques ce voyage s’appuie-t-il ? ",https://www.franceculture.fr/franceculture/podcasts/le-cours-de-l-histoire/l-odyssee-polaire-de-pytheas-2700773,,,,5f93c3bc-2adb-489b-9a77-dea78a20d366_5
2024-11-12T08:00:00+00:00,1731398400,"De la Terra Australis à la Terre Adélie, explorer l'Antarctique","Du rêve d’une terre australe, abondante de ressources, à la découverte d’un espace hostile et inhabitable, la question de l’existence d’un continent à l’extrême sud de la Terre occupe scientifiques, navigateurs et marchands du Moyen Âge à l’époque moderne. ",https://www.franceculture.fr/franceculture/podcasts/le-cours-de-l-histoire/de-la-terra-australis-a-la-terre-adelie-explorer-l-antarctique-1613100,,,,5415733c-c161-4c50-b654-65da32c291d3_5
2024-11-13T08:00:00+00:00,1731484800,"Suivre l’étoile polaire, histoires d’expéditions arctiques","Au 16ᵉ siècle, l’Arctique est traversé par des navigateurs européens, soucieux de passer par la voie du nord pour aller en Chine. Ce n’est que bien des siècles plus tard que des expéditions scientifiques sont organisées pour étudier cet océan de glaces et sa banquise.",https://www.franceculture.fr/franceculture/podcasts/le-cours-de-l-histoire/suivre-l-etoile-polaire-histoires-d-expeditions-arctiques-3524969,,,,4c854466-cca6-4cb3-8cc9-4efafeb0c586_5
2024-11-14T08:00:00+00:00,1731571200,"Imaginaires polaires, récits à hauteur des pôles","En 1926, Roald Amundsen survole pour la première fois le pôle Nord avec son dirigeable, les territoires polaires ne sont pas inconnus du grand public. Voilà longtemps déjà qu’ils fascinent, inspirent la crainte et attisent la curiosité pour des contrées lointaines, glaciales et inhospitalières.",https://www.franceculture.fr/franceculture/podcasts/le-cours-de-l-histoire/imaginaires-polaires-recits-a-hauteur-des-poles-1077294,,,,2bde12b0-a97a-4f45-b58c-5e9005a2f970_5
2024-11-15T08:00:00+00:00,1731657600,"Cabrera, île-prison : à la recherche des soldats de Napoléon","De 1809 à 1814, jusqu’à 15 000 soldats de Napoléon faits prisonniers par les Espagnols sont abandonnés sur une île des Baléares, Cabrera. Ce bout de caillou, stérile et inhospitalier, devient le tombeau de nombreux soldats qui succombent à la faim, à la soif et aux maladies. ",https://www.franceculture.fr/franceculture/podcasts/le-cours-de-l-histoire/cabrera-ile-prison-a-la-recherche-des-soldats-de-napoleon-5244102,,,,dbb6793a-e1b1-4448-9b34-cba52a7b346c_5
2024-11-18T08:00:00+00:00,1731916800,"Hôpital et Charité, une histoire bien ordonnée","Au 18e siècle, les malades pauvres sont pris en charge dans des hôpitaux financés par la charité chrétienne. De l’Hôtel-Dieu à l’hôpital général, les soins médicaux restent cependant moindres. L’assistance médicale devient obligatoire à la fin du 19e siècle et s’adresse au plus grand nombre. ",https://www.franceculture.fr/franceculture/podcasts/le-cours-de-l-histoire/hopital-et-charite-une-histoire-bien-ordonnee-8565954,,,,56e2f4be-873b-4598-82fa-9255c5b63dba_5
2024-11-19T08:00:00+00:00,1732003200,A cotisé ! Histoire des sociétés de secours mutuel,"Depuis le Moyen Âge, les corporations puis les sociétés de secours mutuel organisent une solidarité professionnelle entre les travailleurs face au risque de l’incapacité de travailler. Interdites, tolérées puis légitimées, comment ces sociétés s’articulent-elles avec les initiatives publiques ?",https://www.franceculture.fr/franceculture/podcasts/le-cours-de-l-histoire/a-cotise-histoire-des-societes-de-secours-mutuel-4532637,,,,c57657f1-5d7a-45b5-b2f3-9f01122c9cbf_5
2024-11-20T08:00:00+00:00,1732089600,"4 octobre 1945, la Sécurité sociale voit le jour (heureux !)","La Sécurité sociale, c’est la France. À tel point que nous oublions parfois ses origines et les enjeux sur lesquels elle s’est construite… Les 4 et 19 octobre 1945, au sortir de la Seconde Guerre mondiale, deux ordonnances instituent la ""Sécu"". C’est le début d’un long combat pour son application.",https://www.franceculture.fr/franceculture/podcasts/le-cours-de-l-histoire/4-octobre-1945-la-securite-sociale-voit-le-jour-heureux-8385973,,,,e4de75f1-9dc1-4a0a-b30b-a3d4cc570e83_5
2024-11-21T08:00:00+00:00,1732176000,"""Trou de la Sécu"" ? Une histoire à creuser","À sa création en 1945, la Sécurité sociale est pensée comme un système qui peut avoir des déficits. L’objectif est de répondre à la demande sociale avant de penser au financement. Dans les années 1970, le ""trou de la Sécu"" devient un problème politique et sert de levier pour faire des réformes.",https://www.franceculture.fr/franceculture/podcasts/le-cours-de-l-histoire/trou-de-la-secu-une-histoire-a-creuser-5254986,,,,de7352ca-b8cd-45fc-a1cf-22b8887297e4_5
2024-11-22T08:00:00+00:00,1732262400,"Michel Hazanavicius, cinéaste : ""Ce film trace une voie de dignité et d'humanité""","De l’humanité des Justes durant la Seconde Guerre mondiale à la France de René Coty en passant par la guerre de Tchétchénie, le réalisateur Michel Hazanavicius ne détourne pas le regard de l’histoire et explore les époques en noir et blanc, ou en couleurs.",https://www.franceculture.fr/franceculture/podcasts/le-cours-de-l-histoire/michel-hazanavicius-cineaste-et-fou-d-histoire-9432647,,,,7a211471-7dbb-48dd-81aa-334be6db456b_5
2024-11-25T08:00:00+00:00,1732521600,"Aux origines de la marche, Toumaï, Lucy et les autres","En 1974, une partie du squelette de ""Lucy"", une australopithèque de 3,2 millions d'années, est mise au jour en Éthiopie. Des paléoanthropologues se penchent sur cette découverte pour raconter quand et comment la bipédie est apparue dans la lignée humaine. Comment se déplaçaient nos ancêtres ?",https://www.franceculture.fr/franceculture/podcasts/le-cours-de-l-histoire/aux-origines-de-la-marche-toumai-lucy-et-les-autres-5384638,,,,a4d0cef4-606e-46a6-a3a8-cbd80ba2f897_5
2024-11-26T08:00:00+00:00,1732608000,"Préhistoire, avoir de la suite dans les hominidés","La paléoanthropologie s’intéresse aux “hommes fossiles” et à leur évolution. Si la théorie de l’évolution semble admise dans les sciences naturelles, elle s’inscrit dans une longue histoire des rapports entre les sciences et la religion, et continue à être contestée par des théories créationnistes. ",https://www.franceculture.fr/franceculture/podcasts/le-cours-de-l-histoire/prehistoire-avoir-de-la-suite-dans-les-hominides-1616909,,,,f960c5c6-a6cf-4d7a-ae47-99bd2a577f17_5
2024-11-27T08:00:00+00:00,1732694400,"D’un continent à l’autre, migrations préhistoriques","L’Homo erectus, apparu il y a 2 millions d’années en Afrique, est le premier hominidé à migrer dans plusieurs points du globe. Des millénaires plus tard, Homo sapiens suit les traces de son prédécesseur et devient la première espèce humaine à s’étendre de l’Eurasie jusqu’aux Amériques.",https://www.franceculture.fr/franceculture/podcasts/le-cours-de-l-histoire/d-un-continent-a-l-autre-migrations-prehistoriques-8140777,,,,05cced16-4258-4b9d-a48f-6d38f65e5f8c_5
2024-11-28T08:00:00+00:00,1732780800,"""La Guerre du feu"", quand la Préhistoire enflamme les imaginaires","En 1909 paraît ""La Guerre du feu"" de Joseph-Henri Rosny aîné. Ce n’est ni le premier ni le dernier roman préhistorique de son auteur, qui jette les bases d’un genre littéraire. Adapté au cinéma en 1981 par Jean-Jacques Annaud, l’univers de ""La Guerre du feu"" n’a cessé de fasciner.",https://www.franceculture.fr/franceculture/podcasts/le-cours-de-l-histoire/la-guerre-du-feu-quand-la-prehistoire-enflamme-les-imaginaires-9730351,,,,8e2e6d38-6f4d-410f-890a-a310565dd842_5
2024-11-29T08:00:00+00:00,1732867200,"Le viol face aux juges, histoire de justice et d’injustices","Le viol fait son entrée  en tant que crime dans le Code pénal de 1791. Si le droit français entend punir les violences sexuelles, leur prise en charge judiciaire réelle est semée d'embûches et la définition de ce qu'est un viol reste à préciser.",https://www.franceculture.fr/franceculture/podcasts/le-cours-de-l-histoire/le-viol-face-aux-juges-histoire-de-justice-et-d-injustices-3873480,,,,23d497ee-6015-4504-88e9-dc09d335bee5_5
2024-12-02T08:00:00+00:00,1733126400,"Notre-Dame de Paris, un livre de pierre","En 1163, la première pierre de Notre-Dame de Paris est posée par le pape Alexandre III. Des centaines de tailleurs et de maçons travaillent jour et nuit les blocs de la cathédrale pour lui donner vie. De la voûte aux sculptures, que nous racontent les pierres de Notre-Dame ?",https://www.franceculture.fr/franceculture/podcasts/le-cours-de-l-histoire/notre-dame-de-paris-un-livre-de-pierre-7635296,,,,1701b424-f484-4660-8436-1db9de379497_5
2024-12-03T08:00:00+00:00,1733212800,"Notre-Dame bien charpentée, chêne haute fidélité","En 1163, Maurice de Sully, nouvellement évêque de Paris, engage l’édification d’une cathédrale sur l’Île de la Cité. La construction de la charpente de Notre-Dame de Paris, dite la ""forêt"" de Notre-Dame, se distingue par les expérimentations architecturales dont elle est le lieu.",https://www.franceculture.fr/franceculture/podcasts/le-cours-de-l-histoire/notre-dame-bien-charpentee-chene-haute-fidelite-8434895,,,,9638d12a-8bc8-4266-a300-ecf2e3a2eaed_5
2024-12-04T08:00:00+00:00,1733299200,"Notre-Dame de parchemin, histoire d’une bibliothèque médiévale","Au Moyen Âge, les livres sont partout dans Notre-Dame de Paris. En quoi les bibliothèques de la cathédrale sont-elles le reflet de son histoire ? Retour sur l'impact des grands événements historiques sur les collections de manuscrits et d'imprimés conservées à Notre-Dame de Paris.",https://www.franceculture.fr/franceculture/podcasts/le-cours-de-l-histoire/notre-dame-de-parchemin-histoire-d-une-bibliotheque-medievale-4204716,,,,2207fe6f-0f35-49c0-b15c-b4b0a671c273_5
2024-12-05T08:00:00+00:00,1733385600,"Lumière sur Notre-Dame de Paris, les vitraux de la discorde","Dès le 12e siècle, les premières verrières sont construites à Notre-Dame de Paris. Inondant la cathédrale de lumière, les vitraux colorés créent un climat spirituel magnifiant la prière des fidèles. Du soufflage de verre à la grisaille, la création des vitraux nécessite de nombreux savoir-faire. ",https://www.franceculture.fr/franceculture/podcasts/le-cours-de-l-histoire/lumiere-sur-notre-dame-de-paris-les-vitraux-de-la-discorde-7062080,,,,ba8d1c77-81c3-4564-8098-c3a969b5bda2_5
2024-12-06T08:00:00+00:00,1733472000,"Anne Berest, écrivaine : ""La vie a beaucoup plus d'imagination que moi""","Des Rabinovitch aux Picabia, de la Russie à Paris, de la déportation de ses ancêtres au destin de ceux qui ont résisté et vécu intensément, l’écrivaine Anne Berest exhume ses histoires familiales alourdies par le silence. ",https://www.franceculture.fr/franceculture/podcasts/le-cours-de-l-histoire/anne-berest-ecrivaine-et-folle-d-histoire-8056387,,,,c1723e04-ac85-4605-b9f7-22009e62cbe8_5
2024-12-09T08:00:00+00:00,1733731200,"Du lycée aux tranchées, les années d’apprentissage de Marc Bloch","Né en 1886 à Lyon, Marc Bloch grandit dans une famille juive alsacienne. Après des études brillantes et un début de carrière prometteur, il participe aux combats de Grande Guerre. Comment mobilise-t-il sa propre expérience de guerre pour l’analyser et s’en faire l’historien ?",https://www.franceculture.fr/franceculture/podcasts/le-cours-de-l-histoire/du-lycee-aux-tranchees-les-annees-d-apprentissage-de-marc-bloch-5957166,,,,7cf4e849-98ac-48bc-a387-bcf94abc5780_5
2024-12-10T08:00:00+00:00,1733817600,"Marc Bloch médiéviste, quand l’histoire touche au miracle","En 1924, Marc Bloch publie ""Les Rois thaumaturges"", un ouvrage où il étudie les pouvoirs de guérison attribués aux rois de France et d’Angleterre à partir du 11ᵉ siècle. Par sa démarche novatrice, Marc Bloch marque l'historiographie et ouvre la voie à une nouvelle manière d'écrire l'histoire.",https://www.franceculture.fr/franceculture/podcasts/le-cours-de-l-histoire/marc-bloch-medieviste-quand-l-histoire-touche-au-miracle-3263981,,,,d24126f0-6f7c-4048-95ff-69f81d206fe0_5
2024-12-11T08:00:00+00:00,1733904000,"Marc Bloch et les Annales, un nouvel élan pour l’histoire","En 1929, Marc Bloch et Lucien Febvre créent la revue ""Annales d’histoire économique et sociale"". Pour les deux fondateurs, l’histoire doit dialoguer avec d’autres sciences sociales et porter un nouveau regard sur le temps présent. En près d’une décennie, le métier d’historien se réinvente.",https://www.franceculture.fr/franceculture/podcasts/le-cours-de-l-histoire/marc-bloch-et-les-annales-un-nouvel-elan-pour-l-histoire-9441454,,,,ccf59455-cf52-4570-b203-d18d05745433_5
2024-12-12T08:00:00+00:00,1733990400,"Marc Bloch et ""L’Étrange défaite"", un historien en résistance","Après le traumatisme des tranchées, Marc Bloch est de nouveau mobilisé : de combattant à résistant, en pleine Seconde Guerre mondiale, l'historien ne cesse d'écrire. Il devient le témoin d'une ""étrange défaite"" française, qu'il étudie jusqu'à son assassinat par les Allemands le 16 juin 1944.",https://www.franceculture.fr/franceculture/podcasts/le-cours-de-l-histoire/marc-bloch-et-l-etrange-defaite-un-historien-en-resistance-3432124,,,,8bad4f10-67b5-43cd-b073-cad059ed539a_5
2024-12-13T08:00:00+00:00,1734076800,"Trésors des Tang et des Ming, voyage dans la Chine impériale ","Des trésors de céramique et de peinture des Tang aux bijoux des Ming, le Musée Guimet à Paris offre une découverte des productions culturelles et artisanales qui ont marqué deux époques de l’histoire chinoise.",https://www.franceculture.fr/franceculture/podcasts/le-cours-de-l-histoire/tresors-des-tang-et-des-ming-voyage-dans-la-chine-imperiale-5356189,,,,4a4f02d7-5bb6-4336-86eb-a9af76909125_5
2024-12-16T08:00:00+00:00,1734336000,"Famille Crouzet, l’histoire en héritage","Dans la famille Crouzet, l’histoire et le goût de la recherche reviennent à chaque génération. Des arrières-grands-parents aux enfants, l’histoire est un héritage qui laisse des traces : comment concilier vie de famille et recherches scientifiques ?",https://www.franceculture.fr/franceculture/podcasts/le-cours-de-l-histoire/famille-crouzet-l-histoire-en-heritage-8243400,,,,9c1dc988-51d6-4e3e-b58b-5ec08d4ecaa5_5
2024-12-17T08:00:00+00:00,1734422400,"Curie, une famille rayonnante","De la fin du 19e siècle aux années 1970, trois générations de la famille Curie traversent les sciences physiques. Entre la Faculté des Sciences de Paris, l’École Municipale de Physique et de Chimie Industrielle et l’Institut du radium, les liens sont étroits et facilitent le travail en famille. ",https://www.franceculture.fr/franceculture/podcasts/le-cours-de-l-histoire/curie-une-famille-rayonnante-5964443,,,,b3f0b457-bb04-4c64-ab24-5cfc58d86ef4_5
2024-12-18T08:00:00+00:00,1734508800,"Entre quatre yeux, écrire l’histoire de l’art en couple","L'histoire de l’art est souvent perçue comme une pratique individuelle, liée à un regard aiguisé, souvent masculin, et à une plume vive et alerte. Pourtant, les couples d’historiens et d'historiennes de l’art sont légion. Que révèlent-ils des dynamiques de genre ? Comment travailler à deux ?",https://www.franceculture.fr/franceculture/podcasts/le-cours-de-l-histoire/entre-quatre-yeux-ecrire-l-histoire-de-l-art-en-couple-3747352,,,,55df2e04-1045-4dec-9b76-5de6b8e7f0df_5
2024-12-19T08:00:00+00:00,1734595200,"Chez les Cassini, les cartes c’est de famille !","Aux 17e et 18e siècles, la famille Cassini donne à la science plusieurs astronomes, cartographes et géodésiens. Depuis l’Observatoire de Paris, génération après génération, ils participent à l’élaboration d’une Carte générale de la France, singulière par sa précision et son étendue.",https://www.franceculture.fr/franceculture/podcasts/le-cours-de-l-histoire/chez-les-cassini-les-cartes-c-est-de-famille-9202469,,,,2ded009e-5dc9-4b35-9ca6-ce3e78cec93f_5
2024-12-20T08:00:00+00:00,1734681600,"Tutus et justaucorps, l’histoire entre dans la danse","De la Préhistoire au 21e siècle, l’histoire de la danse s'écrit en mouvements et en soubresauts dans des contextes politiques, sociaux et économiques différents. Comment raconter l'histoire de la danse sur le temps long, au rythme des avancées de la recherche ?",https://www.franceculture.fr/franceculture/podcasts/le-cours-de-l-histoire/tutus-et-justaucorps-l-histoire-entre-dans-la-danse-5534355,,,,46dee70c-16ea-4ed8-b586-7a2661029522_5
2024-12-23T08:00:00+00:00,1734940800,"Les Assassins d'Alamût, histoire de violence dans l'Iran médiéval","L’ordre des Assassins, fondé en 1090 dans l’Iran des Seldjoukides, rassemble des chiites nizârites et fomente des assassinats politiques. De cette histoire sont nées des légendes qui dressent le tableau de pratiques sanguinaires et en écartent la complexité philosophique et religieuse.",https://www.franceculture.fr/franceculture/podcasts/le-cours-de-l-histoire/les-assassins-d-alamut-histoire-de-violence-dans-l-iran-medieval-5862839,,,,04d6c577-ef5f-4207-a8c5-772eadb13d7f_5
2024-12-24T08:00:00+00:00,1735027200,Garde tes distances ! L'épidémie de Covid au regard de l'histoire,"Quarantaine, cordon sanitaire, discours antivax, l'épidémie de covid n'a pas inventé la protection sanitaire. Du masque à bec au vinaigre des quatre voleurs, les sociétés ont fait preuve d'inventivité pour se protéger du mal contagieux. Comment la protection contre les épidémies a-t-elle évolué ?",https://www.franceculture.fr/franceculture/podcasts/le-cours-de-l-histoire/garde-tes-distances-l-epidemie-de-covid-au-regard-de-l-histoire-9899877,,,,76cdf294-ae48-4ae0-98bd-3c6beffcd797_5
2024-12-26T08:00:00+00:00,1735200000,"Le bruit court et la rumeur enfle, histoires de fausses nouvelles","Bruits, rumeurs, mensonges, les fausses nouvelles existent depuis le début de l’information. Des journalistes aux écrivains, les acteurs de la fausse information sont multiples au sein du système médiatique. Comment identifier une fausse nouvelle quand elle ne porte pas son nom ?",https://www.franceculture.fr/franceculture/podcasts/le-cours-de-l-histoire/le-bruit-court-et-la-rumeur-enfle-histoires-de-fausses-nouvelles-4538238,,,,9431d745-618a-4071-8d9f-519b9f365f8d_5
2024-12-27T08:00:00+00:00,1735286400,Prêcher dans le désert ? Aux origines de l’alerte environnementale,"Dans la France des Trente Glorieuses, les préoccupations environnementales ne font pas le poids face aux enjeux économiques. La priorité, c'est la croissance. Pourtant, çà et là, quelques ""lanceurs"" et ""lanceuses"" d’alerte s’expriment et contribuent à une première prise de conscience écologique.",https://www.franceculture.fr/franceculture/podcasts/le-cours-de-l-histoire/precher-dans-le-desert-aux-origines-de-l-alerte-environnementale-3833651,,,,7a99db52-597f-4153-83b8-884d2382b46f_5
2024-12-30T08:00:00+00:00,1735545600,"LE COURS DE L'HISTOIRE, émission du lundi 30 décembre 2024", ,,,,,4ed7ad8b-ffb2-4a88-8acf-9f9051c2efd0_5
2024-12-31T08:00:00+00:00,1735632000,"LE COURS DE L'HISTOIRE, émission du mardi 31 décembre 2024", ,,,,,4760cbba-bc83-42c7-bbf3-0237cc57f618_5
2025-01-01T08:00:00+00:00,1735718400,"LE COURS DE L'HISTOIRE, émission du mercredi 01 janvier 2025", ,,,,,9d51e4b0-20f8-41af-8a2a-f47fae189d1b_5
2025-01-02T08:00:00+00:00,1735804800,"LE COURS DE L'HISTOIRE, émission du jeudi 02 janvier 2025", ,,,,,a2079bd8-3aeb-48e7-8ea1-b26bee39b782_5
2025-01-03T08:00:00+00:00,1735891200,"LE COURS DE L'HISTOIRE, émission du vendredi 03 janvier 2025", ,,,,,73f11431-2357-428c-bb1a-4c0ac03a6104_5
2025-01-06T08:00:00+00:00,1736150400,"Le blasphème selon les religions, retour aux textes !","De la Bible hébraïque à la Bible chrétienne en passant par le Coran, que disent les textes sacrés des trois religions monothéistes sur le blasphème ? Quelles sont les origines de la définition et de la condamnation du blasphème selon le judaïsme, le christianisme et l’islam ? ",https://www.franceculture.fr/franceculture/podcasts/le-cours-de-l-histoire/le-blaspheme-selon-les-religions-retour-aux-textes-4545331,,,,86f887b8-9a06-4c40-8962-5c19c898c6ad_5
2025-01-07T08:00:00+00:00,1736236800,"Ventredieu ! Au Moyen Âge, le blasphème file droit","Si dès l’Antiquité le blasphème est un interdit religieux inscrit dans les textes, il n’est pas pour autant criminalisé. C’est à partir du 12e siècle que le blasphème entre dans le droit laïc et le droit canon grâce à un travail de théorisation juridique et théologique.",https://www.franceculture.fr/franceculture/podcasts/le-cours-de-l-histoire/ventredieu-au-moyen-age-le-blaspheme-entre-dans-le-droit-4272646,,,,51702f54-fa8b-4f6b-9487-23de91c79327_5
2025-01-08T08:00:00+00:00,1736323200,"Impies au siècle des Lumières, les philosophes face au sacrilège","Au 18ᵉ siècle, le blasphème est une insulte envers Dieu tout autant qu’une attaque contre le souverain. La justice royale, chargée de punir les blasphémateurs, se heurte aux réflexions des philosophes qui combattent la répression du blasphème au nom de la liberté d'expression.",https://www.franceculture.fr/franceculture/podcasts/le-cours-de-l-histoire/impies-au-siecle-des-lumieres-les-philosophes-face-au-sacrilege-9703473,,,,30fbf98b-5c9c-4586-8c5b-0864f9270028_5
2025-01-09T08:00:00+00:00,1736409600,"République et liberté, du blasphème au droit d’outrage","Avec la Troisième République s’ouvre une nouvelle ère pour le blasphème. La législation républicaine, très libérale, supprime définitivement le délit de blasphème avec la loi de 1881 sur la liberté de la presse. Dans le même temps, les prémices de la laïcité s'élaborent avec la loi de 1905.",https://www.franceculture.fr/franceculture/podcasts/le-cours-de-l-histoire/republique-et-liberte-du-blaspheme-au-droit-d-outrage-1062400,,,,1f5311f3-af66-4948-9e62-2edfd419325e_5
2025-01-10T08:00:00+00:00,1736496000,"Tardi, auteur de bande dessinée : ""Je m'intéresse au pauvre type qui est tout en bas et qui subit.""","Des rues de Paris des années 1950 à l’horreur des tranchées de 14-18, en passant par les conditions de détention des prisonniers français durant la Seconde Guerre mondiale, l’auteur et dessinateur Tardi croque l’histoire en noir et blanc.",https://www.franceculture.fr/franceculture/podcasts/le-cours-de-l-histoire/tardi-auteur-de-bande-dessinee-et-fou-d-histoire-7975433,,,,b278ac9d-2e79-47cd-93e3-006e8a38d9c0_5
2025-01-13T08:00:00+00:00,1736755200,"Après les camps, accueillir les déportés","En 1945, des milliers de déportés et de prisonniers de guerre quittent les camps et reviennent chez eux. Du trajet de retour à une lente réinsertion sociale, leur parcours pour reconstruire une vie libre fut âpre, et éclipsé par la liesse vécue par le reste de la population française.",https://www.franceculture.fr/franceculture/podcasts/le-cours-de-l-histoire/apres-les-camps-accueillir-les-deportes-7987241,,,,64547144-d397-4f64-817b-5b6bdae7e753_5
2025-01-14T08:00:00+00:00,1736841600,"Relancer l'économie, gros plan (Marshall) sur la reconstruction","En 1945, l'économie française est en ruine. Les infrastructures sont fortement endommagées, l'inflation flambe et les pénuries perdurent. Par quels moyens l’État cherche-t-il alors à relancer l’économie ?",https://www.franceculture.fr/franceculture/podcasts/le-cours-de-l-histoire/relancer-l-economie-gros-plan-marshall-sur-la-reconstruction-1327909,,,,0a7a7de5-5fae-4cfa-a045-a1e512ee84ba_5
2025-01-15T08:00:00+00:00,1736928000,"De ruines en baraquements, rebâtir les villes bombardées","Alors que s’achève la Seconde Guerre mondiale, la France toute entière est meurtrie. Les bombardements allemands et alliés ont ravagé bien des villes, points stratégiques où s’entassent les sinistrés. À l'heure de la reconstruction, comment transformer ces ruines et entamer la modernisation ?",https://www.franceculture.fr/franceculture/podcasts/le-cours-de-l-histoire/de-ruines-en-baraquements-rebatir-les-villes-bombardees-8433725,,,,3501e3e8-70a9-42db-93f7-175f9e223aeb_5
2025-01-16T08:00:00+00:00,1737014400,"À la Libération, les arts en ébullition","Après 1945, la France commence à se reconstruire et à Paris, la vie culturelle et artistique retrouve son effervescence. Du pianiste américain Duke Ellington au peintre allemand Hans Hartung, la capitale accueille de nombreux artistes étrangers qui insufflent un nouvel élan à la création. 
",https://www.franceculture.fr/franceculture/podcasts/le-cours-de-l-histoire/a-la-liberation-les-arts-en-ebullition-7649026,,,,203924c4-d948-44a4-90f4-bd1ab4b92f53_5
2025-01-17T08:00:00+00:00,1737100800,"Opéra Garnier, lumière sur les fantômes du Palais ","Le 5 janvier 1875 était inauguré le Palais Garnier, imposant chef-d'œuvre au cœur de Paris. ""Le Cours de l’histoire"" revient sur l’histoire de ce bâtiment et de la monumentale institution d’art lyrique en France qu’est l’Opéra de Paris, à travers les personnes qui l'ont fait vivre en coulisses.",https://www.franceculture.fr/franceculture/podcasts/le-cours-de-l-histoire/opera-garnier-lumiere-sur-les-fantomes-du-palais-1015305,,,,8e944da7-5dbd-4403-85c4-8e2466d173b8_5
2025-01-20T08:00:00+00:00,1737360000,"Tisser du lin, une histoire cousue de fil blanc","La culture et la transformation du lin permettent, grâce à des savoir-faire complexes, de passer d’une jolie fleur bleue à des tissus blancs, solides et élégants. Quels sont les usages du lin ? Comment cette étoffe végétale a-t-elle traversé les cultures, du Moyen Âge à l’époque moderne ?",https://www.franceculture.fr/franceculture/podcasts/le-cours-de-l-histoire/tisser-du-lin-une-histoire-cousue-de-fil-blanc-7997902,,,,a129c2a0-53ad-4962-883d-eb866124e214_5
2025-01-21T08:00:00+00:00,1737446400,"Indiennes et toile de Jouy, l’histoire file un bon coton","Prisées par les élites, les ""indiennes"", toiles de coton colorées importées des Indes, sont pourtant longtemps prohibées par le roi. C’est à partir du 18ᵉ siècle que les manufactures françaises investissent le marché de l’imprimé, qui s'étend des motifs végétaux aux scènes de la vie pastorale.",https://www.franceculture.fr/franceculture/podcasts/le-cours-de-l-histoire/indiennes-et-toile-de-jouy-l-histoire-file-un-bon-coton-3221987,,,,b07e11b6-cbf6-475f-aded-ec8fc715c37f_5
2025-01-22T08:00:00+00:00,1737532800,"Quand l'industrie ose la viscose, la soie artificielle rayonne","Au 19ᵉ siècle, la soie naturelle est une industrie de luxe destinée à la bourgeoisie. Pour répondre à une consommation qui s'élargit, Hilaire de Chardonnet invente la soie artificielle. Au cours du 20ᵉ siècle, les usines françaises se multiplient pour produire ce textile à plus bas prix.",https://www.franceculture.fr/franceculture/podcasts/le-cours-de-l-histoire/quand-l-industrie-ose-la-viscose-la-soie-artificielle-rayonne-4674585,,,,4b366316-2002-4dbb-935b-01b4087eebf5_5
2025-01-23T08:00:00+00:00,1737619200,"C’est le wax qu’on préfère, du tissu colonial à l’emblème panafricain","Tissu inspiré du batik javanais, de production coloniale néerlandaise, massivement consommé sur le continent africain, le wax tisse des liens entre l’Asie, l’Europe et l’Afrique. Au vu de son hybridité fondamentale, peut-on dire qu’il s’agit d’un textile africain ?",https://www.franceculture.fr/franceculture/podcasts/le-cours-de-l-histoire/c-est-le-wax-qu-on-prefere-du-tissu-colonial-a-l-embleme-panafricain-4250491,,,,1383d297-2503-4827-99cb-75cc621cd52c_5
2025-01-24T08:00:00+00:00,1737705600,"Boîtes de nonnes, histoires de cellules en miniature","Aux 18ᵉ et 19ᵉ siècles, des religieuses fabriquent de petites boîtes vitrées à travers lesquelles elles se mettent en scène dans leur cellule monastique. Quelles histoires retracent ces intrigantes maquettes, aussi connues sous les noms de ""boîtes de nonnes"", de ""cellule"" ou de ""beatiho"" ? ",https://www.franceculture.fr/franceculture/podcasts/le-cours-de-l-histoire/boites-de-nonne-histoires-de-cellules-en-miniature-4653374,,,,ab246a2a-499b-407a-b754-1665dd2cee80_5
2025-01-27T08:00:00+00:00,1737964800,"Du camp de mise à mort au mémorial, des images pour montrer l’horreur nazie","En 1945, des cinéastes américains et officiels soviétiques filment la libération des camps. En témoignant de l’horreur du système de mise à mort nazi, ces images servent de preuves judiciaires lors du procès de Nuremberg. Comment montrer l’indicible après la destruction ? ",https://www.franceculture.fr/franceculture/podcasts/le-cours-de-l-histoire/du-camp-de-mise-a-mort-au-memorial-des-images-pour-montrer-l-horreur-nazie-4621229,,,,af567d02-6cb9-4e05-8c01-725b407ed7aa_5
2025-01-28T08:00:00+00:00,1738051200,"Être juif et prisonnier de guerre, une captivité particulière","En 1940, près de 15 000 soldats juifs sont faits prisonniers de guerre par l’armée allemande. Transférés vers des camps aux côtés des autres soldats, ils échappent à la politique d’extermination nazie. Comment expliquer ces trajectoires et cette mémoire singulières ?",https://www.franceculture.fr/franceculture/podcasts/le-cours-de-l-histoire/etre-juif-et-prisonnier-de-guerre-une-captivite-particuliere-6393250,,,,f22079f0-42d5-40f7-968f-b1e0fe5ffc50_5
2025-01-29T08:00:00+00:00,1738137600,"Contrainte ou résistance, la musique dans les camps","Les camps de la mort ne sont pas silencieux. La musique, qu’elle soit pratiquée sous la contrainte ou non, y est au contraire très présente. Chansons et mélodies rythment les sévices, les tortures et les exactions que subissent les victimes du régime nazi.",https://www.franceculture.fr/franceculture/podcasts/le-cours-de-l-histoire/contrainte-ou-resistance-la-musique-dans-les-camps-4162420,,,,dca4b011-52cc-4042-b4a5-30ddfdff84e6_5
2025-01-30T08:00:00+00:00,1738224000,"Natzweiler-Struthof, archéologie d’un camp","En 1941, le camp de concentration de Natzweiler-Struthof est créé dans les Vosges, en Alsace annexée. À l’intérieur, les déportés participent à la production industrielle de granit rose, pour la construction des monuments nazis. Comment faire de l’archéologie sur un camp de concentration ? ",https://www.franceculture.fr/franceculture/podcasts/le-cours-de-l-histoire/natzweiler-struthof-archeologie-d-un-camp-1365090,,,,8eaacaae-37a4-4a9c-90de-1da7b6b94e3e_5
2025-01-31T08:00:00+00:00,1738310400,"Guillaume Erner, des Matins au soir, fou d’histoire","Guillaume Erner met en dialogue l’histoire de l’antisémitisme, de l’Antiquité au 7 octobre 2023, avec sa mémoire familiale.",https://www.franceculture.fr/franceculture/podcasts/le-cours-de-l-histoire/guillaume-erner-des-matins-au-soir-fou-d-histoire-6617772,,,,c7bffb52-e9f2-431c-b648-b8e07ac3f537_5
2025-02-03T08:00:00+00:00,1738569600,Hallucinante Antiquité ! Quand la Pythie vient en planant ,"Dans les mondes antiques gréco-romains, certaines sources textuelles recensent des psychotropes. Quels étaient les usages des boissons alcoolisées et des plantes aux pouvoirs hallucinogènes ?
",https://www.franceculture.fr/franceculture/podcasts/le-cours-de-l-histoire/hallucinante-antiquite-quand-la-pythie-vient-en-planant-8901788,,,,e2c27345-6700-43aa-a51b-5967150f4cea_5
2025-02-04T08:00:00+00:00,1738656000,"Guerres de l’opium, pavot pas pris","Aux 19ᵉ et 20ᵉ siècles, l'image d'une Chine écrasée par l'opium reste à nuancer. Quel rôle le Royaume-Uni a-t-il joué dans la diffusion de cette drogue de l'Inde vers la Chine ? Quelle place l'opium prend-il dans la sociabilité de la population chinoise ?",https://www.franceculture.fr/franceculture/podcasts/le-cours-de-l-histoire/guerres-de-l-opium-pavot-pas-pris-4602977,,,,a1cdedbc-0a0f-4776-9b45-fa44448adb91_5
2025-02-05T08:00:00+00:00,1738742400,"Des Haschischins aux surréalistes, les artistes sous emprise","Au 19ᵉ et 20ᵉ siècles, de nombreux artistes consomment de la drogue pour soulager leurs souffrances psychiques ou pour trouver une nouvelle inspiration. De Charles Baudelaire à Antonin Artaud, comment la drogue influence-t-elle la création artistique ? ",https://www.franceculture.fr/franceculture/podcasts/le-cours-de-l-histoire/des-haschischins-aux-surrealistes-les-artistes-sous-emprise-5612164,,,,9220566d-7952-467c-8d4b-2e63b15683d1_5
2025-02-06T08:00:00+00:00,1738828800,"La guerre à la drogue, du médicament au poison","Alors que le 19ᵉ siècle voit la diffusion des drogues favorisée par les empires coloniaux et les progrès de la chimie, le 20ᵉ siècle est celui de leur régulation. C'est aussi le temps de l'exploration scientifique autour des psychédéliques.",https://www.franceculture.fr/franceculture/podcasts/le-cours-de-l-histoire/la-guerre-a-la-drogue-une-histoire-de-sante-publique-4663511,,,,82f676fb-965e-4bca-9829-e35402165cbf_5
2025-02-07T08:00:00+00:00,1738915200,"Timothy Snyder, historien : ""La liberté est ce qui rend l'histoire intéressante""","Dans ""De la liberté"" (Gallimard, 2024), l'historien états-unien Timothy Snyder, spécialiste de l’Europe centrale et de la Shoah, analyse le rapport des États-Unis à l'idée de liberté. Dans ""Le Cours de l'histoire"", il revient sur sa construction intellectuelle et les jalons de sa pensée.",https://www.franceculture.fr/franceculture/podcasts/le-cours-de-l-histoire/penser-la-liberte-deambulation-historique-avec-timothy-snyder-7951190,,,,9d622f31-e275-49df-98a0-06122b291a12_5
2025-02-10T08:00:00+00:00,1739174400,"Pécho, c’est pécher ? Aux origines du célibat des prêtres ","À partir du 11ᵉ siècle, les prêtres mariés sont considérés comme des hérétiques par l’Église. Pour séparer davantage le clergé du monde laïc, la papauté impose le célibat à tous les prêtres. Toute activité sexuelle et vie conjugale est à présent proscrite. 

",https://www.franceculture.fr/franceculture/podcasts/le-cours-de-l-histoire/pecho-c-est-pecher-aux-origines-du-celibat-des-pretres-8211099,,,,95dab324-4a37-45d1-b52c-3275fd669d3c_5
2025-02-11T08:00:00+00:00,1739260800,"Nobles et érudits, pour un célibat choisi !","Être célibataire ne signifie pas nécessairement être seul. Alors que le célibat est un statut respectable et parfois recherché pendant le Grand Siècle, il se charge au 18ᵉ siècle d’un imaginaire négatif, dont nous sommes aujourd’hui les héritiers et héritières.",https://www.franceculture.fr/franceculture/podcasts/le-cours-de-l-histoire/nobles-et-erudits-pour-un-celibat-choisi-2228623,,,,d2c5d869-cfaa-4d22-832b-6d5d76a4b1bb_5
2025-02-12T08:00:00+00:00,1739347200,"Adopte un poilu, les années folles du célibat","Après la saignée de la Grande Guerre, le célibat et le marché de la rencontre se transforment dans l’entre-deux-guerres, entre peur du célibat féminin de masse, programme nataliste pour repeupler la France, émergence de la figure de la garçonne et hégémonie persistante du modèle matrimonial. ",https://www.franceculture.fr/franceculture/podcasts/le-cours-de-l-histoire/adopte-un-poilu-les-annees-folles-du-celibat-2825511,,,,6c984845-b320-4a48-af34-5e64652f5e3e_5
2025-02-13T08:00:00+00:00,1739433600,"""JH cherche ami masculin"", histoire des petites annonces gays et lesbiennes","Dans les années 1970, les communautés gays et lesbiennes sont encore considérées comme des célibataires du point de vue de l’état civil. Dans une société qui les isole, le célibat est souvent vécu comme une souffrance. Comment se rencontrer dans un paysage hostile aux relations gays et lesbiennes ?
",https://www.franceculture.fr/franceculture/podcasts/le-cours-de-l-histoire/jh-cherche-ami-masculin-histoire-des-petites-annonces-gays-et-lesbiennes-7077096,,,,89a569da-ffb9-4988-9fd9-df2f4e788b3a_5
2025-02-14T08:00:00+00:00,1739520000,"Patrick Chamoiseau, conteur et fou d'histoire","Il y a des gens qui parlent pour ne rien dire, ou qui écrivent avec le même résultat. Et puis il y a des aventures littéraires qui nous conduisent dans la profondeur du temps, des langues et des langages. Patrick Chamoiseau est conteur et fou d'histoire, entre l'universel et la Martinique. ",https://www.franceculture.fr/franceculture/podcasts/le-cours-de-l-histoire/patrick-chamoiseau-ecrivain-2847154,,,,30ff21d6-8550-4d95-94a1-9cb1ddc0332d_5
2025-02-17T08:00:00+00:00,1739779200,"Graines d’empires, quand les États se bâtissent sur le blé","Et si l’étude du blé, sa production et son contrôle, permettait de relire l’histoire du monde ? Depuis le 17e siècle, entre enjeux politiques, militaires, environnementaux, économiques, géopolitiques, et coloniaux, le blé est un élément clé de la construction des États et des empires.",https://www.franceculture.fr/franceculture/podcasts/le-cours-de-l-histoire/graines-d-empires-quand-les-etats-se-batissent-sur-le-ble-1308367,,,,9c7a9efb-350b-4737-89c4-59208cb1c711_5
2025-02-18T08:00:00+00:00,1739865600,"En quête de productivité, Napoléon III veille au grain ! ","En août 1866, le Second Empire lance une grande enquête agricole. Son objectif est double : étudier les pratiques et révéler les besoins des campagnes françaises, d'une part, et affirmer le pouvoir de contrôle de l’Empereur, de l'autre. ",https://www.franceculture.fr/franceculture/podcasts/le-cours-de-l-histoire/en-quete-de-productivite-napoleon-iii-veille-au-grain-3867041,,,,a42fda63-5e1e-4ee2-841f-7cfa3520e0dd_5
2025-02-19T08:00:00+00:00,1739952000,"Aux origines de la politique agricole commune, PAC manne ?","Dans l’immédiat après-guerre, le gouvernement français cherche à relancer la production agricole pour nourrir le pays. En 1957, le traité de Rome fixe les objectifs de la politique agricole commune (PAC). Comment l’agriculture française a-t-elle progressivement intégré l’économie européenne ? ",https://www.franceculture.fr/franceculture/podcasts/le-cours-de-l-histoire/aux-origines-de-la-politique-agricole-commune-pac-manne-8288256,,,,a5852cae-59cf-4aee-a79b-ab49bae6061f_5
2025-02-20T08:00:00+00:00,1740038400,"Remembrement, histoire d'une politique au taille-haie","Des années 1950 aux années 1980, le remembrement recompose radicalement le paysage agricole français pour agglomérer des parcelles et les agrandir, au profit d'une logique d'efficacité et de rentabilité. Le mode de vie des paysans en a été profondément bouleversé.",https://www.franceculture.fr/franceculture/podcasts/le-cours-de-l-histoire/remembrement-histoire-d-une-politique-au-taille-haie-9100320,,,,c3bc5879-417f-48ae-9f7a-c9e203094b61_5
2025-02-21T08:00:00+00:00,1740124800,"Balzac et Rodin, splendeurs et misères d'une robe de chambre","Recherche autour d'un corps occulté car jugé trop gros, ""Étude de robe de chambre pour Balzac"" est une œuvre méconnue d'Auguste Rodin. À mi-chemin entre la mode et la sculpture, une exploration des représentations des corps idéalisés, statufiés, et réels se dévoile entre des plis de tissu. ",https://www.franceculture.fr/franceculture/podcasts/le-cours-de-l-histoire/balzac-et-rodin-splendeurs-et-miseres-d-une-robe-de-chambre-9543272,,,,fcc92a42-432a-45db-9d35-ad96d17844ab_5
2025-02-24T08:00:00+00:00,1740384000,"Débat sur l’agora, les malheurs des sophistes","Au 5ᵉ siècle avant notre ère, les sophistes enseignent l’art de la rhétorique pour instruire la jeunesse athénienne. Le discours devient une force pour tout citoyen qui souhaite briller à l’assemblée. De l’argumentation à la captation des émotions, l’art de la parole est un savoir qui se vend.",https://www.franceculture.fr/franceculture/podcasts/le-cours-de-l-histoire/debat-sur-l-agora-les-malheurs-des-sophistes-4880255,,,,f6d0d342-0696-41a7-a802-2b9d7fd7b016_5
2025-02-25T08:00:00+00:00,1740470400,"Par la parole et par la foi, Savonarole enflamme Florence","Le nom de Jérôme Savonarole est généralement associé à la théocratie qu’il instaure à Florence entre 1494 et 1498, aux bûchers des vanités, et à sa mort brutale. Cette ""légende noire"" empêche de comprendre de quelle manière il a convaincu la population florentine, par la parole et par la foi.",https://www.franceculture.fr/franceculture/podcasts/le-cours-de-l-histoire/par-la-parole-et-par-la-foi-savonarole-enflamme-florence-5132715,,,,059a6f0a-4425-41ec-92f8-660bd77b77ce_5
2025-02-26T08:00:00+00:00,1740556800,"Parler à en perdre la tête, l'éloquence révolutionnaire","La décennie révolutionnaire est marquée par la défense d'une éloquence au service des débats sur la démocratie naissante en France. Celles et ceux qui se revendiquent de cette éloquence révolutionnaire, marquée par les références à l'Antiquité, doivent être portés par des sentiments sincères.",https://www.franceculture.fr/franceculture/podcasts/le-cours-de-l-histoire/parler-a-en-perdre-la-tete-l-eloquence-revolutionnaire-4016770,,,,8e42a3aa-9f66-49f8-b3c8-5d044c37b079_5
2025-02-27T08:00:00+00:00,1740643200,"Mussolini, Hitler, rhétorique fasciste et discours fâcheux","Dans le régime fasciste italien et le nazisme, le discours est une arme au service de l’idéologie et de la propagande. De la gestuelle aux répétitions de slogans, Benito Mussolini et Adolf Hitler usent de diverses techniques pour convaincre les foules.",https://www.franceculture.fr/franceculture/podcasts/le-cours-de-l-histoire/mussolini-hitler-rhetorique-fasciste-et-discours-facheux-5898071,,,,34d9d5b7-8b98-4cac-89e8-c77a15680e94_5
2025-02-28T08:00:00+00:00,1740729600,Aimer l’histoire et en faire son métier,"Celles et ceux qui aiment l’histoire envisagent parfois de consacrer leurs études aux récits du passé, voire de faire de leur passion une profession. Vers quelles formations en histoire se tourner, et à quelle diversité de métiers ces études permettent-elles d’accéder ?",https://www.franceculture.fr/franceculture/podcasts/le-cours-de-l-histoire/aimer-l-histoire-et-en-faire-son-metier-2560138,,,,f76b3da9-dba8-47d6-8ab0-e1c24f99988d_5
2025-03-03T08:00:00+00:00,1740988800,"1798. France vs États-Unis, quasi-guerre et vraies tensions","Entre 1798 et 1800, des bateaux de la France du Directoire et des jeunes États-Unis s'affrontent en mer. Pourtant, les deux pays ne sont pas en guerre. Comment, dans cette ""quasi-guerre"", les États-Unis négocient-ils leur positionnement en matière de défense dans le concert des nations européennes ?",https://www.franceculture.fr/franceculture/podcasts/le-cours-de-l-histoire/1798-france-vs-etats-unis-quasi-guerre-et-vraies-tensions-6908660,,,,ed038291-57cb-42c4-abcb-4cd350d66884_5
2025-03-04T08:00:00+00:00,1741075200,"Les États-Unis, l’Europe et la Grande Guerre, sauve-moi si tu peux !","Alors que les combats sévissent en Europe depuis l’été 1914, l'opinion publique américaine oscille : les États-Unis doivent-ils s'engager, ou non, dans le conflit ? Au nom de quoi, en avril 1917, les États-Unis déclarent-ils la guerre à l'Allemagne et ses alliés ?",https://www.franceculture.fr/franceculture/podcasts/le-cours-de-l-histoire/les-etats-unis-l-europe-et-la-grande-guerre-sauve-moi-si-tu-peux-6672217,,,,b3c5f27c-49ae-4b35-92b4-a381d9dd0915_5
2025-03-05T08:00:00+00:00,1741161600,"""America First"" ? Se battre ou pas pour la liberté… déjà en 1941 !","Au déclenchement de la Seconde Guerre mondiale, les États-Unis maintiennent leur position de neutralité. Des discours de Franklin D. Roosevelt aux pressions isolationnistes, les débats autour de l'intervention divisent le pays jusqu’à l'attaque de Pearl Harbor, le 7 décembre 1941.",https://www.franceculture.fr/franceculture/podcasts/le-cours-de-l-histoire/america-first-ou-se-battre-pour-la-liberte-deja-en-1941-9461233,,,,e75ab6dc-4e29-45fd-ad06-9ce084c8f8db_5
2025-03-06T08:00:00+00:00,1741248000,"Europe, États-Unis, c'est l'OTAN des copains ?","L’OTAN naît en 1949 dans le prolongement du second conflit mondial et se trouve bientôt au cœur des rapports de force de la guerre froide. Noyau dur de la sécurité du bloc de l’Ouest, l’Alliance atlantique rassemble mais suscite aussi des oppositions en Europe.",https://www.franceculture.fr/franceculture/podcasts/le-cours-de-l-histoire/europe-etats-unis-c-est-l-otan-des-copains-5879746,,,,fc51a8d0-6226-49e6-a18a-23522d067d61_5
2025-03-07T08:00:00+00:00,1741334400,"Emmanuel Suarez, scénariste : ""L'histoire nous libère de la tyrannie de l'actualité""","Du fleuve Congo aux mines de charbon du Pays de Galles en passant par l’ancienne Poméranie, Emmanuel Suarez voyage sur les cartes et dans l’histoire contemporaine.",https://www.franceculture.fr/franceculture/podcasts/le-cours-de-l-histoire/emmanuel-suarez-auteur-et-fou-d-histoire-2919187,,,,f2238a33-d4b3-42f7-989d-0aa750f407c0_5
2025-03-10T08:00:00+00:00,1741593600,"Brigands de grand chemin, ça dépouille dans le monde romain !","Dans l’Empire romain, les routes sont parsemées de brigands, prêts à bondir sur les voyageurs pour prendre leurs richesses. Du ravissement à la rançon, l'objectif principal est de faire du butin. En marge de la cité romaine, les brigands sont sévèrement punis par le pouvoir impérial.",https://www.franceculture.fr/franceculture/podcasts/le-cours-de-l-histoire/brigands-de-grand-chemin-ca-depouille-dans-le-monde-romain-3473839,,,,4439e211-71be-46d2-97f7-cd86825d8c21_5
2025-03-11T08:00:00+00:00,1741680000,"Robin des Bois, sur les traces d’un brigand au grand cœur","Si un Robin des Bois historique n’a jamais arpenté la forêt de Sherwood, le bandit au grand cœur n’est pas qu’une légende. De l’Angleterre médiévale à la France contemporaine, en passant par les États-Unis, ses réappropriations littéraires, théâtrales et cinématographiques sont bien réelles.",https://www.franceculture.fr/franceculture/podcasts/le-cours-de-l-histoire/robin-des-bois-sur-les-traces-d-un-brigand-au-grand-coeur-2157540,,,,52bc20ad-2be6-42d5-a6f5-e190dcc41a87_5
2025-03-12T08:00:00+00:00,1741766400,"""La bourse ou la vie"", bandes et contrebande organisée","Au 18ᵉ siècle, parmi les brigands de renom, Cartouche ou Mandrin sont des noms auxquels est vite associée une véritable légende. Comment la littérature et la presse des Lumières font-elles des brigands des figures de fascination et de répulsion ? Que vient changer la Révolution au brigandage ?",https://www.franceculture.fr/franceculture/podcasts/le-cours-de-l-histoire/la-bourse-ou-la-vie-bandes-et-contrebande-organisee-2106377,,,,cce28b78-1030-4d60-873a-b0d1e50af12c_5
2025-03-13T08:00:00+00:00,1741852800,"Grand brigandage, les revers de l'unification italienne","En 1861, des brigands du Mezzogiorno se révoltent dans l’Italie tout juste unifiée. Opposés au nouveau régime libéral italien, ils forment des bandes armées organisées autour de chefs charismatiques. Parmi eux, Carmine Crocco, surnommé le ""Napoléon des brigands"".",https://www.franceculture.fr/franceculture/podcasts/le-cours-de-l-histoire/grand-brigandage-les-revers-de-l-unification-italienne-8840295,,,,8cd90d55-4187-4497-b68a-659066781c41_5
2025-03-14T08:00:00+00:00,1741939200,"Catherine Clément, philosophe et écrivaine : ""Je préfère faire de l'histoire par le roman""","Dans ""Païenne"", l’écrivaine et philosophe Catherine Clément incarne à travers le personnage d’une pythie, le basculement du paganisme vers le monothéisme chrétien dans l’Antiquité tardive.",https://www.franceculture.fr/franceculture/podcasts/le-cours-de-l-histoire/catherine-clement-philosophe-ecrivaine-et-folle-d-histoire-2531149,,,,38e3a2ce-63ee-407c-a3bf-672908fa9b52_5
2025-03-17T08:00:00+00:00,1742198400,"Quand un viking fonde la Normandie, Rollon à fond la caisse","Le traité de Saint-Clair-sur-Epte est conclu par le roi Charles le Simple et Rollon en 911. Considéré comme l’acte de naissance de la Normandie, il s’inscrit en réalité dans une longue histoire de contacts et d’affrontements. Comment les vikings scandinaves se sont-ils intégrés dans le monde franc ?",https://www.franceculture.fr/franceculture/podcasts/le-cours-de-l-histoire/quand-un-viking-fonde-la-normandie-rollon-a-fond-la-caisse-7705347,,,,8fa4a301-332e-439e-ab10-69645ae070bc_5
2025-03-18T08:00:00+00:00,1742284800,Quand commence Caen ? Histoire d’une ville comme un very goût de tripes,"Rouen ou Caen ? Au milieu du 11ᵉ siècle, alors que les précédents ducs de Normandie préfèrent gouverner depuis la vallée de la Seine, Guillaume, futur conquérant de l’Angleterre, porte son choix sur Caen, dont il juge la position centrale particulièrement propice à l’exercice du pouvoir.
",https://www.franceculture.fr/franceculture/podcasts/le-cours-de-l-histoire/quand-commence-caen-histoire-d-une-ville-comme-un-very-gout-de-tripes-2324883,,,,7eb6c2bc-3bac-4258-a223-8847d95d8c7c_5
2025-03-19T08:00:00+00:00,1742371200,"1639, révolte des Nu-pieds. Antifiscal, tu perds tes souliers","16 juillet 1639. Les Nu-pieds se révoltent contre l’instauration de la gabelle, impôt sur le sel, à Avranches en Normandie. De la prise des armes aux poèmes séditieux, les insurgés normands se mobilisent pour défendre leur territoire face aux empiétements du pouvoir royal.",https://www.franceculture.fr/franceculture/podcasts/le-cours-de-l-histoire/1639-revolte-des-nu-pieds-antifiscal-tu-perds-tes-souliers-7240129,,,,3cf6a432-9213-44f1-8975-bc503be2cd89_5
2025-03-20T08:00:00+00:00,1742457600,Pas d'émission ce jour,"En raison d’un appel à la grève de la CGT Radio France déposé pour combattre l’austérité budgétaire subie par l’audiovisuel public et la culture, nous ne sommes pas en mesure de diffuser l’intégralité de nos programmes habituels. Nous vous prions de nous en excuser.",https://www.franceculture.fr/franceculture/podcasts/le-cours-de-l-histoire/pas-d-emission-ce-jour-4596521,,,,c568ff7e-dc2f-4c08-95a1-458f26c103cf_5
2025-03-21T08:00:00+00:00,1742544000,"1834. Massacre de la rue Transnonain, une répression impitoyable","""Massacre"", ""bavure"", ""boucherie""… La mort de douze habitants d’un immeuble de la rue Transnonain, à Paris en 1834, sous les balles des soldats du 35ᵉ régiment d’infanterie a été maintes fois citée, mais peu étudiée. Une historienne et un romancier s’emparent aujourd’hui de cette affaire.",https://www.franceculture.fr/franceculture/podcasts/le-cours-de-l-histoire/1834-massacre-de-la-rue-transnonain-une-repression-impitoyable-1385732,,,,591746a5-f360-443f-9c04-d71c741ea1bb_5
2025-03-24T08:00:00+00:00,1742803200,"Frontière Pologne-Russie, histoire d’une ligne sous haute tension","En 1795, la Prusse, l’Autriche et la Russie se partagent la Pologne, totalement rayée de la carte de l'Europe. La disparition des frontières polonaises n’empêche pas l'essor d'un sentiment national en exil. Il faut attendre l’année 1918 pour voir renaître la Pologne, devenue un État indépendant. ",https://www.franceculture.fr/franceculture/podcasts/le-cours-de-l-histoire/frontiere-pologne-russie-histoire-d-une-ligne-sous-haute-tension-9524856,,,,a38572e5-4cf5-4a35-b472-d15d54cf62f4_5
2025-03-25T08:00:00+00:00,1742889600,"Front d'hier, l'Empire russe à l'assaut des plaines ukrainiennes","De l’Hetmanat cosaque du milieu du 17ᵉ siècle au premier État ukrainien indépendant (1917-1922), ou de la proclamation de l’Empire russe en 1721 à sa chute en 1917, l’histoire des frontières russo-ukrainiennes est faite de conflits, de partages et de construction des identités nationales.",https://www.franceculture.fr/franceculture/podcasts/le-cours-de-l-histoire/front-d-hier-l-empire-russe-a-l-assaut-des-plaines-ukrainiennes-5671294,,,,d1228223-5c44-4ad1-9efd-7069be07fd3d_5
2025-03-26T08:00:00+00:00,1742976000,"La Russie dans le Caucase, histoire d’une mosaïque de frontières","Région frontalière de la Russie, le Caucase est progressivement absorbé, d’abord dans sa partie nord par l’Empire russe, puis dans sa partie sud par l’URSS. Comment les frontières russes dans le Caucase se sont-elles recomposées aux 19ᵉ et 20ᵉ siècles en une zone d’expansion impériale ?",https://www.franceculture.fr/franceculture/podcasts/le-cours-de-l-histoire/la-russie-dans-le-caucase-histoire-d-une-mosaique-de-frontieres-3207538,,,,535d9465-f146-471a-80ce-a752f0a018a2_5
2025-03-27T08:00:00+00:00,1743062400,"Entre Finlande et Russie, des siècles de tensions frontalières","Du grand-duché de Finlande, créé en 1809 par le tsar Alexandre Ier, à l’État indépendant en 1917, les frontières finlandaises sont en mouvement constant. Il faut attendre la fin de la guerre froide pour que la Finlande s’émancipe de la tutelle russe. 
",https://www.franceculture.fr/franceculture/podcasts/le-cours-de-l-histoire/entre-finlande-et-russie-des-siecles-de-tensions-frontalieres-9225156,,,,a8b2f172-c045-4b69-97c5-cddcb636eaf6_5
2025-03-28T08:00:00+00:00,1743148800,"Jacques Weber, comédien : ""La tradition, ce n'est pas l'immobilité""","Dans ""L’Injuste"", Jacques Weber interprète François Genoud, un banquier suisse nazi, qui a édité les écrits d’Adolf Hitler et Joseph Goebbels. Pour le comédien, c’est l’occasion de réfléchir aux relations qu’il entretient avec l’histoire.",https://www.franceculture.fr/franceculture/podcasts/le-cours-de-l-histoire/jacques-weber-comedien-et-fou-d-histoire-5905128,,,,26789e0b-0e45-4b11-917f-91274682ea86_5
2025-03-31T07:00:00+00:00,1743404400,"Troubadouresses et ménestrelles, musiciennes au Moyen Âge","La musique au Moyen Âge rythme et accompagne bien des événements, autant dans le monde profane que dans le monde religieux. Compositrices, interprètes, instrumentistes, chanteuses, les femmes ne sont pas en reste et participent à ces moments musicaux.",https://www.franceculture.fr/franceculture/podcasts/le-cours-de-l-histoire/troubadouresses-et-menestrelles-musiciennes-au-moyen-age-7914656,,,,7b9434f2-7436-43d3-b1ac-62e4aaa88582_5
2025-04-01T07:00:00+00:00,1743490800,Pas d'émission ce jour,"En raison d’un appel à la grève déposé par les syndicats CFDT, CGT, FO, SNJ, SUD et UNSA de Radio France contre le projet de holding de l’Audiovisuel Public, nous ne sommes pas en mesure de diffuser l’intégralité de nos programmes habituels. Nous vous prions de nous en excuser.",,,,,73fdf4cc-81c3-43f2-83a6-8749cedb2ddb_5
2025-04-02T07:00:00+00:00,1743577200,"De la monarchie à la République, quand la musique est souveraine","Du 17ᵉ au 20ᵉ siècle, le pouvoir en France entretient un lien puissant avec la musique. De Louis XIV à Georges Pompidou, les souverains interviennent sur les institutions musicales, choisissent leur musicien officiel et encouragent les créations pour faire résonner leur pouvoir.",https://www.franceculture.fr/franceculture/podcasts/le-cours-de-l-histoire/de-la-monarchie-a-la-republique-quand-la-musique-est-souveraine-6623442,,,,e16267b0-42ce-4cc1-89f5-710cc391e667_5
2025-04-03T07:00:00+00:00,1743663600,"Musiques anciennes, et je recrée le son !","Au 19ᵉ siècle, érudits, interprètes, compositeurs et compositrices redécouvrent les musiques du passé, du Moyen Âge au 18ᵉ siècle, qui sont bientôt nommées ""musiques anciennes"". En quoi l’étude et l’interprétation de ces répertoires permettent-elles de recréer le son des musiques du passé ?",https://www.franceculture.fr/franceculture/podcasts/le-cours-de-l-histoire/musiques-anciennes-et-je-recree-le-son-5967778,,,,400aa8c0-cbe1-4289-b9f3-34564a3ab7ed_5
2025-04-04T07:00:00+00:00,1743750000,Toute l’histoire est-elle dans la nature ?,"L’éditeur La Découverte propose, dans une série de trois volumes, de parcourir l’histoire environnementale de la France de 1789 à nos jours, afin d’enrichir l’histoire nationale sous le prisme de la nature. ",https://www.franceculture.fr/franceculture/podcasts/le-cours-de-l-histoire/toute-l-histoire-est-elle-dans-la-nature-2343190,,,,15ee01f1-c688-4da9-abc4-9db760e18e56_5
2025-04-07T07:00:00+00:00,1744009200,"Grandioses premières expositions universelles, viens faire un tour au pavillon ! ","Au 19ᵉ siècle, les expositions universelles sont les vitrines des arts et de l’industrie. Du Crystal Palace à Londres au Palais du Champ-de-Mars à Paris, les exposants donnent à voir leurs objets à un large public. Peintures, machines et textiles deviennent le laboratoire du monde entier.",https://www.franceculture.fr/franceculture/podcasts/le-cours-de-l-histoire/grandioses-premieres-expositions-universelles-viens-faire-un-tour-au-pavillon-4222170,,,,0c12aaae-aedb-4a09-800f-09bb154db0ab_5
2025-04-08T07:00:00+00:00,1744095600,"Universelles ou coloniales, des expositions pour exhiber les empires","Si les expositions universelles proposent des sections coloniales depuis les années 1850, il faut attendre la fin du 19ᵉ siècle, puis l’entre-deux-guerres, pour que les expositions spécifiquement coloniales apparaissent. Elles contribuent à construire l’imaginaire impérial des pays européens.
",https://www.franceculture.fr/franceculture/podcasts/le-cours-de-l-histoire/universelles-ou-coloniales-des-expositions-pour-exhiber-les-empires-4088418,,,,42180654-8baf-4474-a09f-5b0183a1e1a1_5
2025-04-09T07:00:00+00:00,1744182000,"Ascenseur pour l’innovation, la foire des expositions universelles","Les expositions universelles du 19ᵉ et 20ᵉ siècle célèbrent l’industrie et la technique de manière toujours plus spectaculaire. Lieu par excellence de l'innovation, ces expositions sont aussi des foires qui valorisent la production de masse à bas coût.",https://www.franceculture.fr/franceculture/podcasts/le-cours-de-l-histoire/ascenseur-pour-l-innovation-la-foire-des-expositions-universelles-1559187,,,,e9be0974-82eb-4623-8167-b53de09b776d_5
2025-04-10T07:00:00+00:00,1744268400,Pas d'émission ce jour,"En raison d’un appel à la grève déposé par les syndicats CFDT, CGT, FO, SNJ, SUD et UNSA de Radio France contre le projet de holding de l’Audiovisuel Public, nous ne sommes pas en mesure de diffuser l’intégralité de nos programmes habituels. Nous vous prions de nous en excuser.",,,,,49eea7a5-895e-4ee1-8eae-2e7dd2b40e69_5
2025-04-14T07:00:00+00:00,1744614000,"Villages médiévaux, une histoire en communs","Le village occidental serait une invention du Moyen Âge, mais qu’en est-il vraiment ? Comment les communautés villageoises et paysannes médiévales s’organisent-elles ? Le seigneur est-il le seul dépositaire du pouvoir au village ? 
",https://www.franceculture.fr/franceculture/podcasts/le-cours-de-l-histoire/villages-medievaux-une-histoire-en-communs-3585612,,,,3e85b96d-fa52-47c9-9da8-dffb5596d311_5
2025-04-15T07:00:00+00:00,1744700400,"Un coq dans son village, portrait d’un laboureur au Grand Siècle","Qui était Nicolas Delacour ? Laboureur à Maffliers, dans l’actuel département du Val-d’Oise, ce personnage connaît, dans la première moitié du 17ᵉ siècle, une ascension sociale fulgurante. Portrait d’un fin politique, ambitieux et impitoyable, dans la société rurale d’Ancien Régime.",https://www.franceculture.fr/franceculture/podcasts/le-cours-de-l-histoire/un-coq-dans-son-village-portrait-d-un-laboureur-au-grand-siecle-8902212,,,,4e45b3cc-af03-477b-af56-a9e447d6cdc9_5
2025-04-16T07:00:00+00:00,1744786800,"Au temps des notables, le maire au centre du village","La Révolution française uniformise le modèle municipal autour de la figure du maire. Au 19ᵉ siècle, ils participent au développement et à l’essor de leur commune. De la justice locale à l’édification d’écoles, le maire incarne le pouvoir central au sein du village. ",https://www.franceculture.fr/franceculture/podcasts/le-cours-de-l-histoire/le-temps-des-notables-le-maire-au-centre-du-village-4001361,"Au temps des notables, le maire au centre du village",https://proxycast.radiofrance.fr/f1ef3e7a-b6f4-4b6e-8acf-d2b455e91da6/10076-01.03.2026-ITEMA_24424359-2025C36128S0106-NET_MFC_C0411443-D5C6-4022-B6D5-D83603F81EB6-21-c28308570aa0b73fee6456511238a3ed.mp3?project=c9985698-c0ee-4af3-b0ed-f1a8c7c2d4cd,https://embed.radiofrance.fr/franceculture/player?id_diffusion=4fd0f5ab-b3b7-429e-9a23-269b32bf535a,4fd0f5ab-b3b7-429e-9a23-269b32bf535a_5
2025-04-17T07:00:00+00:00,1744873200,"De la Commune au communalisme, histoire d'un projet politique","Terme forgé en référence à la Commune de Paris de 1871, le ""communalisme"" défend la démocratie directe et l’autogestion politique et sociale. Cette forme d’organisation s’inscrit en filiation avec des expériences communales et révolutionnaires et est revendiquée par des initiatives contemporaines.",https://www.franceculture.fr/franceculture/podcasts/le-cours-de-l-histoire/de-la-commune-au-communalisme-histoire-d-un-projet-politique-5479317,,,,1fe95100-c0e3-42c2-97b2-5911bfd1c5cc_5
2025-04-18T07:00:00+00:00,1744959600,"Dan Franck, écrivain et scénariste : ""On a besoin de l'histoire pour comprendre l'actualité""","Du romantisme à l’art moderne, de la mémoire de la guerre d’Espagne à la Résistance, du roman-feuilleton à la série, la vie et l’œuvre de Dan Franck sont remplies d’histoire, de politique et d’engagement.",https://www.franceculture.fr/franceculture/podcasts/le-cours-de-l-histoire/dan-franck-ecrivain-scenariste-et-fou-d-histoire-5412610,,,,eb615e70-1d13-4e6e-a0ee-c07fdc1798a4_5
2025-04-21T07:00:00+00:00,1745218800,"Le pape pour parrain, histoires de conversions en famille","Dans la Rome du 16ᵉ siècle, le prosélytisme de l'Église catholique s'intensifie afin de renforcer sa prééminence. La trajectoire d'une famille de banquiers juifs illustre les stratégies mises en place pour inciter à la conversion et met en lumière les coûts et bénéfices du changement de religion.",https://www.franceculture.fr/franceculture/podcasts/le-cours-de-l-histoire/le-pape-pour-parrain-histoires-de-conversions-en-famille-1875264,,,,5ea61932-8125-480c-a0c9-0b4985b85fbe_5
2025-04-22T07:00:00+00:00,1745305200,"Familles parallèles, les écarts d’une dynastie royale","Les Bourbons ne sont ni les premiers ni les derniers souverains à fréquenter des maîtresses ou engendrer des bâtards. En revanche, d’Henri IV à Louis XVI, ces amantes et enfants illégitimes constituent, par glissements successifs, une famille parallèle à l’influence et aux pouvoirs accrus.",https://www.franceculture.fr/franceculture/podcasts/le-cours-de-l-histoire/familles-paralleles-les-ecarts-d-une-dynastie-royale-9992269,,,,ec7ee513-f0f8-4800-826e-3622dbe3d24a_5
2025-04-23T07:00:00+00:00,1745391600,"Les Payan et les Jullien, deux familles dans la Révolution","Les Payan et les Jullien sont deux familles drômoises prises dans la tourmente de la Révolution française. Comment un événement politique d’une telle magnitude traverse-t-il une famille ? À quelles dissensions, divisions, solidarités et entraides donne-t-il lieu ?",https://www.franceculture.fr/franceculture/podcasts/le-cours-de-l-histoire/les-payan-et-les-jullien-deux-familles-dans-la-revolution-1156585,,,,3059409d-a196-43b0-80b7-f20b984fa077_5
2025-04-24T07:00:00+00:00,1745478000,"Histoire d’une famille ordinaire, enquête généalogique","L’historienne Emma Rothschild suit le destin d’une famille ""ordinaire"" sur plus d’un siècle. De 1764 aux années 1900, la famille de Marie Aymard accompagne les soubresauts économiques et politiques du temps. D’Angoulême à Tahiti, la famille forme un tissu de relations sociales à travers le monde.",https://www.franceculture.fr/franceculture/podcasts/le-cours-de-l-histoire/histoire-d-une-famille-ordinaire-enquete-genealogique-1984598,,,,36e5e047-134c-4b3c-ba45-4caa811195af_5
2025-04-25T07:00:00+00:00,1745564400,"Gaëlle Bourges : ""Il n'y a que l'art qui peut me consoler des tragédies de l'histoire""",,,,,,5d468ce0-6062-4db9-9f91-09c102cc50c9_5
2025-04-28T07:00:00+00:00,1745823600,"Empire khmer, il était Angkor une fois","Entre le 9ᵉ et le 13ᵉ siècle, les rois khmers imposent leur pouvoir sur un espace bien plus large que le Cambodge actuel. Des temples-montagnes aux canaux fluviaux, les souverains khmers font progressivement du site d’Angkor le centre de leur pouvoir et le symbole sur terre de la cité céleste.",https://www.franceculture.fr/franceculture/podcasts/le-cours-de-l-histoire/empire-khmer-il-etait-angkor-une-fois-4890563,,,,6360c5ed-591d-467d-aac1-a8c6c38f5da0_5
2025-04-29T07:00:00+00:00,1745910000,"Du protectorat à l'Indochine française, le Cambodge colonisé","Protectorat vietnamien au début du 19ᵉ siècle, puis quasiment autonome avant de passer sous domination française en 1863, le Cambodge acquiert définitivement son indépendance en 1953. Durant plus d’un siècle, comment la population cambodgienne vit-elle l’ingérence étrangère et la colonisation ?",https://www.franceculture.fr/franceculture/podcasts/le-cours-de-l-histoire/du-protectorat-a-l-indochine-francaise-le-cambodge-colonise-6246101,,,,483524b4-5367-4aa9-993b-478d82dfb19f_5
2025-04-30T07:00:00+00:00,1745996400,"Khmers rouges, de l'idéologie aux centres de mise à mort","Le 17 avril 1975, au Cambodge, les membres du Parti communiste du Kampuchéa, dits ""Khmers rouges"", instaurent le Kampuchéa démocratique. Ils mettent en œuvre une politique autoritaire d’une extrême violence. Entre 1975 et 1979, près d’un Cambodgien sur quatre meurt des violences génocidaires.",https://www.franceculture.fr/franceculture/podcasts/le-cours-de-l-histoire/khmers-rouges-de-l-ideologie-aux-centres-de-mise-a-mort-7761139,,,,2eb92933-7dcf-40ae-8fdf-24a66deeebf3_5
2025-05-01T07:00:00+00:00,1746082800,"De bronze et d'or, l'art khmer dans tous ses États","À partir de 1860, l’art khmer fascine les voyageurs et fonctionnaires occidentaux. Des sculptures aux bas-reliefs des temples, la France s’érige en principale figure de restauration des œuvres. À l’encontre du discours colonial, l’art khmer n’a pourtant jamais été oublié des populations locales. ",https://www.franceculture.fr/franceculture/podcasts/le-cours-de-l-histoire/de-bronze-et-d-or-l-art-khmer-dans-tous-ses-etats-2057189,,,,a6a1609e-2072-43cf-84ba-194e539d54ff_5
2025-05-02T07:00:00+00:00,1746169200,"Histoire et numérique, les images du passé au défi du présent","Dans un contexte de démocratisation de l'accès aux outils de l’intelligence artificielle et aux archives en ligne, deux chercheurs s'interrogent sur le destin des photographies historiques numérisées et notre rapport aux images du passé.",https://www.franceculture.fr/franceculture/podcasts/le-cours-de-l-histoire/histoire-et-numerique-les-images-du-passe-au-defi-du-present-7907085,,,,b5477c15-390f-4213-bf3a-5bc9c63d6c01_5
2025-05-05T07:00:00+00:00,1746428400,"Louis XIV, quand la diplomatie française donne des coups de Soleil","Au 17ᵉ siècle, les traités de Westphalie annoncent la paix et favorisent un nouvel ordre international. Dès 1667, Louis XIV fait le choix de la guerre. Le souverain utilise une diplomatie de la force et de l’ombre, au service de la puissance française.",https://www.franceculture.fr/franceculture/podcasts/le-cours-de-l-histoire/la-diplomatie-au-grand-siecle-dans-l-ombre-du-roi-soleil-5892130,,,,fc9ed04a-5548-43fe-8ff2-cf0cb25eed7d_5
2025-05-06T07:00:00+00:00,1746514800,"Paix, gloire et bottés, les diplomates de Napoléon","Pour Napoléon Bonaparte, les guerres ne sont pas qu’une affaire de batailles. Du Directoire à l’Empire, il considère, au contraire, son action militaire conjointement à sa diplomatie. Pour ce faire, de qui l’Empereur s'entoure-t-il ? Et de quelle autonomie ses diplomates jouissent-ils ?",https://www.franceculture.fr/franceculture/podcasts/le-cours-de-l-histoire/paix-gloire-et-bottes-les-diplomates-de-napoleon-6862600,,,,21d2612a-a2e9-49e7-989c-792c4890e821_5
2025-05-07T07:00:00+00:00,1746601200,"François Mitterrand, une idée impérialiste de la diplomatie","De ses premiers voyages à ses visites officielles, François Mitterrand conçoit les relations avec le continent africain d'une manière impérialiste. Dans un ouvrage collectif, des historiennes et historiens soulèvent les ambivalences de François Mitterrand sur la question coloniale.",https://www.franceculture.fr/franceculture/podcasts/le-cours-de-l-histoire/francois-mitterrand-une-idee-imperialiste-de-la-diplomatie-9682540,,,,81634c0e-ce76-4253-a938-5c01312cad3f_5
2025-05-08T07:00:00+00:00,1746687600,"Par les arts et par les fouilles, la diplomatie culturelle à la française","Dès la fin du 19ᵉ siècle, la France construit une politique de valorisation de sa culture à travers le monde. Cette politique fait des émules parmi les pays étrangers. Qu’est-ce qu’une nation influente ? Et pourquoi est-il si important pour la France d’en être une ?",https://www.franceculture.fr/franceculture/podcasts/le-cours-de-l-histoire/par-les-arts-et-par-les-fouilles-la-diplomatie-culturelle-a-la-francaise-1610538,,,,8033d7b0-cc99-4dbc-bad3-58b6d35aead1_5
2025-05-09T07:00:00+00:00,1746774000,"L'harmonica de verre, une histoire en sons et Lumières","Dans la deuxième moitié du 18ᵉ siècle, l'Europe découvre un étrange instrument : l’harmonica de verre. Contrairement à l’inventeur de cette ""machine musicale"", le diplomate et physicien Benjamin Franklin, son interprète, Mary Ann Davies, n’est pas retenue par l’histoire de la musique.",https://www.franceculture.fr/franceculture/podcasts/le-cours-de-l-histoire/l-harmonica-de-verre-une-histoire-en-sons-et-lumieres-3031927,,,,3eb95c7c-6167-481b-bfdc-c3a75ad079bf_5
2025-05-12T07:00:00+00:00,1747033200,"De Rousseau à Marat, la célébrité en Lumières","Au 18ᵉ siècle, l’essor de la célébrité est lié au développement d’un espace public. Voltaire, Rousseau, et Marie-Antoinette deviennent des figures publiques connues jusque dans le détail de leur vie privée. Portraits, bustes, et tasses à leur effigie deviennent des objets de consommation populaire. ",https://www.franceculture.fr/franceculture/podcasts/le-cours-de-l-histoire/de-rousseau-a-marat-la-celebrite-en-lumieres-2592374,,,,1d77860e-2984-4705-90e7-5c5ee3768644_5
2025-05-13T07:00:00+00:00,1747119600,"Sur scène comme à la ville, le théâtre de la célébrité au 18ᵉ siècle","Au 18ᵉ siècle, le monde du spectacle oppose les théâtres de foire et les établissements publics dotés de privilèges royaux. Quand les théâtres privés s'installent sur les boulevards au mitan du siècle, la popularité croissante de leurs comédiens et comédiennes met à mal cette partition. ",https://www.franceculture.fr/franceculture/podcasts/le-cours-de-l-histoire/sur-scene-comme-a-la-ville-le-theatre-de-la-celebrite-au-18-siecle-3694169,,,,c0d7949b-fb63-470a-a6fd-746d79bb2e9c_5
2025-05-14T07:00:00+00:00,1747206000,"Grands Boulevards et grand tirage, quand la presse fabrique la célébrité","Sarah Bernhardt, François-Joseph Talma, Rachel, Mademoiselle George, Marie Taglioni… Comment le vedettariat prend-il son essor au 19ᵉ siècle, en particulier dans le monde du théâtre, et plus largement dans le monde du spectacle ? Quel rôle pour la presse dans la construction des vedettes ? ",https://www.franceculture.fr/franceculture/podcasts/le-cours-de-l-histoire/grands-boulevards-et-grand-tirage-quand-la-presse-fabrique-la-celebrite-5677418,,,,7e7a80e2-b9b1-4c4f-b37d-b91fd4d55584_5
2025-05-15T07:00:00+00:00,1747292400,"Du muet au parlant, les folles années des vedettes de cinéma","Dans l’entre-deux-guerres, l’industrie du cinéma français a besoin de vedettes pour relancer sa production. Quels sont les mécanismes qui permettent la fabrication des vedettes du grand écran ? 
",https://www.franceculture.fr/franceculture/podcasts/le-cours-de-l-histoire/du-muet-au-parlant-les-folles-annees-des-vedettes-de-cinema-9832973,,,,8c50adc7-3a3c-440e-b288-3f5f31d0ae5e_5
2025-05-16T07:00:00+00:00,1747378800,"Zone, bidonvilles, banlieues, une histoire loin des lieux communs","Pavillonnaires ou parsemées de grands ensembles, les banlieues sont des territoires pluriels, souvent victimes de préjugés et de mépris. Elles ont pourtant été à l’avant-garde de politiques d’aménagement révolutionnaires, autant que le creuset d’une riche avant-garde culturelle et artistique.",https://www.franceculture.fr/franceculture/podcasts/le-cours-de-l-histoire/zone-bidonvilles-banlieues-une-histoire-loin-des-lieux-communs-1950464,,,,67bcc635-5b13-488f-9ba6-bde1d138cb08_5
2025-05-19T07:00:00+00:00,1747638000,"Le roi, un sceptre qui hante la droite","La Révolution française est un séisme qui transforme la société en profondeur, notamment dans son organisation politique. La droite est-elle née en 1789 ? Quel héritage de l’imaginaire contre-révolutionnaire se trouve dans la constitution des différents mouvements de droite au 19ᵉ siècle ? ",https://www.franceculture.fr/franceculture/podcasts/le-cours-de-l-histoire/le-roi-un-sceptre-qui-hante-la-droite-9250047,,,,df54654e-d9ed-4b29-a7a2-15913348038b_5
2025-05-20T07:00:00+00:00,1747724400,"Le boulangisme, une droite pas trop cuite s'il vous plaît ","En 1888, le boulangisme fait vaciller la Troisième République. À la tête de ce grand mouvement de contestation, Georges Boulanger, souvent surnommé ""Général Revanche"", critique les institutions et la constitution du régime. Un an plus tard, le mouvement n’est pourtant presque qu’un souvenir.",https://www.franceculture.fr/franceculture/podcasts/le-cours-de-l-histoire/le-boulangisme-une-droite-pas-trop-cuite-s-il-vous-plait-9449755,,,,6d340653-b4e0-44f2-8861-18d264c550d6_5
2025-05-21T07:00:00+00:00,1747810800,"Le gaullisme, une certaine idée de la droite","Le gaullisme désigne à la fois la pensée et l'action du général de Gaulle. Incarnation d'une ""certaine idée de la France"", il n’a eu de cesse d'adapter sa ligne politique au gré des circonstances. À partir des années 1970, le gaullisme devient un héritage disputé au sein de la droite française.",https://www.franceculture.fr/franceculture/podcasts/le-cours-de-l-histoire/le-gaullisme-une-certaine-idee-de-la-droite-3706145,,,,49436e28-cf07-459b-935e-28569cd1532d_5
2025-05-22T07:00:00+00:00,1747897200,"Droites des années 1980, jusqu'au bout du libéralisme","Comment les mouvements conservateurs français et britanniques se recomposent-ils dans les années 1980 ? En quoi les enjeux économiques, et notamment le néolibéralisme, deviennent-ils centraux dans leur idéologie ? De Thatcher à Reagan en passant par Chirac, plongée dans la droite des années 1980.",https://www.franceculture.fr/franceculture/podcasts/le-cours-de-l-histoire/droites-des-annees-1980-le-temps-du-neoliberalisme-5355920,,,,0a08c1ac-4d4c-4402-abd2-8ccad4c3c073_5
2025-05-23T07:00:00+00:00,1747983600,"Sainte Thérèse, Lisieux rivé sur une dévotion","Née en Normandie en 1873, Thérèse Martin est plus connue sous le nom de sainte Thérèse de Lisieux. Comment la petite carmélite normande est-elle devenue une sainte à la renommée exceptionnelle, proclamée docteure de l'Église, et objet d’une dévotion particulièrement fervente ?",https://www.franceculture.fr/franceculture/podcasts/le-cours-de-l-histoire/sainte-therese-lisieux-rive-sur-une-devotion-1280729,,,,6cf54fc3-9d03-478c-b22b-e7ab765cb658_5
2025-05-26T07:00:00+00:00,1748242800,"Guillaume Blanc, l’histoire grandeur nature","Les HLM du 14ᵉ arrondissement parisien, l’enseignement en milieu universitaire, la violence des sociétés sur la nature… En ego-histoire, le parcours personnel de l’historien se mêle bien souvent à ses travaux. Partons sur les pas de Guillaume Blanc, historien de la nature.",https://www.franceculture.fr/franceculture/podcasts/le-cours-de-l-histoire/guillaume-blanc-l-histoire-grandeur-nature-5804802,,,,5c9956f1-5bfe-4188-8759-d2fbd66ab1b9_5
2025-05-27T07:00:00+00:00,1748329200,"Christophe Charle, généalogie naturelle et sociale d'un historien","L’ego-histoire est aujourd’hui un exercice familier des historiennes et historiens. Dans “Racines, rameaux, feuilles”, Christophe Charle propose un regard réflexif sur cette pratique et enquête sur sa famille, de la fin du 17ᵉ siècle jusqu’à nos jours.",https://www.franceculture.fr/franceculture/podcasts/le-cours-de-l-histoire/christophe-charle-genealogie-naturelle-et-sociale-d-un-historien-9449794,,,,61e60096-df05-4449-8879-4e3a0109f373_5
2025-05-28T07:00:00+00:00,1748415600,"Malika Rahal, l’histoire à portée de voix","Malika Rahal, historienne spécialiste de l’histoire du temps présent de l’Algérie, revient sur ses origines, son enfance, sa famille et son apprentissage du métier d’historienne. Faire le récit d’autres histoires que la sienne permet-il de raconter un morceau de sa propre histoire ?",https://www.franceculture.fr/franceculture/podcasts/le-cours-de-l-histoire/malika-rahal-l-histoire-a-portee-de-voix-5500732,,,,2a643db5-b705-49c0-b0df-af21c3e915be_5
2025-05-30T03:00:00+00:00,1748574000,"Fou d'histoire 50/86 : Benoît Gallot, l’histoire six pieds sous terre",,,,,,d3489c73-5363-4802-afac-91fb2662c241_5
2025-06-02T07:00:00+00:00,1748847600,Maléfique ! De la sorcellerie utile au crime hérétique,"À partir des 14ᵉ et 15ᵉ siècles, la sorcellerie est considérée comme une hérésie par l’Église. L’Inquisition pourchasse les sorciers et les sorcières, qu'elle suspecte de pactiser avec le diable. De l’imaginaire du sabbat à la chasse aux sorcières, comment la sorcellerie est-elle devenue un crime ?",https://www.franceculture.fr/franceculture/podcasts/le-cours-de-l-histoire/malefiques-de-la-sorcellerie-utile-au-crime-heretique-5712195,,,,ab21bd4a-09d5-462d-9375-79f4b7472618_5
2025-06-03T07:00:00+00:00,1748934000,"Possédées au couvent, procès de sorcières mal-aimées","Aix-en-Provence, Loudun, Louviers, Auxonne : au 17ᵉ siècle, plusieurs affaires de possessions sèment la terreur dans les couvents. Toutefois, les explications proposées par les médecins et les juristes occultent régulièrement les agressions sexuelles et les viols subis par les religieuses.",https://www.franceculture.fr/franceculture/podcasts/le-cours-de-l-histoire/possedees-au-couvent-proces-de-sorcieres-mal-aimees-4281173,,,,e9907955-e301-401e-8e5c-122c5cb222b8_5
2025-06-04T07:00:00+00:00,1749020400,Sortilège ! Quand Jules Michelet métamorphose la sorcière,"En 1862 paraît ""La Sorcière"" de Jules Michelet. L’historien y propose une vision renouvelée de la sorcellerie, entre enquête historique et fiction, qui associe la sorcière à la nature et au désir féminin. Comment Michelet jette-t-il les bases du mythe contemporain de la sorcière ?",https://www.franceculture.fr/franceculture/podcasts/le-cours-de-l-histoire/sortilege-quand-jules-michelet-metamorphose-la-sorciere-7516793,,,,6da07832-367d-4656-9350-6fc1dc576667_5
2025-06-05T07:00:00+00:00,1749106800,"Sorcière, l’invention d’une icône féministe","À partir des années 1970, la figure de la sorcière devient un archétype de la résistance pour les collectifs féministes. Des États-Unis à la France, la sorcière est assimilée à une femme puissante en lutte contre le patriarcat.",https://www.franceculture.fr/franceculture/podcasts/le-cours-de-l-histoire/sorciere-l-invention-d-une-icone-feministe-3835045,"Sorcière, l’invention d’une icône féministe",https://proxycast.radiofrance.fr/f47ec1ff-9918-481c-9257-5c162b0217f3/10076-08.02.2026-ITEMA_24392345-2025C36128S0156-NET_MFC_443DCDD2-05C3-4047-9CE7-0F95B31C6770-21-e4084b8ba33ae94d1503bd7e3473d39e.mp3?project=c9985698-c0ee-4af3-b0ed-f1a8c7c2d4cd,https://embed.radiofrance.fr/franceculture/player?id_diffusion=f75b0c36-841f-4226-ad99-a389e9fbda9d,f75b0c36-841f-4226-ad99-a389e9fbda9d_5
2025-06-06T07:00:00+00:00,1749193200,"L’autre Versailles, un palais de la République et un lieu de mémoire","En 1875, les lois constitutionnelles instituent la Troisième République, jusqu'alors régime provisoire. Le château de Versailles met aujourd'hui en lumière son héritage républicain : de la salle du Jeu de Paume à la salle des Congrès, traversée de ces lieux de la mémoire nationale et républicaine.",https://www.franceculture.fr/franceculture/podcasts/le-cours-de-l-histoire/l-autre-versailles-un-palais-de-la-republique-et-un-lieu-de-memoire-3796097,,,,080c35b0-6fc7-4747-837c-87a8975e91c3_5
2025-06-09T07:00:00+00:00,1749452400,Montesquieu. De l'esprit de la géopolitique,"Comment Montesquieu envisage-t-il les rapports entre États et quelles règles leur donne-t-il ? Dans quelle mesure le philosophe des Lumières peut-il être qualifié de précurseur de la géopolitique ? Comment pense-t-il la géopolitique de son temps, mais aussi du passé ?",https://www.franceculture.fr/franceculture/podcasts/le-cours-de-l-histoire/montesquieu-de-l-esprit-de-la-geopolitique-6038985,,,,a1fe212a-e317-47a3-8527-f4c687657475_5
2025-06-10T07:00:00+00:00,1749538800,"De la Geopolitik à la géopolitique, circulations d'une discipline","La géopolitique est-elle une invention nazie ? Convaincus, dès les années 1930, que la discipline est responsable des succès militaires de l'Allemagne de Hitler, les États-Unis redéfinissent ses contours et réécrivent son histoire afin d’utiliser ses acquis sans, pensent-ils, se salir les mains.",https://www.franceculture.fr/franceculture/podcasts/le-cours-de-l-histoire/de-la-geopolitik-a-la-geopolitique-circulations-d-une-discipline-9571595,,,,8a3ade3a-fbcc-4b14-8e01-e0f3db066ea6_5
2025-06-11T07:00:00+00:00,1749625200,"1989, la géopolitique au pied du mur","L’année 1989 marque un basculement dans la géopolitique mondiale. Le système international, caractérisé par la bipolarité et la stabilité durant la guerre froide, est bouleversé par l’effondrement de l’Union soviétique. De la Chine à l’Allemagne, comment penser l’année 1989 en géopolitique ?",https://www.franceculture.fr/franceculture/podcasts/le-cours-de-l-histoire/1989-la-geopolitique-au-pied-du-mur-3669202,,,,ba2c8fc4-e903-4c69-9b73-eb8544a367ee_5
2025-06-12T07:00:00+00:00,1749711600,"En orbite, la géopolitique un peu plus près des étoiles","Comment, dans le contexte de la guerre froide, les rapports géopolitiques entre États se sont-ils progressivement étendus à l’espace ? Comment la puissance terrestre se traduit-elle dans l’espace ? Inversement, en quoi la puissance spatiale permet-elle d’avoir des avantages géopolitiques sur terre ?",https://www.franceculture.fr/franceculture/podcasts/le-cours-de-l-histoire/en-orbite-la-geopolitique-un-peu-plus-pres-des-etoiles-2967518,,,,24e6ed8d-72de-42a9-9ea2-7a27708518d7_5
2025-06-13T07:00:00+00:00,1749798000,"Sous les mers, l’histoire à la pêche","Des côtes normandes de Dieppe sous l'Ancien Régime aux récifs coralliens de l'Algérie coloniale, qu'est-ce que le travail de la pêche et de ses acteurs, des matelots aux administrateurs, nous apprennent de l'histoire environnementale de la mer ?",https://www.franceculture.fr/franceculture/podcasts/le-cours-de-l-histoire/sous-les-mers-l-histoire-a-la-peche-2477953,,,,8e401184-9d34-437d-9321-f643c5207618_5
2025-06-16T07:00:00+00:00,1750057200,"Émilie du Châtelet, la science à la vitesse des Lumières","Au 18ᵉ siècle, la vulgarisation scientifique n’existe pas. Le monde scientifique cherche surtout à transmettre le savoir à un public mondain. Parmi les savants des Lumières, la mathématicienne et physicienne Émilie du Châtelet fait figure d’exception dans un milieu encore largement fermé aux femmes.",https://www.franceculture.fr/franceculture/podcasts/le-cours-de-l-histoire/emilie-du-chatelet-la-science-a-la-vitesse-des-lumieres-2270440,,,,9c246228-c3ae-4d8b-9587-489dcb47aef4_5
2025-06-17T07:00:00+00:00,1750143600,"À l'école d'Augustine Fouillée, ""Le Tour de la France par deux enfants""","Entre sa parution en 1877 et 1887, ""Le Tour de la France par deux enfants"" de G. Bruno – pseudonyme d’Augustine Fouillée – est vendu à plus de trois millions d’exemplaires. Le livre, savante synthèse de récit et de savoir académique, construit le mythe durable d’une France rurale et sans conflits.",https://www.franceculture.fr/franceculture/podcasts/le-cours-de-l-histoire/a-l-ecole-d-augustine-fouillee-le-tour-de-la-france-par-deux-enfants-6251755,,,,c4e38e1e-26b1-4cb7-b49e-29144ebefb8d_5
2025-06-18T07:00:00+00:00,1750230000,"Camille Flammarion, pour une astronomie populaire","Né en 1842 et mort en 1925, Camille Flammarion est un vulgarisateur scientifique exceptionnel, passionné de savoir et en particulier d’astronomie. Comment est-il devenu un passeur de sciences majeur ?",https://www.franceculture.fr/franceculture/podcasts/le-cours-de-l-histoire/camille-flammarion-pour-une-astronomie-populaire-8245548,,,,b662c777-dad6-4eff-97ba-b156f713e084_5
2025-06-19T07:00:00+00:00,1750316400,"Quand Alain Decaux explore le temps, un passeur d'histoire","Alain Decaux est une figure centrale de la transmission de l’histoire. Radio, télévision, livres, théâtre… le journaliste use de divers ressorts pour divertir et enrichir la connaissance historique des Françaises et Français. Pendant plusieurs décennies, il est l’instituteur clé d’une génération.",https://www.franceculture.fr/franceculture/podcasts/le-cours-de-l-histoire/quand-alain-decaux-explore-le-temps-un-passeur-d-histoire-5990619,,,,81e01d04-426c-4844-b27d-da38a112d2a7_5
2025-06-20T07:00:00+00:00,1750402800,"Archéologie, histoire, arts, quatre expositions de l'été","Des artefacts de l'âge du Bronze à l'histoire de Léopoldine Hugo, en passant par les tableaux de Duplessis, plusieurs musées français proposent une plongée estivale dans les trésors de leurs réserves. ",https://www.franceculture.fr/franceculture/podcasts/le-cours-de-l-histoire/archeologie-histoire-arts-quatre-expositions-de-l-ete-8249560,,,,a8d3853c-9feb-4413-b391-7962bb273f31_5
2025-06-23T07:00:00+00:00,1750662000,"Art et dermatologie, quand les maladies de peau s’exposent","Le Musée des moulages, niché dans l'hôpital Saint-Louis à Paris, abrite une importante collection de moulages et d'aquarelles de maladies de peau. Son histoire remonte au 19e siècle, quand la dermatologie prend son essor. Qu'est-ce qui a poussé des médecins à exposer les maladies dermatologiques ?",https://www.franceculture.fr/franceculture/podcasts/le-cours-de-l-histoire/art-et-dermatologie-quand-les-maladies-de-peau-s-exposent-1809739,,,,9cc85631-5d2e-4aba-9050-69b96e8f8f2d_5
2025-06-24T07:00:00+00:00,1750748400,"Les Écorcheurs de la guerre de Cent Ans, une histoire à vif","En 1435, la paix d’Arras met un terme au conflit qui oppose les Bourguignons aux Armagnacs. Pour autant, la guerre contre les Anglais n’est pas achevée et plusieurs soldats profitent de la confusion pour s’adonner aux pillages et à la violence. Ils sont qualifiés d’écorcheurs.",https://www.franceculture.fr/franceculture/podcasts/le-cours-de-l-histoire/les-ecorcheurs-de-la-guerre-de-cent-ans-une-histoire-a-vif-5166546,,,,9c5ccb9b-46d1-4f04-a318-a1bdb057f024_5
2025-06-25T07:00:00+00:00,1750834800,"Des bas-fonds à la médecine légale, le tatouage fait couler de l’encre","Au 19ᵉ siècle, la pratique du tatouage se diffuse au sein des classes populaires. Marins, militaires, prostituées, et détenus se tatouent à l’aide d’aiguilles et de pigments. ""Cicatrices parlantes"", selon l’expression du médecin Alexandre Lacassagne, le tatouage porte un message personnel.",https://www.franceculture.fr/franceculture/podcasts/le-cours-de-l-histoire/des-bas-fonds-a-la-medecine-legale-le-tatouage-fait-couler-de-l-encre-9787731,,,,932c7665-5fe7-43a5-b537-acd016b73560_5
2025-06-26T07:00:00+00:00,1750921200,Pas d'émission pour cause de grève,"En raison d’un appel à la grève déposé par l’ensemble des organisations syndicales représentatives pour défendre Radio France, et contre le projet de holding de l’Audiovisuel public, nous ne sommes pas en mesure de diffuser l’intégralité de nos programmes habituels.",,,,,a0de3868-e9c7-4331-a82f-188881361a08_5
2025-08-25T07:00:00+00:00,1756105200,Pas d'émission ce jour en raison d'un mouvement de grève,"En raison d'un appel à la grève déposé par l'ensemble des organisations syndicales représentatives de Radio France contre la stratégie éditoriale et les réformes menées par la direction dans un contexte d'économie, nous ne sommes pas en mesure de diffuser l'intégralité de nos programmes habituels.",,,,,d0f2f2f8-ba68-4bd5-a224-f55b2811e8e9_5
2025-08-26T07:00:00+00:00,1756191600,"1945. Crime contre l'humanité, forger un concept pour le droit","Août 1945. La notion de crime contre l’humanité est définie dans la Charte du Tribunal militaire international de Nuremberg. Au-delà de sa définition juridique, la création de cette notion marque l’essor de la justice internationale. 

",https://www.franceculture.fr/franceculture/podcasts/le-cours-de-l-histoire/1945-crime-contre-l-humanite-forger-un-concept-pour-le-droit-1409901,,,,24e05171-2693-40a9-8fcf-34b583012191_5
2025-08-27T07:00:00+00:00,1756278000,"Génocide, une notion juridique à l'épreuve de l'histoire","Le mot ""génocide"" naît sous la plume du juriste juif polonais Raphael Lemkin en 1943. Comment ce concept a-t-il été mobilisé à travers le 20ᵉ siècle ? Comment le crime de génocide est-il progressivement entré dans le droit international ?",https://www.franceculture.fr/franceculture/podcasts/le-cours-de-l-histoire/genocide-une-notion-juridique-a-l-epreuve-de-l-histoire-8168663,,,,72039ac2-511a-4ae2-a23d-987b43ede5e4_5
2025-08-28T07:00:00+00:00,1756364400,"""Lèse-humanité"" et ""populicide"", des crimes dans la Révolution française","La Révolution française proclame l’égalité de droits entre tous les humains, ce qui déclenche une réflexion sur l’abolition de l’esclavage, considéré comme crime de lèse-humanité. Dans le même temps, la violence se déchaîne en Vendée, au point que certains contemporains parlent de ""populicide"".",https://www.franceculture.fr/franceculture/podcasts/le-cours-de-l-histoire/lese-humanite-et-populicide-des-crimes-dans-la-revolution-francaise-7782454,,,,3afba64c-7233-47d1-b50e-042fc4818753_5
2025-08-29T07:00:00+00:00,1756450800, Pas d'émission ce jour en raison d'un mouvement de grève,"En raison d'un appel à la grève déposé par l'ensemble des organisations syndicales représentatives de Radio France contre la stratégie éditoriale et les réformes menées par la direction dans un contexte d'économie, nous ne sommes pas en mesure de diffuser l'intégralité de nos programmes habituels.",,,,,0dcb3835-56b9-4c10-bad8-1650bcb1f9fe_5
2025-09-01T07:00:00+00:00,1756710000,"Japon impérial, à la conquête de l'Asie-Pacifique","En 1868, le Japon entre dans l’ère Meiji. En quelques décennies, le pays se modernise et se militarise. De la Corée à la Mandchourie, l’Empire du Japon consolide ses frontières pour tenir les Occidentaux à distance.",https://www.franceculture.fr/franceculture/podcasts/le-cours-de-l-histoire/japon-imperial-a-la-conquete-de-l-asie-pacifique-8826800,,,,ad384337-0690-4fa8-8283-8ac4980ce3a9_5
2025-09-02T07:00:00+00:00,1756796400,"De Pearl Harbor à Hiroshima, la guerre dans le Pacifique","1941. L’attaque japonaise sur Pearl Harbor marque l’entrée des États-Unis dans le second conflit mondial et le début de la guerre du Pacifique. Côté japonais, la guerre a commencé en 1931 avec l’invasion de la Mandchourie. Comment comprendre les affrontements et les tactiques dans le Pacifique ?",https://www.franceculture.fr/franceculture/podcasts/le-cours-de-l-histoire/de-pearl-harbor-a-hiroshima-la-guerre-dans-le-pacifique-8440161,,,,b905905a-ce92-4631-98a1-ca04b1b2c58d_5
2025-09-03T07:00:00+00:00,1756882800,"L'enfer de Peleliu, une île prise dans la guerre","À l'automne 1944, le Japon et les États-Unis livrent bataille à Peleliu, petite île de Micronésie, dans l'océan Pacifique. Quatre-vingts ans plus tard, l'historien Bruno Cabanes arpente l'île dans les pas d'Eugene Sledge, un soldat américain qui a raconté l'horreur des combats.",https://www.franceculture.fr/franceculture/podcasts/le-cours-de-l-histoire/l-enfer-de-peleliu-une-ile-prise-dans-la-guerre-9859052,,,,051c5268-9d65-4057-97a9-56454632f211_5
2025-09-04T07:00:00+00:00,1756969200,"Japon vaincu, une occupation à la mode américaine","De 1945 à 1952, les forces militaires américaines occupent le Japon pour en faire une zone stratégique du Pacifique. De la démocratisation des institutions à l’américanisation de la culture, le Japon vit à l’heure des États-Unis.",https://www.franceculture.fr/franceculture/podcasts/le-cours-de-l-histoire/japon-vaincu-une-occupation-a-la-mode-americaine-6608770,,,,18a9baa3-b9d1-459d-bcfd-349070474ba3_5
2025-09-05T07:00:00+00:00,1757055600,"Beata Umubyeyi Mairesse, écrivaine et ""folle"" d’histoire","Née en 1979 au Rwanda, l’écrivaine Beata Umubyeyi Mairesse explore l’expérience du génocide contre les Tutsi par la fiction et la poésie. Dans ""Le Convoi"", au fil d’une enquête archivistique et d’un récit personnel, elle aborde l’histoire des convois humanitaires pour enfants pendant le génocide.",https://www.franceculture.fr/franceculture/podcasts/le-cours-de-l-histoire/beata-umubyeyi-mairesse-ecrivaine-et-folle-d-histoire-9832213,,,,a9747013-bb3c-4f41-9369-6b662d3a2d5f_5
2025-09-08T07:00:00+00:00,1757314800,"Entre créance et révérence, enquête sur les dépenses de Louis XVI","Sous l’Ancien Régime, dépenser c’est régner. Le roi dispose de son argent à son bon vouloir. Pour les recettes, c’est une autre histoire. L’administration et les magistrats veillent au grain quand il s'agit de lever l'impôt. En 1781, le directeur des finances lève le secret des dépenses publiques. ",https://www.franceculture.fr/franceculture/podcasts/le-cours-de-l-histoire/entre-creance-et-reverence-enquete-sur-les-depenses-de-louis-xvi-5799926,,,,44f916b2-5dfc-47c9-8c13-191831db250e_5
2025-09-09T07:00:00+00:00,1757401200,"Dette publique, les bonnes recettes de François Iᵉʳ","Les 16ᵉ et 17ᵉ siècles voient la succession des conflits armés. Pour faire face à la hausse des dépenses militaires, les souverains ont recours à de nouveaux instruments financiers et constituent progressivement un endettement à long terme.",https://www.franceculture.fr/franceculture/podcasts/le-cours-de-l-histoire/dette-publique-les-bonnes-recettes-de-francois-i-7526174,,,,a53ea7a5-4471-4b68-9b3b-106c02a903e9_5
2025-09-10T07:00:00+00:00,1757487600,Pas d'émission en raison d'un mouvement de grève,"En raison d’un appel à la grève déposé par les organisations syndicales CGT et SUD de Radio France contre la politique d’austérité et le projet budgétaire, nous ne sommes pas en mesure de diffuser l’intégralité de nos programmes habituels. Nous vous prions de nous en excuser.",,,,,0d2b47b5-8a5f-44f6-9781-aee1a3a8d2e4_5
2025-09-11T07:00:00+00:00,1757574000,"Planifier, réformer, et bricoler, histoire du budget de l’école",Le budget de l’enseignement scolaire a connu une augmentation massive entre le 19ᵉ siècle et le 21ᵉ siècle et devient la première mission du budget général de l’État. Comment expliquer cette croissance des dépenses d’enseignement dans l’histoire des finances publiques ?,https://www.franceculture.fr/franceculture/podcasts/le-cours-de-l-histoire/planifier-reformer-et-bricoler-histoire-du-budget-de-l-ecole-7914412,,,,bc59293c-9c96-4184-b2ed-02d9de4d0314_5
2025-09-12T07:00:00+00:00,1757660400,"Adélaïde de Clermont-Tonnerre, romancière : ""La question de la femme sainte et de la femme maudite m'obsède""","Dans ""Je voulais vivre"", Adélaïde de Clermont-Tonnerre donne voix à Milady de Winter, l’ennemie des mousquetaires d’Alexandre Dumas. Par ce projet, elle questionne la portée de la réécriture fictionnelle et réinvente un personnage féminin de la littérature canonique au prisme de l’injustice.",https://www.franceculture.fr/franceculture/podcasts/le-cours-de-l-histoire/adelaide-de-clermont-tonnerre-romanciere-et-folle-d-histoire-1712850,,,,e604a094-43e0-4da5-9c3b-4ec4503750cf_5
2025-09-15T07:00:00+00:00,1757919600,"Un pécule pour l’étude, dans les pas des élèves boursiers","Au 19ᵉ siècle, la bourse de lycée se démocratise et s’ouvre progressivement à la bourgeoisie populaire. Malgré la création du concours, la bourse de lycée reste longtemps réservée à une élite qui fait partie des serviteurs de l’État.",https://www.franceculture.fr/franceculture/podcasts/le-cours-de-l-histoire/un-pecule-pour-l-etude-dans-les-pas-des-eleves-boursiers-3170144,,,,b147fc35-93ca-444d-b8a6-9347fb83ca0d_5
2025-09-16T07:00:00+00:00,1758006000,"Romantiques, socialistes et pas contents ! Étudiants dans le siècle des révolutions","Au 19ᵉ siècle, comment les étudiants militaient-ils ? En juillet 1830, des polytechniciens mettent leur savoir en ingénierie au service des révolutionnaires contre les ordonnances du roi Charles X. Sans avoir toujours le bac en poche, ces élèves ouvrent la voie au militantisme des étudiants.",https://www.franceculture.fr/franceculture/podcasts/le-cours-de-l-histoire/romantiques-socialistes-et-pas-contents-etudiants-dans-le-siecle-des-revolutions-3208821,,,,57374d82-37a2-4da7-be21-969170fdbd1d_5
2025-09-17T07:00:00+00:00,1758092400,Fédérons-nous ! Quand les femmes s'imposent à l'université,"Au 19ᵉ siècle, les premières étudiantes font office de pionnières. Dans cette histoire internationale, la Fédération internationale des femmes diplômées des universités joue un rôle actif pour permettre l'accès d'un plus grand nombre de femmes aux études supérieures.",https://www.franceculture.fr/franceculture/podcasts/le-cours-de-l-histoire/federons-nous-quand-les-femmes-s-imposent-a-l-universite-7717948,,,,7ebaa9d3-c481-421c-b24b-dd67d523d5ea_5
2025-09-18T07:00:00+00:00,1758178800,Pas d'émission en raison d'un mouvement de grève,"En raison d’un appel à la grève déposé par l’ensemble des organisations syndicales représentatives de Radio France, nous ne sommes pas en mesure de diffuser l’intégralité de nos programmes habituels. Nous vous prions de nous en excuser. 

",,,,,5e00a5b6-b4e0-4f27-a206-4eafb99944a0_5
2025-09-19T07:00:00+00:00,1758265200,"Christian Grataloup, déambulation géohistorique","Histoire ? Géographie ? Anthropologie ou sociologie ? Pour Christian Grataloup, il n’y a qu’une seule science sociale. D’atlas historique en atlas mondial, retour sur un parcours au-delà des frontières disciplinaires et géographiques. ",https://www.franceculture.fr/franceculture/podcasts/le-cours-de-l-histoire/christian-grataloup-deambulation-geohistorique-4474341,,,,02667b08-8efd-4c2a-bf1d-6a2d12543047_5
2025-09-22T07:00:00+00:00,1758524400,"Aux origines de la Croix-Rouge, l'humanitaire rue dans les brancards","Fondée en 1863, la Croix-Rouge parvient à convaincre de la nécessité de secourir les soldats blessés au front et jette les bases du droit humanitaire. Au fil des décennies, ses missions s'étendent à l'aide aux prisonniers, aux civils et à des œuvres sociales.",https://www.franceculture.fr/franceculture/podcasts/le-cours-de-l-histoire/aux-origines-de-la-croix-rouge-l-humanitaire-rue-dans-les-brancards-6534533,,,,58cb2e79-aab5-42fd-badc-1945b7b8bcd3_5
2025-09-23T07:00:00+00:00,1758610800,"Coloniser Zanzibar, le subterfuge humanitaire ?","Au 19ᵉ siècle, l'abolition de la traite et de l'esclavage est présentée comme une ""intervention d'humanité"" par l'Empire britannique. À Zanzibar, à l'est du continent africain, la cause des sociétés abolitionnistes se heurte aux intérêts impérialistes.",https://www.franceculture.fr/franceculture/podcasts/le-cours-de-l-histoire/coloniser-zanzibar-le-subterfuge-humanitaire-3722085,,,,aedc7e36-cd4f-44dd-97ce-83a2dea2adc1_5
2025-09-24T07:00:00+00:00,1758697200,Ils étaient 30 000. L'accueil des enfants réfugiés de la guerre d'Espagne,"Entre 1936 et 1939, la guerre d’Espagne provoque un élan de solidarité civile en France. La CGT met en place une action humanitaire d’évacuation des enfants venus de la zone républicaine. Près de 30 000 enfants espagnols sont évacués en France et dans d’autres pays d’accueil.",https://www.franceculture.fr/franceculture/podcasts/le-cours-de-l-histoire/ils-etaient-30-000-l-accueil-des-enfants-refugies-de-la-guerre-d-espagne-3148116,,,,54da3e13-a991-4ae8-a9aa-55fa22734cc3_5
2025-09-25T07:00:00+00:00,1758783600,"Du Cameroun au Biafra, ombre coloniale sur l'humanitaire","Au ""développement"" qui justifie le maintien des empires en Afrique après la Seconde Guerre mondiale, succède ""l'aide"" apportée par les organisations humanitaires quand aboutit la décolonisation. Les risques d'interférence et de domination subsistent.",https://www.franceculture.fr/franceculture/podcasts/le-cours-de-l-histoire/du-cameroun-au-biafra-ombre-coloniale-sur-l-humanitaire-4039653,,,,8935429b-9aec-4002-b892-d122d939077d_5
2025-09-26T07:00:00+00:00,1758870000,"Vies et amitiés LGBTQIA+, des histoires effacées","Comment redonner une identité à des existences marginalisées ? Des archives judiciaires et de police aux clichés de la photographe Donna Gottschalk, de nouveaux regards donnent à lire une histoire quotidienne de la répression de l’homosexualité et des milieux queer en France et aux États-Unis.",https://www.franceculture.fr/franceculture/podcasts/le-cours-de-l-histoire/parcours-lgbtqia-lumiere-sur-des-histoires-effacees-6160820,,,,68557f36-fb4a-4846-b6ee-59daf25f2d57_5
2025-09-29T07:00:00+00:00,1759129200,"Crise de foi et querelles intestines, histoire d'un débat sur l'estomac","Au 18ᵉ siècle, la controverse fait partie des obligations du médecin et de la construction de sa légitimité. En 1709, une controverse médicale éclate sur l’estomac et la bonne digestion. Derrière le désaccord scientifique, cette dispute dissimule des enjeux politiques et religieux.",https://www.franceculture.fr/franceculture/podcasts/le-cours-de-l-histoire/crise-de-foi-et-querelles-intestines-histoire-d-un-debat-sur-l-estomac-9809097,,,,0dad1320-7e28-4a5a-aee1-dbeee2066966_5
2025-09-30T07:00:00+00:00,1759215600,"Médecins étrangers, histoire d'un accueil fiévreux","Avant 1845, la nationalité et la formation importent peu pour les médecins. Le Congrès médical de France inaugure cette année-là les débats sur l’accueil des médecins étrangers. La naturalisation s’impose ensuite peu à peu comme condition nécessaire à la reconnaissance des compétences médicales.
",https://www.franceculture.fr/franceculture/podcasts/le-cours-de-l-histoire/medecins-etrangers-histoire-d-un-accueil-fievreux-4932618,,,,fd046fc6-58f6-4e0a-b635-7897853017b6_5
2025-10-01T07:00:00+00:00,1759302000,"Histoires de médecines alternatives, ça vous gratouille ou ça vous chatouille ?","Pendant l'entre-deux-guerres, il n'existe pas de distinction entre médecine strictement rationnelle et médecine alternative. La médecine holiste, qui défend une vision globale du patient, tient compte de sa psychologie, de son environnement, mais aussi de sa spiritualité.",https://www.franceculture.fr/franceculture/podcasts/le-cours-de-l-histoire/histoires-de-medecines-alternatives-ca-vous-gratouille-ou-ca-vous-chatouille-9120293,,,,eb2329dc-474d-4345-a051-bb26bfe09c93_5
2025-10-02T07:00:00+00:00,1759388400,Pas d'émission pour cause de grève," En raison d’un appel à la grève déposé par l’ensemble des organisations syndicales représentatives de Radio France, nous ne sommes pas en mesure de diffuser l’intégralité de nos programmes habituels. Nous vous prions de nous en excuser. ",,,,,2115da54-a5bd-467c-b0ff-20987fb05294_5
2025-10-03T07:00:00+00:00,1759474800,"David Dufresne, enquête sur Françoise d'Eaubonne, une grand-mère écoféministe","Dans ""Remember Fessenheim"", David Dufresne raconte l’activisme combatif et joyeux de sa grand-mère, Françoise d’Eaubonne. Entre mémoires familiales, archives policières et militantes, il dessine des filiations politiques et redécouvre cette figure écoféministe, décoloniale et antinucléaire.",https://www.franceculture.fr/franceculture/podcasts/le-cours-de-l-histoire/david-dufresne-enquete-sur-francoise-d-eaubonne-une-grand-mere-ecofeministe-6778250,,,,1c9cc00f-3399-4ecb-a04c-44a813f229ac_5
2025-10-06T07:00:00+00:00,1759734000,Quelle histoire populaire pour la France ?,"Qu'est-ce qu'une histoire populaire de la France ? Une histoire à propos du peuple, qui met en lumière son agentivité, ainsi que sa diversité ? Comment cette démarche peut-elle également faire œuvre de transmission, à travers la vulgarisation et la bande dessinée ?",https://www.franceculture.fr/franceculture/podcasts/le-cours-de-l-histoire/quelle-histoire-populaire-pour-la-france-9673215,,,,5e9cba4c-3a0e-48ac-b292-21a8b7a56ae5_5
2025-10-07T07:00:00+00:00,1759820400,"Histoire de France, un récit commun ?","L’histoire de France peut-elle mettre tout le monde d’accord ? Éric Anceau et Jacqueline Lalouette, tous deux historien et historienne, reviennent sur le défi de la construction de l’histoire de France comme récit commun depuis le 19ᵉ siècle.",https://www.franceculture.fr/franceculture/podcasts/le-cours-de-l-histoire/histoire-de-france-un-recit-commun-9375400,,,,91b94fd1-3d31-4ab1-918d-da69bef5d29d_5
2025-10-08T07:00:00+00:00,1759906800,"Mondiale et populaire, comment dépasser les frontières de l’histoire de France ?","Comment écrire l’histoire de France avec une perspective mondiale ou à partir du peuple ? Les historiens Patrick Boucheron et Gérard Noiriel, dans leurs travaux respectifs, écrivent l’histoire d’un pays pluriel qui n’a ni identité figée ni origine commune. ",https://www.franceculture.fr/franceculture/podcasts/le-cours-de-l-histoire/mondiale-et-populaire-comment-depasser-les-frontieres-de-l-histoire-de-france-6105394,,,,e93ed180-a64d-4a84-88fa-982d7ee649a7_5
2025-10-09T07:00:00+00:00,1759993200,"Des chroniques aux collections, l’histoire de France en série","L’histoire de France est souvent une entreprise collective, dans des volumes qui rassemblent les contributions de différents auteurs et autrices, dans la référence aux travaux sur lesquels s’appuyer, mais aussi dans des collections éditoriales. Comment écrire collectivement l’histoire de France ?",https://www.franceculture.fr/franceculture/podcasts/le-cours-de-l-histoire/des-chroniques-aux-collections-l-histoire-de-france-en-serie-9377311,,,,6d63736b-b443-4252-9b4c-8074c21584dd_5
2025-10-10T07:00:00+00:00,1760079600,"Pages noires et légende dorée, l’histoire de France entre frictions et fiction","Des Gaulois au régime de Vichy, un ensemble de mythes entourent l’histoire de France. Ils servent parfois des discours politiques aux connotations nostalgiques et passéistes. Historiens et historiennes s’attèlent alors à les déconstruire et à réintroduire nuance et complexité.",https://www.franceculture.fr/franceculture/podcasts/le-cours-de-l-histoire/pages-noires-et-legende-doree-l-histoire-de-france-entre-frictions-et-fiction-1584773,,,,e5504f2d-d377-447a-9593-e477248eee7d_5
2025-10-13T07:00:00+00:00,1760338800,"Maison gauloise, c’est la hutte finale ?","Durant l’âge du fer, entre le 8ᵉ et le 1ᵉʳ siècle avant notre ère, les populations gauloises se construisent des habitations par milliers. Des constructions en terre ou en bois à l'influence de l'architecture romaine, l'archéologie dessine un portrait renouvelé de la maison gauloise.",https://www.franceculture.fr/franceculture/podcasts/le-cours-de-l-histoire/maison-gauloise-c-est-la-hutte-finale-1784120,,,,4185c6ef-4549-4a0d-bae6-ee768ded906e_5
2025-10-14T07:00:00+00:00,1760425200,"Au coin du feu, histoires de foyers médiévaux"," Au Moyen Âge, le feu habite aussi bien les maisons que l'imagination. Le foyer devient, au cours du 14ᵉ siècle, le cœur battant de la société. Il structure les activités domestiques, l’économie, et même la fiscalité. 
",https://www.franceculture.fr/franceculture/podcasts/le-cours-de-l-histoire/au-coin-du-feu-histoires-de-foyers-medievaux-7938346,,,,fdb35e9e-d7ab-4f74-b7de-6a7776cfb2fd_5
2025-10-15T07:00:00+00:00,1760511600,File dans ta chambre ! Histoire d’une pièce à soi,"De la naissance à la mort, la chambre est l’espace pluriel du sommeil, de l’amour, de la lecture, de l’écriture. En quoi la chambre est-elle un espace ambigu, entre intimité et mise en scène, entre refuge et violence ?",https://www.franceculture.fr/franceculture/podcasts/le-cours-de-l-histoire/file-dans-ta-chambre-histoire-d-une-piece-a-soi-4880160,,,,bb6b5b20-8387-4034-9a92-fc0a8d32d4f0_5
2025-10-16T07:00:00+00:00,1760598000,"Meubler son intérieur, une histoire utile et agréable"," À la fin des années 1940, des créateurs et créatrices de design français participent à l’effort de reconstruction par la conception d’un mobilier moderne, fonctionnaliste et accessible. Démontable et polyvalent, le mobilier transforme l’intérieur des logements français en quelques décennies. ",https://www.franceculture.fr/franceculture/podcasts/le-cours-de-l-histoire/meubler-son-interieur-une-histoire-utile-et-agreable-6029562,,,,6f0adf82-16bf-4d47-818f-8cb8a7f6b99d_5
2025-10-17T07:00:00+00:00,1760684400,"Du rejet des malades au remède miracle, controverses autour du VIH/sida","En 1981, le monde découvre une maladie inconnue, bientôt nommée sida, pour syndrome d’immunodéficience acquise. De la recherche de l'origine du virus de l’immunodéficience humaine (VIH) à de supposés remèdes miracles, le VIH/sida suscite des controverses qui impliquent une pluralité d’acteurs. ",https://www.franceculture.fr/franceculture/podcasts/le-cours-de-l-histoire/du-rejet-des-malades-au-remede-miracle-controverses-autour-du-vih-sida-5339588,,,,c869fdd3-502a-4198-8d5d-cfa2c6988e39_5
2025-10-20T07:00:00+00:00,1760943600,"Maroc médiéval, des dynasties et des sultans","Émir, calife, mahdi, sultan… Comment le pouvoir politique dans l’actuel territoire du Maroc a-t-il évolué au Moyen Âge, de dynastie en dynastie, jusqu'à l’apparition de la figure du sultan, sous les Mérinides, au 13ᵉ siècle ? ",https://www.franceculture.fr/franceculture/podcasts/le-cours-de-l-histoire/maroc-medieval-des-dynasties-et-des-sultans-2702054,,,,16ca0faa-3208-4675-b09b-b5b02833d221_5
2025-10-21T07:00:00+00:00,1761030000,Qui gouverne ? Être sultan au temps des protectorats au Maroc,"En 1912, le Maroc est scindé en deux protectorats, l'un français, l'autre espagnol, tandis que Tanger est une zone internationale depuis la fin du 19ᵉ siècle. Qu’en est-il de la souveraineté marocaine dans les négociations jusqu’à l’indépendance de 1956 ?",https://www.franceculture.fr/franceculture/podcasts/le-cours-de-l-histoire/qui-gouverne-etre-sultan-au-temps-des-protectorats-au-maroc-4487025,,,,3088786d-dfce-4490-8003-02e3572c3a24_5
2025-10-22T07:00:00+00:00,1761116400,"De l’Anti-Atlas au Rif, quand des sultans résistent à la colonisation ","À partir de 1912, de nombreuses tribus locales se révoltent contre les protectorats français et espagnols au Maroc. De l’éphémère émirat de Moulay Ahmed el Hiba à la République du Rif d’Abdelkrim, la résistance s'organise sur le territoire marocain pour contester la domination étrangère. ",https://www.franceculture.fr/franceculture/podcasts/le-cours-de-l-histoire/de-l-anti-atlas-au-rif-quand-des-sultans-resistent-a-la-colonisation-3807307,,,,b20860c6-eaac-4042-a012-2b6650014380_5
2025-10-23T07:00:00+00:00,1761202800,"Mohammed V, le sultan devenu roi du Maroc","Sidi Mohammed ben Youssef naît en 1909. Il devient sultan en 1927, sous le protectorat français, puis roi du Maroc en 1957, après l’indépendance du pays et jusqu’à sa mort en 1961. Comment le Maroc passe-t-il du modèle du sultanat à celui de la royauté ? Quel rôle joue Mohammed V ?",https://www.franceculture.fr/franceculture/podcasts/le-cours-de-l-histoire/mohammed-v-le-sultan-devenu-roi-du-maroc-3713149,,,,84ae6082-d18b-4302-a53b-005ded08343d_5
2025-10-24T07:00:00+00:00,1761289200,"""La terre brûle"", histoire d'un désastre annoncé","Dès le 12ᵉ siècle, l'exploitation productive d'espaces naturels devient un impératif. De la quête d’une sécurité alimentaire à l’expansion de réseaux commerciaux, quels furent les vecteurs de transformation des milieux naturels ? En quoi cette histoire rencontre-t-elle la crise climatique actuelle ?",https://www.franceculture.fr/franceculture/podcasts/le-cours-de-l-histoire/la-terre-brule-histoire-d-un-desastre-annonce-4479165,,,,e6e03f90-eac2-4641-b7cd-dd9c0068b42f_5
2025-10-27T08:00:00+00:00,1761552000,"Détruire d’un regard, histoire du mauvais œil au Moyen Âge","Au Moyen Âge, le mauvais œil fait l’objet d’un important débat scientifique dans le monde savant. Théologiens et médecins pensent que des individus peuvent détruire leur voisin d’un simple regard. Du collier de corail aux recueils de charmes, comment se protéger du mauvais œil ?",https://www.franceculture.fr/franceculture/podcasts/le-cours-de-l-histoire/detruire-d-un-regard-histoire-du-mauvais-oeil-au-moyen-age-1226233,,,,095b3e03-c758-4c68-90d1-7352313bfde9_5
2025-10-28T08:00:00+00:00,1761638400,Sacrée superstition ! Une histoire entre raison et religion,"Être superstitieux, ça porte malheur ! L’humoriste Alphonse Allais ne croyait pas si bien dire. Aux 17ᵉ et 18ᵉ siècles, la figure du superstitieux désigne tour à tour l’étranger, l’idiot, le craintif, l’ignorant ou le peuple. Comment ce mot polysémique devient-il un moyen d’envisager le monde ?",https://www.franceculture.fr/franceculture/podcasts/le-cours-de-l-histoire/sacree-superstition-une-histoire-entre-raison-et-religion-6005032,,,,ef5d1a92-2870-471e-b5b7-a3dd3aaacc1a_5
2025-10-29T08:00:00+00:00,1761724800,Napoléon était-il superstitieux ?,"Avec la Constitution civile du clergé, les révolutionnaires se confrontent à des croyances jugées superstitieuses et luttent contre des pratiques contraires à la raison. Cette même opposition caractérise Napoléon, un superstitieux qui se veut pourtant l’incarnation des Lumières.",https://www.franceculture.fr/franceculture/podcasts/le-cours-de-l-histoire/napoleon-etait-il-superstitieux-9063439,,,,4a3876f5-34f7-485d-b915-d0f82a388527_5
2025-10-30T08:00:00+00:00,1761811200,"De saint Janvier à Maradona, cultes et croyances napolitaines","À Naples, les croyances et superstitions font partie de l’identité de la ville. Face aux éruptions volcaniques et aux séismes, la population napolitaine a recours à des figures protectrices. Du culte de saint Janvier à l’adoration de Diego Maradona, balade dans les rues de la cité parthénopéenne.",https://www.franceculture.fr/franceculture/podcasts/le-cours-de-l-histoire/de-saint-janvier-a-maradona-cultes-et-croyances-napolitaines-6316559,,,,dc3596cb-5870-4f0e-9355-ddfa7e19639a_5
2025-10-31T08:00:00+00:00,1761897600,"Éditer, informer, éclairer. La Documentation française, histoire d’un service public","La Documentation française est fondée en 1945 avec la vocation de produire une information fiable et impartiale à destination des décideurs politiques. Progressivement, elle s’engage à diffuser l’information aux citoyens et citoyennes. Aujourd’hui, sa mission rencontre le développement du numérique.",https://www.franceculture.fr/franceculture/podcasts/le-cours-de-l-histoire/editer-informer-eclairer-la-documentation-francaise-histoire-d-un-service-public-4112240,,,,be143d05-79fe-4847-9263-663fea50725e_5
2025-11-03T08:00:00+00:00,1762156800,"Antique et en toc, histoire de fausses monnaies","La monnaie est une invention de l’Antiquité. En même temps, naît la fausse monnaie, surfrappée, moulée, gravée, fourrée, plaquée… Comment et pourquoi les Anciens produisaient-ils de la fausse monnaie ?



",https://www.franceculture.fr/franceculture/podcasts/le-cours-de-l-histoire/antique-et-en-toc-histoire-de-fausses-monnaies-3393681,,,,09bc388b-6d5f-4927-8165-02704cbe8bad_5
2025-11-04T08:00:00+00:00,1762243200,"Forgeries médiévales, fausses chartes et vraies duperies","Au Moyen Âge, modifier des écrits officiels pour qu’ils concordent à la réalité, c’est le B-A, BA. Tout bascule à la fin du 12ᵉ siècle, lorsque l'écriture de faux documents devient un crime. Les faussaires ont dorénavant faux sur toute la ligne…",https://www.franceculture.fr/franceculture/podcasts/le-cours-de-l-histoire/forgeries-medievales-fausses-chartes-et-vraies-duperies-1373981,,,,6f10c752-b342-4b6e-bb21-6c26fac3c7de_5
2025-11-05T08:00:00+00:00,1762329600,"Collectionner l’art médiéval, attention aux faussaires !","Au 19ᵉ siècle, le monde de l’art développe un goût nouveau pour le Moyen Âge. Les arts précieux – pièces d’orfèvrerie, ivoires, tissus – font le bonheur des collections et des musées. Pour répondre à la demande, la création de nombreux faux médiévaux constitue le revers de la médaille.
",https://www.franceculture.fr/franceculture/podcasts/le-cours-de-l-histoire/collectionner-l-art-medieval-attention-aux-faussaires-7480880,,,,c5312e12-b6e0-484b-a11c-4a9f873388e3_5
2025-11-06T08:00:00+00:00,1762416000,"Papiers, timbres, billets... la Résistance s’inscrit en faux","Pendant la Seconde Guerre mondiale et sous l’Occupation, les faux sont légion. La plupart émanent de faussaires résistants, qui produisent des cartes d’identité, des cartes de rationnement, ou encore des timbres. Néanmoins l’Allemagne nazie produit aussi des faux, notamment des faux billets.
",https://www.franceculture.fr/franceculture/podcasts/le-cours-de-l-histoire/papiers-timbres-billets-la-resistance-s-inscrit-en-faux-8199142,,,,b81b8b18-d40b-4fa4-aa5f-f15a3c30d2ea_5
2025-11-07T08:00:00+00:00,1762502400,"Mensonges et vérités, l'histoire sur grand écran","Depuis 1990, le Festival du film d’histoire de Pessac apporte des questionnements contemporains dans les salles obscures. À l’occasion de sa 35ᵉ édition, le thème ""Secret et mensonge"" fait dialoguer travaux scientifiques et images filmées sur la question de la dissimulation et de la tromperie. ",https://www.franceculture.fr/franceculture/podcasts/le-cours-de-l-histoire/mensonges-et-verites-l-histoire-sur-grand-ecran-5535138,,,,a852ef11-7edb-4ec6-81c0-93c0b19ef8c4_5
2025-11-10T08:00:00+00:00,1762761600,Apte au combat ! La fabrique du soldat de la Grande Guerre,"Au début du 20ᵉ siècle, de nombreux jeunes hommes préparent leur service militaire par la pratique du tir ou de la gymnastique. À 20 ans, l’examen médical est une obligation pour être déclaré apte. En 1914, le déclenchement de la Grande Guerre bouscule tous les critères de recrutement.",https://www.franceculture.fr/franceculture/podcasts/le-cours-de-l-histoire/apte-au-combat-la-fabrique-du-soldat-de-la-grande-guerre-9111267,,,,c8e150c0-63a8-4537-b14d-684b2e2ed88a_5
2025-11-11T08:00:00+00:00,1762848000,"À la baïonnette ou à mains nues, combats au corps-à-corps dans les tranchées","À l’assaut ! À l’entrée en guerre en 1914, la société française se représente le soldat comme un fantassin prompt à s’engager dans le corps-à-corps, le fusil à baïonnette en avant. La réalité est tout autre. Sur le front, l'insouciance des combattants se heurte à la violence de l’artillerie moderne.",https://www.franceculture.fr/franceculture/podcasts/le-cours-de-l-histoire/a-la-baionnette-ou-a-mains-nues-combats-au-corps-a-corps-dans-les-tranchees-9032476,,,,3dd68024-4183-4ce3-b5fb-94f8b1f9ff7d_5
2025-11-12T08:00:00+00:00,1762934400,"Les âmes cassées, soigner les traumas de la Première Guerre mondiale","Lors de la Grande Guerre, si les lésions physiques et les mutilations sont fréquentes, les blessures psychiques le sont tout autant. Elles sont néanmoins mal comprises et souvent critiquées. Comment les soldats, l’armée et les psychiatres réagissent-ils face aux traumatismes psychiques ?",https://www.franceculture.fr/franceculture/podcasts/le-cours-de-l-histoire/les-ames-cassees-soigner-les-traumas-de-la-premiere-guerre-mondiale-4090547,,,,f0610d35-ca89-4d48-8405-280380d48996_5
2025-11-13T08:00:00+00:00,1763020800,"À l'usine et dans l'assiette, les autres combats de la Grande Guerre","Entre 1914 et 1918, l’arrière participe pleinement à l’effort de guerre. Fabrication de poudres et de munitions, agriculture et industrie agroalimentaire, tout compte. Des travailleurs coloniaux aux commerçants et commerçantes, l'histoire de la Grande Guerre s’écrit aussi en dehors du front.",https://www.franceculture.fr/franceculture/podcasts/le-cours-de-l-histoire/a-l-usine-et-dans-les-champs-autres-combats-de-la-grande-guerre-7964508,,,,d0258956-99c8-40aa-a8ac-a1d211360298_5
2025-11-13T14:00:00+00:00,1763042400,"Jorge Luis Borges, la littérature face à la cruauté du monde    ","De Jorge Luis Borges à Julia Kristeva en passant par Shakespeare, les écrivain(e)s et les poètes prouvent sans cesse le pouvoir des mots face à la violence du monde. ",https://www.franceculture.fr/franceculture/podcasts/le-cours-de-l-histoire/jorge-luis-borges-la-litterature-face-a-la-cruaute-du-monde-9751866,,,,68653290-b5cb-4c17-8138-a78e2623178e_5
2025-11-13T14:01:00+00:00,1763042460,"Jean d’Ormesson, comment appréhender l’avenir ","Face aux menaces pesant sur l'humanité, l'écrivain Jean d'Ormesson soulignait le rôle de la science, de la littérature et de l'art pour affronter les urgences de son temps. Une réflexion sur l’avenir qui perdure aujourd’hui, et à laquelle les sciences et la culture peuvent toujours contribuer.

",https://www.franceculture.fr/franceculture/podcasts/le-cours-de-l-histoire/jean-d-ormesson-comment-apprehender-l-avenir-1805590,,,,639b772d-28fe-43dd-b860-5c8949f720b8_5
2025-11-13T14:02:00+00:00,1763042520,Gisèle Halimi et les droits des femmes,"De la voix de l'avocate Gisèle Halimi dans les années 1970 à celle des militantes aujourd'hui, le combat pour les droits des femmes se poursuit partout dans le monde.",https://www.franceculture.fr/franceculture/podcasts/le-cours-de-l-histoire/gisele-halimi-et-les-droits-des-femmes-5414424,,,,fe52a51f-171c-477f-b6cc-f8f2385c4f13_5
2025-11-13T14:03:00+00:00,1763042580,"Duke Ellington, car la musique n’a pas de frontières ","La musique est un vibrant outil de lutte contre les séparatismes et les discriminations, de l'engagement du pianiste états-unien Duke Ellington  à celui des artistes d'aujourd’hui.
",https://www.franceculture.fr/franceculture/podcasts/le-cours-de-l-histoire/duke-ellington-car-la-musique-n-a-pas-de-frontieres-8369607,,,,4955eeaf-52e2-43e0-afcb-1a1087f9d80a_5
2025-11-14T08:00:00+00:00,1763107200,"Écrivaine et folle d'histoire, Clara Dupont-Monod, le Moyen Âge au cœur","Clara Dupont-Monod aborde l’histoire et la marginalité à travers l’écriture. D’Aliénor d’Aquitaine à la méconnue Juette de Huy, en passant par Tristan et Iseult, l'écrivaine donne voix à des figures exceptionnelles ou plus anonymes, et questionne tant les pouvoirs de la réécriture que le présent.
",https://www.franceculture.fr/franceculture/podcasts/le-cours-de-l-histoire/ecrivaine-et-folle-d-histoire-clara-dupont-monod-le-moyen-age-au-coeur-8307330,,,,e27177fd-7e92-437b-b5a0-58656f92fff8_5
2025-11-17T08:00:00+00:00,1763366400,"Devenir Caudillo, Franco dans la guerre civile espagnole","Francisco Franco est né en 1892 à Ferrol en Galice. Comment grimpe-t-il progressivement les échelons du commandement militaire, notamment lors de la guerre du Rif ? Quel rôle joue-t-il dans le coup d’État de juillet 1936, qui fait basculer l’Espagne dans la guerre civile, jusqu’à devenir Caudillo ?",https://www.franceculture.fr/franceculture/podcasts/le-cours-de-l-histoire/devenir-caudillo-franco-dans-la-guerre-civile-espagnole-2012151,,,,ebee275e-0c87-4e8b-bc24-e721eb097b3e_5
2025-11-18T08:00:00+00:00,1763452800,"Mettre l'Espagne au pas. Le franquisme, une machine à broyer","La guerre civile espagnole ne se termine pas en 1939. Après que Franco déclare la fin des combats, la dictature poursuit sa politique de répression par l’établissement d’un contrôle social étroit sur la population. Les visages invisibles de la terreur deviennent omniprésents au quotidien.

",https://www.franceculture.fr/franceculture/podcasts/le-cours-de-l-histoire/mettre-l-espagne-au-pas-le-franquisme-une-machine-a-broyer-1351518,,,,bec1ddae-9480-4ba9-80eb-0ffb0e02b10e_5
2025-11-19T08:00:00+00:00,1763539200,"Une dictature qui dure, dans la fabrique de l'État franquiste","Au lendemain de la guerre civile, l’État franquiste est en construction. L’économie est à relancer et l'image internationale de l'Espagne à normaliser. Des diplomates aux technocrates, comment la dictature de Franco a-t-elle construit sa longévité entre 1939 et 1975 ?",https://www.franceculture.fr/franceculture/podcasts/le-cours-de-l-histoire/une-dictature-qui-dure-dans-la-fabrique-de-l-etat-franquiste-5191788,,,,ffad98b3-4ae1-45be-86c1-6370215478ae_5
2025-11-20T08:00:00+00:00,1763625600,"Le franquisme après Franco, histoire d'une mémoire douloureuse","Alors que l’Espagne opère progressivement sa mue vers un régime démocratique, après la mort de Franco en 1975, comment expliquer que les crimes de la dictature n’aient jamais été jugés ? Comment l’Espagne passe-t-elle d’une amnistie supposée réconciliatrice à un devoir de mémoire et de réparation ?",https://www.franceculture.fr/franceculture/podcasts/le-cours-de-l-histoire/le-franquisme-apres-franco-histoire-d-une-memoire-douloureuse-9993005,,,,86c6a1d8-80f2-4eb7-b101-ab02bcca9909_5
2025-11-21T08:00:00+00:00,1763712000,"Le film documentaire, une force pour transmettre l'histoire","Comment parler de la guerre en Ukraine, des mémoires de la guerre d’indépendance algérienne et du féminisme à des élèves de lycée ? Avec le projet ""Au contact, citoyens, citoyennes !"", documentaristes et spécialistes de géopolitique accompagnent la compréhension de l’histoire et de l’actualité.",https://www.franceculture.fr/franceculture/podcasts/le-cours-de-l-histoire/le-film-documentaire-une-force-pour-transmettre-l-histoire-9638621,,,,e2aef94e-5042-4591-94e9-35f8c3958c3d_5
2025-11-24T08:00:00+00:00,1763971200,"Jane Austen, être écrivaine dans l’Angleterre georgienne","Jane Austen naît en 1775 à Steventon, dans le comté du Hampshire. Par ses romans, elle devient l’une des écrivaines les plus importantes de sa génération, avec un regard incisif sur l’Angleterre georgienne. Que signifie être écrivaine à la fin du 18ᵉ siècle et au début du 19ᵉ siècle ?",https://www.franceculture.fr/franceculture/podcasts/le-cours-de-l-histoire/jane-austen-etre-ecrivaine-dans-l-angleterre-georgienne-5185692,,,,8a4aae29-fe75-47aa-a42d-1bec5f12c30e_5
2025-11-25T08:00:00+00:00,1764057600,"Gentry et petites fortunes, Jane Austen raconte le pouvoir de l’argent","L'argent fait-il le bonheur ? Jane Austen laisse son lectorat libre de répondre à la question grâce à ses observations sur la petite noblesse anglaise rurale, la gentry, à laquelle elle appartient par son éducation, mais sans disposer des moyens financiers. ",https://www.franceculture.fr/franceculture/podcasts/le-cours-de-l-histoire/gentry-et-petites-fortunes-jane-austen-raconte-le-pouvoir-de-l-argent-1003013,,,,0aa31204-3cea-48da-99a3-ed94fa88cdf5_5
2025-11-26T08:00:00+00:00,1764144000,"Jane Austen et le sentiment, faire couler l'encre et les larmes ",Les romans de Jane Austen se finissent toujours par un ou plusieurs mariages. Comment les émotions et les sentiments sont-ils représentés dans son œuvre ? Quelle image du mariage se dessine à travers ses romans ? En quoi ces intrigues reflètent-elles un état de la société georgienne ?,https://www.franceculture.fr/franceculture/podcasts/le-cours-de-l-histoire/jane-austen-et-le-sentiment-faire-couler-l-encre-et-les-larmes-5360236,,,,d3227abe-1eea-40d2-adf0-8d902298ec80_5
2025-11-27T08:00:00+00:00,1764230400,"Passion Jane Austen, la Régence anglaise sous les projecteurs ","À partir du 20ᵉ siècle, les romans de Jane Austen entrent dans la culture populaire. Livres, films et séries adaptent l'œuvre de l’écrivaine ou s'en inspirent. Depuis les années 1990, l'engouement autour de Jane Austen devient un phénomène mondial. ",https://www.franceculture.fr/franceculture/podcasts/le-cours-de-l-histoire/passion-jane-austen-la-regence-anglaise-sous-les-projecteurs-4897714,,,,58e8d39d-4f71-4f38-85df-6230d4520221_5
2025-11-28T08:00:00+00:00,1764316800,"Écrire l’histoire de Mahomet, au plus près des sources ","Mahomet, prophète de l’islam, reste un personnage mystérieux. S’il a fait l’objet de nombreux écrits, les connaissances scientifiques à son sujet restent rares. L'ouvrage 'Le Mahomet des historiens' compile les commentaires sur sa vie, de la philosophie rationaliste aux chroniques chrétiennes.",https://www.franceculture.fr/franceculture/podcasts/le-cours-de-l-histoire/ecrire-l-histoire-de-mahomet-au-plus-pres-des-sources-8904712,,,,53e041c1-21b2-4ce1-8c37-5147c7e5679a_5
2025-12-01T08:00:00+00:00,1764576000,"Quand les tracteurs battent la campagne, histoire d’une mécanisation","Tracteurs, batteuses, remembrement, intrants… Après la Seconde Guerre mondiale, comment la France entre-t-elle dans une ère de mécanisation et de modernisation agricole aux lourdes conséquences environnementales ?",https://www.franceculture.fr/franceculture/podcasts/le-cours-de-l-histoire/quand-les-tracteurs-battent-la-campagne-histoire-d-une-mecanisation-8506298,,,,545d72fd-f986-4b45-800c-848018700cec_5
2025-12-02T08:00:00+00:00,1764662400,"La nature coulée sous le béton, une histoire bien armée","Sur les ponts, sous les routes et dans les murs, le béton est incontournable, alors que sa fabrication dévaste l’environnement. Cet état de fait paradoxal prend forme seulement après la Seconde Guerre mondiale. Comment expliquer la persistance de l’engouement pour le béton ?",https://www.franceculture.fr/franceculture/podcasts/le-cours-de-l-histoire/la-nature-coulee-sous-le-beton-une-histoire-bien-armee-6884830,,,,e0c70a97-fd16-44a1-99f6-cc0b95064ca1_5
2025-12-03T08:00:00+00:00,1764748800,"À la tronçonneuse ou par le feu, histoire de la déforestation de l’Amazonie","Au 20ᵉ siècle, la déforestation de l’Amazonie s’est accélérée, avec des conséquences désastreuses pour l'environnement.",https://www.franceculture.fr/franceculture/podcasts/le-cours-de-l-histoire/a-la-tronconneuse-ou-par-le-feu-histoire-de-la-deforestation-de-l-amazonie-4239548,,,,91969c82-5fb3-4b7a-8dca-4e4b81279704_5
2025-12-04T08:00:00+00:00,1764835200,"Edward Abbey, défendre la nature à coups de clef à molette !","En 1975, Edward Abbey publie le roman ""Le Gang de la clef à molette"". Celui qui est surnommé ""Cactus Ed"" devient une icône de la désobéissance civile. Pendant plusieurs décennies, il influence toute une génération d’activistes écologistes.",https://www.franceculture.fr/franceculture/podcasts/le-cours-de-l-histoire/edward-abbey-defendre-la-nature-a-coups-de-clef-a-molette-8139578,,,,fdd5cddb-d0f7-4ac4-a65d-06cfb8b17891_5
2025-12-05T08:00:00+00:00,1764921600,"Souleymane Bachir Diagne, penser l’universel","Peut-on encore concevoir un musée universel ? Au musée du Louvre, la Galerie des cinq continents met en perspective des œuvres d’art africaines, asiatiques, européennes, américaines et précolombiennes, et invite à réinterroger la notion d’universalisme pour en dépasser les racines impérialistes.",https://www.franceculture.fr/franceculture/podcasts/le-cours-de-l-histoire/souleymane-bachir-diagne-penser-l-universel-5099743,,,,09dd07f5-5318-411c-a85b-5cbfb8a1e7dd_5
2025-12-08T08:00:00+00:00,1765180800,"Oser penser la tolérance, de l'Angleterre aux Provinces-Unies","Au 17ᵉ siècle, des philosophes redéfinissent à leur manière les rapports entre les Églises et l’État. De Londres à Amsterdam, comment John Locke et Baruch Spinoza ont-ils promu l’idée de tolérance ? ",https://www.franceculture.fr/franceculture/podcasts/le-cours-de-l-histoire/oser-penser-la-tolerance-de-l-angleterre-aux-provinces-unies-9697535,,,,e3df5f01-a77c-41e9-b53c-e145db6a018e_5
2025-12-09T08:00:00+00:00,1765267200,"Gallicanisme. Du roi au pape, c'est qui le patron ?","Sous l’Ancien Régime, la question de la répartition des pouvoirs temporels entre le roi de France et le pape échauffe les esprits. Au 19ᵉ siècle, le mot ""gallicanisme"" est créé pour regrouper toutes les doctrines qui postulent l’autonomie de l’Église de France vis-à-vis de l’autorité papale.
",https://www.franceculture.fr/franceculture/podcasts/le-cours-de-l-histoire/gallicanisme-du-roi-ou-du-pape-c-est-qui-le-patron-5032318,,,,781fa31d-28b4-4886-b157-e26db97ef490_5
2025-12-10T08:00:00+00:00,1765353600,"État et Église, un divorce révolutionnaire","Entre l'inscription de la liberté de conscience dans la Déclaration des droits de l'homme et du citoyen et la mise sous tutelle de l’Église catholique par l'État, l’épisode révolutionnaire constitue un jalon paradoxal dans la longue histoire de la laïcité.",https://www.franceculture.fr/franceculture/podcasts/le-cours-de-l-histoire/etat-et-eglise-un-divorce-revolutionnaire-6046730,,,,a90a5951-3ac0-47a3-82f2-70f3ab1349c8_5
2025-12-11T08:00:00+00:00,1765440000,"1905, loi sur la séparation des Églises et de l'État. Histoire d'un débat","Le 9 décembre 1905, la loi de séparation des Églises et de l’État est promulguée. Le 11 décembre, elle est publiée au ""Journal officiel"". Loi de pacification, elle achève plusieurs décennies de combat pour la laïcité durant la Troisième République.",https://www.franceculture.fr/franceculture/podcasts/le-cours-de-l-histoire/1905-loi-sur-la-separation-des-eglises-et-de-l-etat-histoire-d-un-debat-7400293,,,,992072fd-0884-4ac0-abc2-fed0ba497f1b_5
2025-12-12T08:00:00+00:00,1765526400,"Pauline Dreyfus, jeter un pont entre la littérature et l'histoire","Dans ses romans, Pauline Dreyfus interroge l’intrication de l’histoire et des trajectoires individuelles. L'écrivaine dépeint les milieux littéraires et mondains parisiens et remonte la Seine pour dessiner les transformations sociales et économiques qui animent le 20ᵉ siècle.",https://www.franceculture.fr/franceculture/podcasts/le-cours-de-l-histoire/pauline-dreyfus-jeter-un-pont-entre-la-litterature-et-l-histoire-6182139,,,,5e9e1c63-d369-4b2c-828f-ecfaa9e65fd9_5
2025-12-15T08:00:00+00:00,1765785600,"Histoire de la diététique, quand la science s’invite dans l’assiette","De la naissance de la diététique dans l’Antiquité grecque à la science nutritionnelle contemporaine, les liens entre alimentation et santé ont beaucoup évolué. L’alimentation joue un rôle central dans la santé et peut être abordée de façon médicale, scientifique, sociale, religieuse ou genrée.",https://www.franceculture.fr/franceculture/podcasts/le-cours-de-l-histoire/histoire-de-la-dietetique-quand-la-science-s-invite-dans-l-assiette-2106923,,,,4c2c4e94-1780-482d-8dd9-a7d8e7a76cdb_5
2025-12-16T08:00:00+00:00,1765872000,"Défendre son bout de gras, une histoire coloniale et politique","Au 19ᵉ siècle, les matières grasses extra-européennes deviennent les premières denrées coloniales importées en Europe, devant le sucre et le café. Pourtant, un siècle plus tard, le beurre est la seule graisse mise à l’honneur dans les livres de recettes. Où sont donc passés les gras coloniaux ?
",https://www.franceculture.fr/franceculture/podcasts/le-cours-de-l-histoire/defendre-son-bout-de-gras-une-histoire-coloniale-et-politique-3054691,,,,0cf50e0b-d3f3-4aac-8328-66059f7c744c_5
2025-12-17T08:00:00+00:00,1765958400,Cassoulet au menu ? Manger à Toulouse au Moyen Âge,"Au Moyen Âge, Toulouse est une plaque tournante pour l’alimentation. Des places de marché aux pâtisseries, les métiers de bouche impriment le tissu urbain. Dans chaque quartier, les capitouls veillent au grain. ",https://www.franceculture.fr/franceculture/podcasts/le-cours-de-l-histoire/cassoulet-au-menu-manger-a-toulouse-au-moyen-age-3171636,,,,edd1612f-5702-4d96-bbd0-3430eb25ed13_5
2025-12-18T08:00:00+00:00,1766044800,"La bûche de Noël, du rondin magique au dessert crémeux","À l’origine morceau de bois soigneusement choisi et brûlé la nuit du 24 au 25 décembre, comment la bûche de Noël s’est-elle transformée en gâteau ? Comment le rite du sapin de Noël a-t-il lui aussi supplanté la bûche en bois ? Quelle interprétation anthropologique donner à ces traditions ?",https://www.franceculture.fr/franceculture/podcasts/le-cours-de-l-histoire/la-buche-de-noel-du-rondin-magique-au-dessert-cremeux-9194217,,,,6c4302d9-245c-45a1-9d91-85b17fd0b07a_5
2025-12-19T08:00:00+00:00,1766131200,"Enfants, ados, adultes, comment donner le goût de l’histoire ?","De la bande dessinée, au roman documentaire pour adolescent, en passant par des contes fantastiques en faux ancien français, l’histoire se transmet de bien différentes manières. Comment des contenus ludiques, pédagogiques et historiques dialoguent-ils ? Comment transmettre le goût de l’histoire ?",https://www.franceculture.fr/franceculture/podcasts/le-cours-de-l-histoire/donner-le-gout-de-l-histoire-la-force-de-la-litterature-jeunesse-8277862,,,,a2c99a87-d958-4330-abb2-0b745a0984a9_5
2025-12-22T08:00:00+00:00,1766390400,"Préhistoire ou Verdun, quand le passé inspire l'art contemporain","Comment l’art contemporain s'approprie-t-il l’histoire ? Dessin, tapisserie, photographie, les artistes tissent des liens avec les lieux et objets historiques. Des grottes ornées de la Préhistoire au champ de bataille de Verdun, l’art contemporain porte un regard nouveau sur les vestiges du passé.",https://www.franceculture.fr/franceculture/podcasts/le-cours-de-l-histoire/prehistoire-ou-verdun-quand-le-passe-inspire-l-art-contemporain-8631795,,,,519ff711-5dde-49c2-a831-8e5a54bcddc9_5
2025-12-23T08:00:00+00:00,1766476800,"Musique médiévale, à la recherche du son des troubadours","Comment les chansons des premiers troubadours sonnent-elles ? Cette question résonne dans l’esprit des historiens et des historiennes comme une rengaine. Pourtant, les sources relatives à ces auteurs-compositeurs du 12ᵉ siècle sont rares, voire inexistantes.",https://www.franceculture.fr/franceculture/podcasts/le-cours-de-l-histoire/musique-medievale-a-la-recherche-du-son-des-troubadours-1228498,,,,f5607768-b06c-449e-8c53-acbf330754e2_5
2025-12-24T08:00:00+00:00,1766563200,"La mémoire dans le nez, déambulation olfactive à l'Osmothèque","Le parfum est par nature évanescent. Sous l’effet de la lumière, de l’air et de la chaleur, il est voué à se dégrader puis disparaître. Depuis 1990, l'Osmothèque s’est donné pour mission de conserver ce patrimoine olfactif et de transmettre l’histoire du parfum et de la parfumerie. ",https://www.franceculture.fr/franceculture/podcasts/le-cours-de-l-histoire/la-memoire-dans-le-nez-deambulation-olfactive-a-l-osmotheque-7608791,,,,5f771272-b0bb-4671-bab8-8fc6219199eb_5
2025-12-26T08:00:00+00:00,1766736000,"LE COURS DE L'HISTOIRE, émission du vendredi 26 décembre 2025","
",,,,,a35199d2-1b13-492d-a403-2a0e588da867_5
2025-12-29T08:00:00+00:00,1766995200,"LE COURS DE L'HISTOIRE, émission du lundi 29 décembre 2025", ,,,,,4302416b-908b-49a7-9ef0-c93492ae15f8_5
2025-12-30T08:00:00+00:00,1767081600,"LE COURS DE L'HISTOIRE, émission du mardi 30 décembre 2025", ,,,,,48d0a22a-8337-46e9-9104-7fbd61cca875_5
2025-12-31T08:00:00+00:00,1767168000,"LE COURS DE L'HISTOIRE, émission du mercredi 31 décembre 2025",  ,,,,,e8e98b1e-96ff-483a-94f0-303d582c6e62_5
2026-01-01T08:00:00+00:00,1767254400,"Lire et écrire, une histoire populaire 1/4 : Un dictionnaire dans toutes les chaumières ! Histoire d’un livre à succès",  ,,,,,ac9162d4-9956-4705-889c-3f25a05e6486_5
2026-01-02T08:00:00+00:00,1767340800,"LE COURS DE L'HISTOIRE, émission du vendredi 02 janvier 2026","
 ",,,,,b41a30cb-ab84-4755-b901-b0a96f988f8d_5
2026-01-05T08:00:00+00:00,1767600000,Pax Romana ? Quand Rome dicte les termes de la paix,"Rome est une cité guerrière, tout au long de son histoire. Comment conçoit-elle la paix, symboliquement et concrètement, à l’intérieur et à l’extérieur des frontières de l’empire ? Est-il exact de parler de Pax Romana dans l'Antiquité romaine, ou s’agit-il d’un concept historiographique ultérieur ?",https://www.franceculture.fr/franceculture/podcasts/le-cours-de-l-histoire/pax-romana-quand-rome-dicte-les-termes-de-la-paix-1654787,,,,bdbc0279-7a37-4a13-8237-a0d85b8ad8f7_5
2026-01-06T08:00:00+00:00,1767686400,"Paix de Dieu, maintenir l'ordre en odeur de sainteté","Le tournant de l’an mil a longtemps été décrit comme une période violente de l’histoire du Moyen Âge. À la fin du 20ᵉ siècle, plusieurs historiennes et historiens nuancent ce discours. Des règles en faveur de la paix sont instaurées à l’initiative des évêques dès la fin du 10ᵉ siècle.

",https://www.franceculture.fr/franceculture/podcasts/le-cours-de-l-histoire/paix-de-dieu-maintenir-l-ordre-en-odeur-de-saintete-4181692,,,,ef7a7563-e849-4668-91ec-9ef7df5e40be_5
2026-01-07T08:00:00+00:00,1767772800,Maudite soit la guerre ! Aux origines du pacifisme,"Au début du 20ᵉ siècle, le pacifisme socialiste progresse en Europe en réponse à la progression des conflits sur le continent. Des congrès internationaux aux journaux pacifistes, la lutte pour la paix s’organise à l’échelle européenne. Quelles ont été les voix du pacifisme socialiste avant 1914 ?",https://www.franceculture.fr/franceculture/podcasts/le-cours-de-l-histoire/maudite-soit-la-guerre-aux-origines-du-pacifisme-2715618,,,,d7557153-cb45-4102-9c1a-88f6167420fd_5
2026-01-08T08:00:00+00:00,1767859200,On fait la paix ? De la SDN à l'ONU,"La Société des Nations, créée en 1919, et l’Organisation des Nations unies, qui la remplace en 1945, témoignent de la volonté d’institutionnaliser la paix au 20ᵉ siècle, face à la montée de la conflictualité et à la diffusion d’idées pacifistes. Quels succès et échecs émaillent leur histoire ?",https://www.franceculture.fr/franceculture/podcasts/le-cours-de-l-histoire/on-fait-la-paix-de-la-sdn-a-l-onu-7149421,,,,e1366124-9d26-4a1b-bf6e-7dfcbd963bb3_5
2026-01-09T08:00:00+00:00,1767945600,"Laure Gasparotto, mettre de l'histoire dans son vin","La culture de la vigne trouve-t-elle ses origines en Orient ? L’écrivaine et journaliste Laure Gasparotto voyage de l’Empire perse aux monastères de Bourgogne, et offre une histoire longue de la production et de la consommation de vin, où s’entremêlent des dynamiques économiques et sociales.",https://www.franceculture.fr/franceculture/podcasts/le-cours-de-l-histoire/laure-gasparotto-mettre-de-l-histoire-dans-son-vin-7732347,,,,bfeb3570-284b-4819-ab0b-b4520fb6e0b6_5
2026-01-12T08:00:00+00:00,1768204800,"Les débuts de la photographie, chambre ouverte sur le monde","En 1826, Nicéphore Niépce réalise la première photographie parvenue de l’histoire : ""Point de vue du Gras"". La décennie suivante, Louis Daguerre, William Henry Fox Talbot et Hippolyte Bayard développent à leur tour la photographie. Partout dans le monde, des studios de photographie voient le jour.",https://www.franceculture.fr/franceculture/podcasts/le-cours-de-l-histoire/les-debuts-de-la-photographie-chambre-ouverte-sur-le-monde-4639611,,,,96e1018a-5e0d-4f39-9bca-8e5742ac3289_5
2026-01-13T08:00:00+00:00,1768291200,Attention les yeux ! Une histoire du flash,"Dans les catacombes, dans les égouts, ou sous les mers, l'éclairage artificiel accompagne les appareils des photographes pour déplacer les frontières du visible à partir du milieu du 19ᵉ siècle. Comment la mise au point du flash ouvre-t-elle le champ des possibles en photographie ?",https://www.franceculture.fr/franceculture/podcasts/le-cours-de-l-histoire/attention-les-yeux-une-histoire-du-flash-9533679,,,,83b9e2b7-5e2a-4a68-b8be-cb823e462d7a_5
2026-01-14T08:00:00+00:00,1768377600,"1, 2, 3, ouistiti ! Histoire de la photo amateur","Depuis les débuts de la photographie, au 19ᵉ siècle, la pratique photographique s’est largement démocratisée et a quitté le cercle des quelques professionnels aguerris pour devenir une activité grand public. Comment cette transition s’est-elle opérée ? Quelle place pour la photo amateur ?",https://www.franceculture.fr/franceculture/podcasts/le-cours-de-l-histoire/1-2-3-ouistiti-histoire-de-la-photo-amateur-8633654,,,,9ddee9c5-7d38-41b8-9470-195f439c749c_5
2026-01-15T08:00:00+00:00,1768464000,"Copier, coller, manipuler, histoire du photomontage","Au début du 20ᵉ siècle, le photomontage prend son essor en lien avec les évolutions techniques de la photographie. Des dadaïstes berlinois aux réseaux communistes français, le procédé devient une arme politique au service de la lutte des classes dans l’entre-deux-guerres.",https://www.franceculture.fr/franceculture/podcasts/le-cours-de-l-histoire/copier-coller-manipuler-histoire-du-photomontage-1229949,,,,20fbf1da-32c4-4053-bbc3-ae48dcd176cb_5
2026-01-16T08:00:00+00:00,1768550400,"Autochtones d'Amérique à la cour de Louis XV, visite diplomatique de Versailles à Fontainebleau","À la fin de l'été 1725, après douze semaines de traversée de l'océan Atlantique, une délégation de nations autochtones d'Amérique du Nord débarque dans le port de Lorient. Commence alors un séjour de cinq mois en France pour consolider l'alliance des nations amérindiennes avec la Couronne française.",https://www.franceculture.fr/franceculture/podcasts/le-cours-de-l-histoire/autochtones-d-amerique-a-la-cour-de-louis-xv-visite-diplomatique-de-versailles-a-fontainebleau-6094292,,,,d5244ae4-22ba-4f2b-b447-e7524054c109_5
2026-01-19T08:00:00+00:00,1768809600,"Pilleurs de pyramides, ce tombeau sera notre magot !","Dans l'Égypte ancienne, la croyance en la survie après la mort entraîne la protection des corps par la momification et la présence d’un mobilier pour accompagner le défunt ou la défunte. De l'Antiquité à la période contemporaine, la richesse des sépultures attise la convoitise des pilleurs.",https://www.franceculture.fr/franceculture/podcasts/le-cours-de-l-histoire/pilleurs-de-pyramides-ce-tombeau-sera-notre-magot-2238882,,,,8ae06e30-5fc0-4893-ae5c-3a17044f6a20_5
2026-01-20T08:00:00+00:00,1768896000,Qu'ils sont pilleurs ces Romains ! le butin en triomphe,"Dans l'Antiquité romaine, le pillage est prévu par le droit dans le cadre des butins de guerre. Les objets pris de force s'inscrivent dans des réseaux de rituels publics, de leur acquisition à leurs destinations.
",https://www.franceculture.fr/franceculture/podcasts/le-cours-de-l-histoire/ils-sont-pilleurs-ces-romains-le-butin-en-triomphe-2304600,,,,b425a27d-c872-4931-9eed-489d3aeb7a34_5
2026-01-21T08:00:00+00:00,1768982400,"L'art à la pointe de la baïonnette, pillage allemands pendant la Grande Guerre","Lorsque la Grande Guerre éclate, une partie du patrimoine culturel belge et français est détruite : incendies, pillage de collections publiques et privées, réquisitions par les Allemands... Très vite, la sauvegarde du patrimoine, puis sa restitution, devient un enjeu pour les belligérants.",https://www.franceculture.fr/franceculture/podcasts/le-cours-de-l-histoire/l-art-a-la-pointe-de-la-baionnette-pillage-allemands-pendant-la-grande-guerre-3721629,,,,72c926cc-f06a-4a30-ae04-b5da81e7ffac_5
2026-01-22T08:00:00+00:00,1769068800,"Napoléon, rends les œuvres ! La première grande restitution","Entre 1794 et 1814, la France révolutionnaire puis impériale s’approprie de nombreux artefacts, œuvres d’art et objets précieux de ses ennemis vaincus – les États italiens, l’Autriche et la Prusse. En 1815, la chute de Napoléon inaugure la première grande restitution contemporaine.",https://www.franceculture.fr/franceculture/podcasts/le-cours-de-l-histoire/napoleon-rends-les-oeuvres-la-premiere-grande-restitution-5394409,,,,a6ce16bc-30f2-495a-8eef-614e288a7b9d_5
2026-01-23T08:00:00+00:00,1769155200,"Tash Aw, mémoires et silences de l’Asie du Sud-Est","Par le récit et l’autofiction, l'écrivain Tash Aw raconte une histoire de l’Asie du Sud-Est traversée par les migrations, où la pluralité des langues et des dialectes côtoie les silences familiaux. Dans ""Le Sud"", il dresse une fresque sociale de la Malaisie à laquelle se mêle le roman d’initiation.",https://www.franceculture.fr/franceculture/podcasts/le-cours-de-l-histoire/tash-aw-memoires-et-silences-de-l-asie-du-sud-est-4452776,,,,671edefa-5f0a-4237-84bb-f4dcc73b5c5b_5
2026-01-26T08:00:00+00:00,1769414400,"États-Unis/Canada, histoire trouble de voisinage","Avant même de connaître leurs frontières actuelles, les États-Unis et le Canada se sont affrontés pour définir leur territoire. Invasion des provinces, circulation de populations et d'idées… Dans quelle mesure l'identité nationale du Canada s'est-elle formée au contact de son voisin ?",https://www.franceculture.fr/franceculture/podcasts/le-cours-de-l-histoire/etats-unis-canada-histoire-trouble-de-voisinage-9666509,,,,05d1eee1-0c0f-40cc-959b-40b893be271f_5
2026-01-27T08:00:00+00:00,1769500800,"États-Unis/Mexique, une frontière dans tous ses États","Au début du 19ᵉ siècle, les États-Unis forment une jeune nation ambitieuse. Pourtant, le chemin jusqu’à l’océan Pacifique est encore long. Dans les années 1820, l’empire colonial espagnol, puis le Mexique, s’étendent sur toute la partie ouest du continent nord-américain.",https://www.franceculture.fr/franceculture/podcasts/le-cours-de-l-histoire/etats-unis-mexique-une-frontiere-dans-tous-ses-etats-2304921,,,,b8393b26-fb2e-4aee-8261-7a4b2bf10ada_5
2026-01-28T08:00:00+00:00,1769587200,"États-Unis/Amérique latine, bananer pour mieux régner avec la United Fruit Co.","À la fin du 19ᵉ siècle, la conquête de l'ouest s'achève pour les États-Unis. Leur emprise continue de s'étendre sur le continent américain au travers d'un interventionnisme économique comme politique, qui s'incarne tout particulièrement dans la United Fruit Company.",https://www.franceculture.fr/franceculture/podcasts/le-cours-de-l-histoire/etats-unis-amerique-latine-bananer-pour-mieux-regner-avec-la-united-fruit-co-8007059,,,,bfe72be4-9312-4616-8a82-86cb988f81ed_5
2026-01-29T08:00:00+00:00,1769673600,"États-Unis/Groenland, l'impérialisme pris dans les glaces","Durant la Seconde Guerre mondiale, les États-Unis prennent en charge la défense et l’administration de l’île du Groenland, une colonie danoise depuis le 18ᵉ siècle. Durant la guerre froide, le Groenland devient un lieu stratégique pour les États-Unis face à la menace soviétique.",https://www.franceculture.fr/franceculture/podcasts/le-cours-de-l-histoire/etats-unis-groenland-l-imperialisme-pris-dans-les-glaces-3857022,,,,be14a78d-e037-4816-bc5a-672e80611aae_5
2026-01-30T08:00:00+00:00,1769760000,"Jakuta Alikavazovic, une voix pour les fantômes de l'exil","Dans l’écriture de Jakuta Alikavazovic, se trouvent une mère évanescente, poétesse née en Bosnie, un père qui aurait pu se faire voleur d’art, ou encore une femme qui mène une quête à Sarajevo. Dans ces récits se glisse aussi, toujours tapie, l’histoire de l’ex-Yougoslavie et de la guerre.",https://www.franceculture.fr/franceculture/podcasts/le-cours-de-l-histoire/jakuta-alikavazovic-une-voix-pour-les-fantomes-de-l-exil-8761749,,,,427a33b8-6f8e-42d6-b78e-9f9e740040fd_5
2026-02-02T08:00:00+00:00,1770019200,"Musée municipal, une histoire territoriale","Dès la Révolution, les territoires hors de Paris ambitionnent d'avoir leurs musées et leurs collections. Un défi pour les municipalités tout au long du 19ᵉ siècle, au cours duquel le soutien de l'État est un sujet de tensions, alors que les musées deviennent un outil de rayonnement des villes.",https://www.franceculture.fr/franceculture/podcasts/le-cours-de-l-histoire/musee-municipal-une-histoire-territoriale-2140182,"Musée municipal, une histoire territoriale",https://proxycast.radiofrance.fr/f4511146-190e-405a-9d33-e56b473e3800/10076-02.02.2026-ITEMA_24394354-2026C36128S0033-NET_MFC_7BD8FBB5-FEF9-4146-A3F1-0113AB1E2CE3-21-f57b67781b361dcf46c19d6819b000da.mp3?project=c9985698-c0ee-4af3-b0ed-f1a8c7c2d4cd,https://embed.radiofrance.fr/franceculture/player?id_diffusion=4a2cfbb6-6265-4380-a8fa-63a22584a98d,4a2cfbb6-6265-4380-a8fa-63a22584a98d_5
2026-02-03T08:00:00+00:00,1770105600,"Maisons d'écrivain et d'écrivaine, ancrer la fierté locale","Les premières maisons d’écrivain et d'écrivaine ouvertes au public sont inaugurées sous la Troisième République. Pourtant, la célébration de figures littéraires s’affirme dès la fin du 18ᵉ siècle. Comment ces maisons-musées sont-elles devenues un enjeu de politique publique ?",https://www.franceculture.fr/franceculture/podcasts/le-cours-de-l-histoire/maisons-d-ecrivain-et-d-ecrivaine-ancrer-la-fierte-locale-5542717,"Maisons d'écrivain et d'écrivaine, ancrer la fierté locale",https://proxycast.radiofrance.fr/86ed1d44-f2eb-42a5-afe8-340d3ad6fbde/10076-03.02.2026-ITEMA_24395722-2026C36128S0034-NET_MFC_F4EFC050-59E2-4B81-A7D5-4F51C9DAD7E2-21-1c869e6ea54686fb00104297ce304b4d.mp3?project=c9985698-c0ee-4af3-b0ed-f1a8c7c2d4cd,https://embed.radiofrance.fr/franceculture/player?id_diffusion=51e6d522-eaf5-418c-a1d0-25b79f80122f,51e6d522-eaf5-418c-a1d0-25b79f80122f_5
2026-02-04T08:00:00+00:00,1770192000,"Des gestes et des outils, exposer le monde paysan","Dans les années 1960, plusieurs missions scientifiques sont mises en place sur le territoire français afin de patrimonialiser le monde paysan. Mobilier, gestes de travail, outils traditionnels, chaque élément doit être conservé. Comment le monde paysan est-il entré dans le patrimoine national ?",https://www.franceculture.fr/franceculture/podcasts/le-cours-de-l-histoire/des-gestes-et-des-outils-exposer-le-monde-paysan-1196210,"Des gestes et des outils, exposer le monde paysan",https://proxycast.radiofrance.fr/a86c161a-376a-47c7-b82c-5dc14273a30e/10076-04.02.2026-ITEMA_24396952-2026C36128S0035-NET_MFC_0595195C-CFD2-4465-B012-599142DDAE76-21-98aae2807abd05a4ca9ee7053b46fbff.mp3?project=c9985698-c0ee-4af3-b0ed-f1a8c7c2d4cd,https://embed.radiofrance.fr/franceculture/player?id_diffusion=37cc5336-2015-4285-85be-d0942475cc59,37cc5336-2015-4285-85be-d0942475cc59_5
2026-02-05T08:00:00+00:00,1770278400,"Culture et patrimoine, un siècle de politiques municipales","Tout au long du 20ᵉ siècle, la sauvegarde du patrimoine est en partie la compétence des communes et des municipalités. Comment se chargent-elles de cette responsabilité, et avec quels outils, dans un contexte de patrimonialisation accrue ?",https://www.franceculture.fr/franceculture/podcasts/le-cours-de-l-histoire/culture-et-patrimoine-un-siecle-de-politiques-municipales-5387186,"Culture et patrimoine, un siècle de politiques municipales",https://proxycast.radiofrance.fr/09ff6978-cc53-4468-a45c-829cbe279cc7/10076-05.02.2026-ITEMA_24398248-2026C36128S0036-NET_MFC_6DA55FF8-9F8F-4B61-B577-726DA897DBD8-21-f8eded3f35d34af04c9d06d3b5ce8012.mp3?project=c9985698-c0ee-4af3-b0ed-f1a8c7c2d4cd,https://embed.radiofrance.fr/franceculture/player?id_diffusion=38ed280b-2ccc-44cd-9fa2-6db05c00025c,38ed280b-2ccc-44cd-9fa2-6db05c00025c_5
2026-02-06T08:00:00+00:00,1770364800,"Tania de Montaigne, l'histoire pour déjouer le racisme","Tania de Montaigne interroge les évidences raciales à l’aune de l’histoire. Par l’écriture, elle redonne voix à Claudette Colvin, figure oubliée du mouvement pour les droits civiques, et questionne les assignations identitaires dans une perspective universaliste.",https://www.franceculture.fr/franceculture/podcasts/le-cours-de-l-histoire/tania-de-montaigne-l-histoire-pour-dejouer-le-racisme-5884362,"Tania de Montaigne, l'histoire pour déjouer le racisme",https://proxycast.radiofrance.fr/80ee833c-2435-4a82-b31d-7aa83845b4a2/10076-06.02.2026-ITEMA_24399665-2026C36128S0037-NET_MFC_97799B41-1F7A-4C8E-BD2F-C8A993D768D9-21-4699286aa8ba9b6259fb2e664985a1ac.mp3?project=c9985698-c0ee-4af3-b0ed-f1a8c7c2d4cd,https://embed.radiofrance.fr/franceculture/player?id_diffusion=8e322002-d457-4f7f-a4da-003af301ad7e,8e322002-d457-4f7f-a4da-003af301ad7e_5
2026-02-09T08:00:00+00:00,1770624000,"L’Iran perce sous les Qadjar, histoire d'une révolution constitutionnelle","De la fin du 18ᵉ siècle au début du 20ᵉ siècle, la dynastie Qadjar dirige la Perse. Dans cette monarchie absolue, l’autoritarisme des souverains suscite parfois des révoltes. Entre 1905 et 1911, la révolution constitutionnelle transforme l’Iran en un État parlementaire et démocratique.",https://www.franceculture.fr/franceculture/podcasts/le-cours-de-l-histoire/l-iran-perce-sous-les-qadjar-histoire-d-une-revolution-constitutionnelle-3176821,"L’Iran perce sous les Qadjar, histoire d'une révolution constitutionnelle",https://proxycast.radiofrance.fr/7d51dd2d-6efc-471e-8f44-fb6aed2d28c7/10076-09.02.2026-ITEMA_24402329-2026C36128S0040-NET_MFC_8917E295-8606-41CC-A3ED-5D7D6B5C7B3C-21-93089354630e8f8d990ee71885f5a90e.mp3?project=c9985698-c0ee-4af3-b0ed-f1a8c7c2d4cd,https://embed.radiofrance.fr/franceculture/player?id_diffusion=1eb77854-3d9d-4b0c-add1-239b33c83b44,1eb77854-3d9d-4b0c-add1-239b33c83b44_5
2026-02-10T08:00:00+00:00,1770710400,"L'Iran des Pahlavi, portrait d'une dynastie","En 1921, un coup d’État renverse la dynastie des Qadjar et annonce le règne des Pahlavi. Entre modernisation et répression, la Perse, devenue l’Iran, s’établit comme puissance régionale et internationale.",https://www.franceculture.fr/franceculture/podcasts/le-cours-de-l-histoire/l-iran-des-pahlavi-portrait-d-une-dynastie-4899330,"L'Iran des Pahlavi, portrait d'une dynastie",https://proxycast.radiofrance.fr/5950c424-343d-4749-9d66-2bf73d3a093c/10076-10.02.2026-ITEMA_24403640-2026C36128S0041-NET_MFC_85FCB576-6804-405E-BE11-C2926B9E82ED-21-01957c667dcca2977818b0026fa4b695.mp3?project=c9985698-c0ee-4af3-b0ed-f1a8c7c2d4cd,https://embed.radiofrance.fr/franceculture/player?id_diffusion=e64f0226-e98d-4341-bc88-7e67e37e5459,e64f0226-e98d-4341-bc88-7e67e37e5459_5
2026-02-11T08:00:00+00:00,1770796800,"Iran 1979, la révolution confisquée","Janvier 1979, le shah d’Iran s’exile. La voie s'ouvre au retour de l’ayatollah Khomeini à Téhéran. Le régime des Pahlavi s’effondre avec la révolution iranienne, qui aboutit bientôt à la proclamation d’une république islamique, placée sous le signe d’un islam de plus en plus rigoriste.",https://www.franceculture.fr/franceculture/podcasts/le-cours-de-l-histoire/iran-1979-la-revolution-confisquee-2201534,"Iran 1979, la révolution confisquée",https://proxycast.radiofrance.fr/62c87657-3644-4d84-8861-fa414a33c85e/10076-11.02.2026-ITEMA_24405131-2026C36128S0042-NET_MFC_4C3236FA-9816-40E8-9DE9-B60C2A3E0F83-21-0441665cff8cf9b8440407b46926ec98.mp3?project=c9985698-c0ee-4af3-b0ed-f1a8c7c2d4cd,https://embed.radiofrance.fr/franceculture/player?id_diffusion=51f57d9f-ca00-4b20-b48e-cc859a09f3d6,51f57d9f-ca00-4b20-b48e-cc859a09f3d6_5
2026-02-12T08:00:00+00:00,1770883200,"Iran 1988, l'opposition massacrée","À partir de 1980, l’ayatollah Khomeini prend le contrôle total du pouvoir de la République islamique d’Iran. En quelques années, le Guide suprême, servi par le corps des gardiens de la révolution islamique, réprime dans le sang les différentes oppositions au régime. ",https://www.franceculture.fr/franceculture/podcasts/le-cours-de-l-histoire/iran-1988-l-opposition-massacree-1847490,"Iran 1988, l'opposition massacrée",https://proxycast.radiofrance.fr/ef6497db-9ec9-4a78-921f-5395686f4a08/10076-12.02.2026-ITEMA_24406423-2026C36128S0043-NET_MFC_FF876060-BCCB-4BB2-9E69-DA3A198523B7-21-80a01b4c009668ef1412f283c029f004.mp3?project=c9985698-c0ee-4af3-b0ed-f1a8c7c2d4cd,https://embed.radiofrance.fr/franceculture/player?id_diffusion=5d80e3b8-d092-4cca-ab30-d520ee31a738,5d80e3b8-d092-4cca-ab30-d520ee31a738_5
2026-02-13T08:00:00+00:00,1770969600,"Momies et restes humains, l’art de bien conserver","Si les immenses collections de restes humains entreposées dans les réserves des musées français sont une source importante pour la connaissance du passé, leur conservation et leur exposition posent de nombreuses questions éthiques. Comment restaurer la dignité de ces anciens êtres vivants ?",https://www.franceculture.fr/franceculture/podcasts/le-cours-de-l-histoire/momies-et-restes-humains-l-art-de-bien-conserver-8627411,"Momies et restes humains, l’art de bien conserver",https://proxycast.radiofrance.fr/bc6b01ee-6d51-4ba5-84b4-2b926b8ab2f8/10076-13.02.2026-ITEMA_24407885-2026C36128S0044-NET_MFC_4434119C-A738-4A4C-ADFF-AC1ABB91B5BD-21-b87339555f604d322f2cfc657e02c7e0.mp3?project=c9985698-c0ee-4af3-b0ed-f1a8c7c2d4cd,https://embed.radiofrance.fr/franceculture/player?id_diffusion=29629dea-c983-4505-a27f-5e0c8ba3f3b9,29629dea-c983-4505-a27f-5e0c8ba3f3b9_5
2026-02-16T08:00:00+00:00,1771228800,"Compagnons du Tour de France, la geste d’une formation d’excellence","Entourés d’un halo de mystère et de secret, les Compagnons du Tour de France reçoivent une formation en artisanat d’excellence, marquée par l'itinérance et de nombreux rites de passage. De la fin du Moyen Âge à nos jours, comment cette formation s’est-elle peu à peu structurée ?
",https://www.franceculture.fr/franceculture/podcasts/le-cours-de-l-histoire/compagnons-du-tour-de-france-la-geste-d-une-formation-d-excellence-5164226,"Compagnons du Tour de France, la geste d’une formation d’excellence",https://proxycast.radiofrance.fr/99a6d8a9-94b8-4def-bfba-9244e00d3019/10076-16.02.2026-ITEMA_24410573-2026C36128S0047-NET_MFC_C4FF4305-87A5-4D69-BD26-DEF921935540-21-5f0bc200235be1584da863fb99190045.mp3?project=c9985698-c0ee-4af3-b0ed-f1a8c7c2d4cd,https://embed.radiofrance.fr/franceculture/player?id_diffusion=13529111-3165-448a-bf8c-9dc649d1ae20,13529111-3165-448a-bf8c-9dc649d1ae20_5
2026-02-17T08:00:00+00:00,1771315200,La formation en révolution ! Histoire de l'ingénieuse Polytechnique,"Au lendemain de la Révolution, la France manque d’ingénieurs d’État. L’accès à de nouvelles écoles se démocratise et une nouvelle élite scientifique voit le jour. Polytechnique s’inscrit comme école de référence.",https://www.franceculture.fr/franceculture/podcasts/le-cours-de-l-histoire/la-formation-en-revolution-histoire-de-l-ingenieuse-polytechnique-2011000,La formation en révolution ! Histoire de l'ingénieuse Polytechnique,https://proxycast.radiofrance.fr/2e013526-143d-4f97-b886-fef80981445c/10076-17.02.2026-ITEMA_24411931-2026C36128S0048-NET_MFC_E32FD2B1-A6C8-4F2B-B144-C13D502E96FC-21-5da12597dd2ca23ac8bba65227faddf8.mp3?project=c9985698-c0ee-4af3-b0ed-f1a8c7c2d4cd,https://embed.radiofrance.fr/franceculture/player?id_diffusion=39519768-68c7-455f-923a-0ef2a094e640,39519768-68c7-455f-923a-0ef2a094e640_5
2026-02-18T08:00:00+00:00,1771401600,"Forestiers et agronomes à l’École, planter les graines du savoir","Dans les années 1820, des écoles d’agronomie et de foresterie sont créées pour la première fois en France. En quelques décennies, l’École forestière de Nancy, en Lorraine, et l’Institut agronomique de Grignon, en Île-de-France, deviennent des références à l’international. ",https://www.franceculture.fr/franceculture/podcasts/le-cours-de-l-histoire/forestiers-et-agronomes-a-l-ecole-planter-les-graines-du-savoir-9367907,"Forestiers et agronomes à l’École, planter les graines du savoir",https://proxycast.radiofrance.fr/e03e0e25-d63a-4b39-9742-d8eee7050e5b/10076-18.02.2026-ITEMA_24413197-2026C36128S0049-NET_MFC_400B70B0-4B3D-4AF3-ACF4-D3E105EB2B86-21-d2594382767dd2a78c5d00cda5e0006a.mp3?project=c9985698-c0ee-4af3-b0ed-f1a8c7c2d4cd,https://embed.radiofrance.fr/franceculture/player?id_diffusion=052a4916-bb09-4643-b638-975c4f79edce,052a4916-bb09-4643-b638-975c4f79edce_5
2026-02-19T08:00:00+00:00,1771488000,"Former ses élites, la République fait Sciences Po neuve","Fondée en 1872, l'École libre des sciences politiques devient en 1945 l’Institut des études politiques. Comment Sciences Po et la formation offerte dans ses murs se sont-elles transformées ? Comment l'Institut a-t-il acquis sa réputation d’école des élites, en particulier de la classe politique ?
",https://www.franceculture.fr/franceculture/podcasts/le-cours-de-l-histoire/former-ses-elites-la-republique-fait-sciences-po-neuve-3103221,"Former ses élites, la République fait Sciences Po neuve",https://proxycast.radiofrance.fr/1e35b527-cc8e-4288-b578-cf4059511e6b/10076-19.02.2026-ITEMA_24414386-2026C36128S0050-NET_MFC_34AD8650-DE9A-4F99-BFAF-07786A06A79B-21-d49f60fc6206646050ae25c90c799675.mp3?project=c9985698-c0ee-4af3-b0ed-f1a8c7c2d4cd,https://embed.radiofrance.fr/franceculture/player?id_diffusion=78464b25-6eb6-45a0-b27a-edb7fc0d4780,78464b25-6eb6-45a0-b27a-edb7fc0d4780_5
2026-02-20T08:00:00+00:00,1771574400,"Didier Eribon, retour à l’histoire","À travers la philosophie et la sociologie, Didier Eribon questionne l’inscription des choix individuels dans les normes et les structures sociales. Retour sur un itinéraire de Reims à Paris, de l’histoire ouvrière à celle de l’homosexualité, entre la sociologie, l’histoire et la littérature. ",https://www.franceculture.fr/franceculture/podcasts/le-cours-de-l-histoire/didier-eribon-retour-a-l-histoire-2738635,"Didier Eribon, retour à l’histoire",https://proxycast.radiofrance.fr/fdc88e16-c18f-47a9-8b7f-d74fb0546b72/10076-20.02.2026-ITEMA_24415904-2026C36128S0051-NET_MFC_10326B86-34ED-406B-884E-6C65362A4341-21-df28ea97c6ead6d225ad7691acaf7b6c.mp3?project=c9985698-c0ee-4af3-b0ed-f1a8c7c2d4cd,https://embed.radiofrance.fr/franceculture/player?id_diffusion=3838de0c-f5a2-4262-8771-d6849c5db553,3838de0c-f5a2-4262-8771-d6849c5db553_5
2026-02-23T08:00:00+00:00,1771833600,"Femmes en sabots, les oubliées de l’histoire ","Du Moyen Âge à la période contemporaine, les femmes des mondes ruraux exercent un rôle domestique et agricole. À l’encontre des idées reçues, les paysannes participent activement au développement des campagnes. Comment écrire l’histoire des femmes dans les mondes ruraux ?
",https://www.franceculture.fr/franceculture/podcasts/le-cours-de-l-histoire/femmes-en-sabots-les-oubliees-de-l-histoire-5607722,"Femmes en sabots, les oubliées de l’histoire ",https://proxycast.radiofrance.fr/a856095e-a1ef-471c-a1fa-96b0c0cf1511/10076-23.02.2026-ITEMA_24418489-2026C36128S0054-NET_MFC_35D87B63-CB75-4F86-B3FA-61A19FC9F84E-21-d3f37a05ee8c142338ae631294714bdd.mp3?project=c9985698-c0ee-4af3-b0ed-f1a8c7c2d4cd,https://embed.radiofrance.fr/franceculture/player?id_diffusion=8409cc15-fad2-49ec-967b-16a26fa1d753,8409cc15-fad2-49ec-967b-16a26fa1d753_5
2026-02-24T08:00:00+00:00,1771920000,"Nourrices, quand les filles des champs veillent sur les enfants des autres ","Elles sont nourrices ""sur lieu"", ""sur place"", ou sédentaires. Au 19ᵉ siècle, le marché nourricier s’institutionnalise dans une France qui s’industrialise. Qui sont ces femmes qui allaitent et veillent sur les enfants du pays ?
",https://www.franceculture.fr/franceculture/podcasts/le-cours-de-l-histoire/nourrices-quand-les-filles-des-champs-veillent-sur-les-enfants-des-autres-7872175,"Nourrices, quand les filles des champs veillent sur les enfants des autres ",https://proxycast.radiofrance.fr/b064b378-e284-4e57-b904-f8293cb2962c/10076-24.02.2026-ITEMA_24419763-2026C36128S0055-NET_MFC_B2DB9655-45C3-4FCA-9928-CC8D5711B0FC-21-9838b1aa204b9ce87c8e64afa73efbae.mp3?project=c9985698-c0ee-4af3-b0ed-f1a8c7c2d4cd,https://embed.radiofrance.fr/franceculture/player?id_diffusion=f9d1ec70-c6ce-46c8-afb3-926ea7e7f6b7,f9d1ec70-c6ce-46c8-afb3-926ea7e7f6b7_5
2026-02-25T08:00:00+00:00,1772006400,"Travailleuses immigrées, une autre histoire de la main-d’œuvre agricole","Dans l’entre-deux-guerres, après la saignée du premier conflit mondial, les besoins de main-d’œuvre en France sont importants, en particulier dans l’agriculture. Comment l’immigration de travailleuses polonaises, au nord du pays, et espagnoles, au sud, recompose-t-elle les mondes ruraux ?",https://www.franceculture.fr/franceculture/podcasts/le-cours-de-l-histoire/travailleuses-immigrees-une-autre-histoire-de-la-main-d-oeuvre-agricole-8133600,"Travailleuses immigrées, une autre histoire de la main-d’œuvre agricole",https://proxycast.radiofrance.fr/3b5facab-eb51-45f3-8591-85259e20b4db/10076-25.02.2026-ITEMA_24421005-2026C36128S0056-NET_MFC_6F1960EB-5B29-4EBB-8DC1-FE57FF50922A-21-6f7fe4717eeedc91e2067860989fd49d.mp3?project=c9985698-c0ee-4af3-b0ed-f1a8c7c2d4cd,https://embed.radiofrance.fr/franceculture/player?id_diffusion=98762aa9-5db7-4b53-9e4f-475b32f085e7,98762aa9-5db7-4b53-9e4f-475b32f085e7_5
2026-02-26T08:00:00+00:00,1772092800,"Paysannes et engagées, histoire de la culture du combat ","Dans l’après-guerre, les paysannes françaises n’ont pas de statut malgré leur rôle central dans les exploitations agricoles. À partir des années 1970, certaines s’engagent dans la revendication de nouveaux droits. Comment les paysannes françaises sont-elles devenues agricultrices ?
",https://www.franceculture.fr/franceculture/podcasts/le-cours-de-l-histoire/paysannes-et-engagees-histoire-de-la-culture-du-combat-8543576,"Paysannes et engagées, histoire de la culture du combat ",https://proxycast.radiofrance.fr/114c9c86-21d2-4456-9105-8001b1c74727/10076-26.02.2026-ITEMA_24422343-2026C36128S0057-NET_MFC_3401B1AB-989E-4B81-9F90-D42CCB2E5F0E-21-a0334c9ac6b606f28f39a9ac5973cac5.mp3?project=c9985698-c0ee-4af3-b0ed-f1a8c7c2d4cd,https://embed.radiofrance.fr/franceculture/player?id_diffusion=ec00b8ab-0d03-4172-a5b0-cf5af5d1a3ee,ec00b8ab-0d03-4172-a5b0-cf5af5d1a3ee_5
2026-02-27T08:00:00+00:00,1772179200,"Sorj Chalandon, le grand reporter, l'écrivain et l’histoire","Sorj Chalandon écrit l’injustice et la violence. Comme journaliste, il a couvert les conflits contemporains, de l’Irlande du Nord aux massacres de Sabra et Chatila. À travers la littérature, il raconte une enfance face à la violence d’un père et l’émancipation grâce à l’engagement politique.",https://www.franceculture.fr/franceculture/podcasts/le-cours-de-l-histoire/sorj-chalandon-le-grand-reporter-et-l-histoire-8064269,"Sorj Chalandon, le grand reporter, l'écrivain et l’histoire",https://proxycast.radiofrance.fr/87adee7c-c0ce-4765-a7b0-e094711df5ed/10076-27.02.2026-ITEMA_24423264-2026C36128S0058-NET_MFC_B7ECA432-CEDE-40DB-9F71-396DABF1F042-21-0ff183f64d76fa2b8f3b8448e35cf845.mp3?project=c9985698-c0ee-4af3-b0ed-f1a8c7c2d4cd,https://embed.radiofrance.fr/franceculture/player?id_diffusion=7261366d-f559-43c4-8fc3-a172eb72370e,7261366d-f559-43c4-8fc3-a172eb72370e_5
2026-03-02T08:00:00+00:00,1772438400,"Mi-humains, mi-bêtes, la fantastique histoire des théranthropes","Hybrides humains et animaux, les théranthropes ne cessent de fasciner. Apparus au Paléolithique, ils continuent de hanter les imaginaires et le panthéon des dieux et déesses égyptiens, puis la mythologie gréco-romaine, et même la fantasy. Que révèlent-ils du rapport des humains au vivant ?",https://www.franceculture.fr/franceculture/podcasts/le-cours-de-l-histoire/mi-humains-mi-betes-la-fantastique-histoire-des-theranthropes-6324272,"Mi-humains, mi-bêtes, la fantastique histoire des théranthropes",https://proxycast.radiofrance.fr/78597aff-9ec2-4b67-b472-4bb403b8e269/10076-02.03.2026-ITEMA_24424463-2026C36128S0061-NET_MFC_0B38BF42-FEA5-4E5A-BFD1-D97BC4455247-21-e159a7193f7c3fba8effa6ca62015a14.mp3?project=c9985698-c0ee-4af3-b0ed-f1a8c7c2d4cd,https://embed.radiofrance.fr/franceculture/player?id_diffusion=930b193c-5cb6-4bf8-832e-51bcc4a3e706,930b193c-5cb6-4bf8-832e-51bcc4a3e706_5
2026-03-03T08:00:00+00:00,1772524800,"Mythes et dragons, une histoire tout feu tout flamme ?"," De l’Afrique australe à la Chine, le dragon est une créature fantastique universelle. Si les mythes évoluent, sa figure perdure. Gros serpent ou chimère en partie ophidienne, le dragon évoque à la fois la vitalité et les bouleversements du monde.",https://www.franceculture.fr/franceculture/podcasts/le-cours-de-l-histoire/mythes-et-dragons-une-histoire-tout-feu-tout-flamme-5853850,"Mythes et dragons, une histoire tout feu tout flamme ?",https://proxycast.radiofrance.fr/78bf93a2-a19c-476c-b248-4245753dedf3/10076-03.03.2026-ITEMA_24427689-2026C36128S0062-NET_MFC_5189F650-357A-437A-B838-D682A36E777E-21-c5a90f245da9e050f87aad3395110e99.mp3?project=c9985698-c0ee-4af3-b0ed-f1a8c7c2d4cd,https://embed.radiofrance.fr/franceculture/player?id_diffusion=5cb1eba5-bf44-48c6-87e3-025d1ecef658,5cb1eba5-bf44-48c6-87e3-025d1ecef658_5
2026-03-04T08:00:00+00:00,1772611200,"Fascinantes sirènes, histoires de peur et de séduction","Évoquées pour la première fois au 8ᵉ siècle avant notre ère dans ""L'Odyssée"" d'Homère, initialement représentées sous la forme de femmes-oiseaux, leur chant apporte la connaissance à celles et ceux qui l’écoutent. Comment les sirènes ont-elles été décrites de l’Antiquité à nos jours ?
",https://www.franceculture.fr/franceculture/podcasts/le-cours-de-l-histoire/fascinantes-sirenes-histoires-de-peur-et-de-seduction-3195008,"Fascinantes sirènes, histoires de peur et de séduction",https://proxycast.radiofrance.fr/bae1e656-a437-42d1-9f66-11146637edf4/10076-04.03.2026-ITEMA_24428917-2026C36128S0063-NET_MFC_89244DC5-7F5A-428D-BAE0-94C893FD43B1-21-1c0078148f6d9cbf194b5239061cf215.mp3?project=c9985698-c0ee-4af3-b0ed-f1a8c7c2d4cd,https://embed.radiofrance.fr/franceculture/player?id_diffusion=81053695-0c1a-4020-9637-40d346a924b7,81053695-0c1a-4020-9637-40d346a924b7_5
2026-03-05T08:00:00+00:00,1772697600,"Merveilleuses licornes, prendre l’histoire par la corne","De l'Antiquité à nos jours, la licorne a une longue histoire, investie de symboles multiples, parfois contradictoires. Elle incarne un tant le Christ, puis devient centrale dans la littérature courtoise, avant d'entrer dans le monde de la fantaisie et de rester à jamais mystérieuse.",https://www.franceculture.fr/franceculture/podcasts/le-cours-de-l-histoire/merveilleuses-licornes-prendre-l-histoire-par-la-corne-5181916,"Merveilleuses licornes, prendre l’histoire par la corne",https://proxycast.radiofrance.fr/3b41b177-dbc4-495d-9d16-6e84a83347b0/10076-05.03.2026-ITEMA_24430164-2026C36128S0064-NET_MFC_DA3B327A-F363-45A1-9D82-AF5FDC374FD7-21-63480b5703b881b4d8ffb47bc6bcfffe.mp3?project=c9985698-c0ee-4af3-b0ed-f1a8c7c2d4cd,https://embed.radiofrance.fr/franceculture/player?id_diffusion=df9f7b98-b6e1-4b4b-8d23-2f98d6b1fa42,df9f7b98-b6e1-4b4b-8d23-2f98d6b1fa42_5
2026-03-06T08:00:00+00:00,1772784000,"László Nemes, filmer l'histoire de Budapest à Auschwitz","Le cinéaste László Nemes filme l’histoire de l’Europe centrale, des premières secousses de l’Empire austro-hongrois au centre de mise à mort d’Auschwitz-Birkenau. Dans ""Orphelin"", il interroge les liens filiaux et les retentissements de la Shoah pendant les années de dictature communiste en Hongrie.",https://www.franceculture.fr/franceculture/podcasts/le-cours-de-l-histoire/laszlo-nemes-filmer-l-histoire-de-budapest-a-auschwitz-6623067,"László Nemes, filmer l'histoire de Budapest à Auschwitz",https://proxycast.radiofrance.fr/a7d19ccb-a758-4f35-8335-8e1ff04bbcbd/10076-06.03.2026-ITEMA_24431071-2026C36128E0002-NET_MFC_8E59AAFA-452D-4CD4-8664-EA6E3758CC16-21-21690521f342fb06f42921142b44d1e5.mp3?project=c9985698-c0ee-4af3-b0ed-f1a8c7c2d4cd,https://embed.radiofrance.fr/franceculture/player?id_diffusion=f1a9a3f0-549b-4683-ac7a-3170b4e4fdbb,f1a9a3f0-549b-4683-ac7a-3170b4e4fdbb_5
2026-03-09T08:00:00+00:00,1773043200,"""Tutti antifascisti"", naissance de l'antifascisme"," À partir des années 1920, l’antifascisme prend son essor dans l’Italie mussolinienne. Des communistes aux catholiques, l’opposition au régime est plurielle et dispersée. Journaux, tracts et grèves se multiplient pour dénoncer la dictature fasciste et ramener l’Italie vers la démocratie. ",https://www.franceculture.fr/franceculture/podcasts/le-cours-de-l-histoire/tutti-antifascisti-naissance-de-l-antifascisme-6842841,"""Tutti antifascisti"", naissance de l'antifascisme",https://proxycast.radiofrance.fr/56a1771a-72d9-4ffe-96d8-e73a7e3ad4ff/10076-09.03.2026-ITEMA_24434260-2026C36128S0068-NET_MFC_541BB498-FFBA-45DC-BDF6-4703CCBEFF67-21-ccc2ce3686d5c4689edf70da2c2e334f.mp3?project=c9985698-c0ee-4af3-b0ed-f1a8c7c2d4cd,https://embed.radiofrance.fr/franceculture/player?id_diffusion=b20cced3-1c59-453e-a18b-a6ef4c6c2936,b20cced3-1c59-453e-a18b-a6ef4c6c2936_5
2026-03-10T08:00:00+00:00,1773129600,"""No pasarán"", guerre d'Espagne et solidarité antifasciste internationale","Dans l’Espagne des années 1930, les mouvements antifascistes s’organisent face à la montée du fascisme et à l'influence du parti phalangiste. En Europe, pendant la guerre civile espagnole, la presse de gauche affirme son soutien aux républicains et les armes traversent discrètement les frontières. ",https://www.franceculture.fr/franceculture/podcasts/le-cours-de-l-histoire/no-pasaran-guerre-d-espagne-et-solidarite-antifasciste-internationale-4061140,"""No pasarán"", guerre d'Espagne et solidarité antifasciste internationale",https://proxycast.radiofrance.fr/050a9726-f6cb-4216-add4-caba6dd78569/10076-10.03.2026-ITEMA_24435626-2026C36128S0069-NET_MFC_DE6245A8-B9E4-474C-9A41-FFA49CB18492-21-a4f084b7d0ad9762ac03450265dc48d1.mp3?project=c9985698-c0ee-4af3-b0ed-f1a8c7c2d4cd,https://embed.radiofrance.fr/franceculture/player?id_diffusion=8edc2103-e10e-4083-ac65-becf9c19a02e,8edc2103-e10e-4083-ac65-becf9c19a02e_5
2026-03-11T08:00:00+00:00,1773216000,"L'Allemagne de l'Est, l'antifascisme et la guerre froide","Avec la défaite des troupes de l’Axe, le suicide de Hitler et l’exécution de Mussolini, le fascisme recule significativement en avril 1945. C'est sur les ruines du IIIᵉ Reich qu'émerge alors en Europe un nouvel État : la République démocratique allemande (RDA), qui se proclame antifasciste. ",https://www.franceculture.fr/franceculture/podcasts/le-cours-de-l-histoire/l-allemagne-de-l-est-l-antifascisme-et-la-guerre-froide-9397918,"L'Allemagne de l'Est, l'antifascisme et la guerre froide",https://proxycast.radiofrance.fr/4de3b3d0-fc56-42a5-9654-3c1a66ab26d0/10076-11.03.2026-ITEMA_24436936-2026C36128S0070-NET_MFC_AB76698D-34FD-4112-855D-D17294DD32A7-21-b2e8704ed7389786f2b7a0636e5e34fa.mp3?project=c9985698-c0ee-4af3-b0ed-f1a8c7c2d4cd,https://embed.radiofrance.fr/franceculture/player?id_diffusion=b60023d4-9d70-46d0-9455-fef2f835aea8,b60023d4-9d70-46d0-9455-fef2f835aea8_5
2026-03-12T08:00:00+00:00,1773302400,"Redskins et punks, des bandes(-sons) antifascistes","Dans les années 1980, les scènes alternatives punks et redskins participent activement à la lutte antifasciste. De la France au Royaume-Uni, la chanson devient politique et les concerts sont des rassemblements contre l’extrême droite. De Bérurier Noir à The Clash, la musique est une arme de lutte. ",https://www.franceculture.fr/franceculture/podcasts/le-cours-de-l-histoire/redskins-et-punks-des-bandes-sons-antifascistes-7473432,"Redskins et punks, des bandes(-sons) antifascistes",https://proxycast.radiofrance.fr/a840686d-e6f5-4993-810e-ea8184cd22c2/10076-12.03.2026-ITEMA_24438182-2026C36128S0071-NET_MFC_3495E76D-3C05-4841-8862-AA8D2A8AA556-21-01bd16d060c671598311d3540527ecd3.mp3?project=c9985698-c0ee-4af3-b0ed-f1a8c7c2d4cd,https://embed.radiofrance.fr/franceculture/player?id_diffusion=6c8fc01b-1510-4048-a7af-eea7e01de02f,6c8fc01b-1510-4048-a7af-eea7e01de02f_5
2026-03-13T08:00:00+00:00,1773388800,"Ariane Ascaride, histoires de luttes et de résistance","Au cinéma comme au théâtre, Ariane Ascaride incarne des personnages qui portent des histoires sociales et politiques. De l’Italie à Marseille, la comédienne aborde les trajectoires migratoires, les luttes sociales ou encore le génocide des Arméniens, et donne voix à Gisèle Halimi. ",https://www.franceculture.fr/franceculture/podcasts/le-cours-de-l-histoire/ariane-ascaride-histoires-de-luttes-et-de-resistance-2545185,"Ariane Ascaride, histoires de luttes et de résistance",https://proxycast.radiofrance.fr/165194cd-ff98-4b65-a527-aa10b496bd79/10076-13.03.2026-ITEMA_24439619-2026C36128S0072-NET_MFC_4F7F2B14-B9F2-4703-B328-3F6BF03B4B18-21-11dcc2c11b575abe6504b3c19975a304.mp3?project=c9985698-c0ee-4af3-b0ed-f1a8c7c2d4cd,https://embed.radiofrance.fr/franceculture/player?id_diffusion=627adb63-57b5-434c-ab30-d322cbb8f8a7,627adb63-57b5-434c-ab30-d322cbb8f8a7_5
2026-03-16T08:00:00+00:00,1773648000,"Rome, Britannia, Domina, séries antiques et en toges","Au 1ᵉʳ siècle avant notre ère, la république romaine et ses institutions traversent une période de crise profonde. De nos jours, un nombre croissant de séries ont choisi de s’ancrer dans ce cadre historique. Comment donnent-elles à voir les intrigues du pouvoir dans la Rome antique ? ",https://www.franceculture.fr/franceculture/podcasts/le-cours-de-l-histoire/rome-britannia-domina-series-antiques-et-en-toges-3926553,"Rome, Britannia, Domina, séries antiques et en toges",https://proxycast.radiofrance.fr/0d897128-5d01-4442-94b5-cf3f15fd950e/10076-16.03.2026-ITEMA_24442267-2026C36128S0075-NET_MFC_B49D169B-0FEB-4542-9CD4-4724415803AD-21-b2fd575ac6ce43ca2026d068c1420fd6.mp3?project=c9985698-c0ee-4af3-b0ed-f1a8c7c2d4cd,https://embed.radiofrance.fr/franceculture/player?id_diffusion=4e9b0cd4-269e-4369-ad3f-e97ddd56d48d,4e9b0cd4-269e-4369-ad3f-e97ddd56d48d_5
2026-03-17T08:00:00+00:00,1773734400,"Game of Arthur la Fronde, le Moyen Âge en séries","Du roi Arthur à Daenerys Targaryen, les productions de séries s’emparent des imaginaires médiévaux. Les combats à l’épée et les cavalcades à cheval rythmées par des musiques épiques façonnent les représentations que le grand public se fait du Moyen Âge. ",https://www.franceculture.fr/franceculture/podcasts/le-cours-de-l-histoire/game-of-arthur-la-fronde-le-moyen-age-en-series-8786331,"Game of Arthur la Fronde, le Moyen Âge en séries",https://proxycast.radiofrance.fr/a04a8616-70e5-4a48-b91f-40e20c9c7eab/10076-17.03.2026-ITEMA_24443656-2026C36128S0076-NET_MFC_07755530-A813-44D1-AE75-94FE7CB5FCF9-21-17b510c9eeba13e27f4c635ebaf133ad.mp3?project=c9985698-c0ee-4af3-b0ed-f1a8c7c2d4cd,https://embed.radiofrance.fr/franceculture/player?id_diffusion=a2bc7087-bffd-4b65-9a5a-55970441b3bd,a2bc7087-bffd-4b65-9a5a-55970441b3bd_5
2026-03-18T08:00:00+00:00,1773820800,"Downton Abbey, Peaky Blinders, The Crown, portraits de la nation anglaise","""Downton Abbey"", ""Peaky Blinders"", ""The Crown"", nombreuses sont les séries britanniques à s’emparer de l’histoire du Royaume-Uni. De la couronne britannique aux classes ouvrières, quel portrait du Royaume-Uni sur le petit écran ? ",https://www.franceculture.fr/franceculture/podcasts/le-cours-de-l-histoire/downton-abbey-peaky-blinders-the-crown-portraits-de-la-nation-anglaise-4122995,"Downton Abbey, Peaky Blinders, The Crown, portraits de la nation anglaise",https://proxycast.radiofrance.fr/34fc7989-e5bb-4cb2-87f0-00441a9c9046/10076-18.03.2026-ITEMA_24445023-2026C36128S0077-NET_MFC_0A557062-010F-4E49-8023-21DC65F3C468-21-7664df45494655060266c02eb11c1402.mp3?project=c9985698-c0ee-4af3-b0ed-f1a8c7c2d4cd,https://embed.radiofrance.fr/franceculture/player?id_diffusion=d14a95e8-fe74-4431-bbd5-212c033af551,d14a95e8-fe74-4431-bbd5-212c033af551_5
2026-03-19T08:00:00+00:00,1773907200,"De la Normandie au Vietnam, les États-Unis mettent leurs guerres en séries","Les séries télévisées états-uniennes sont sans doute les plus visionnées au monde. Quelle représentation des conflits, en particulier de la Seconde Guerre mondiale, développent-elles ? En quoi réécrivent-elles l’histoire, en particulier pendant la guerre froide ? ",https://www.franceculture.fr/franceculture/podcasts/le-cours-de-l-histoire/de-la-normandie-au-vietnam-les-etats-unis-mettent-leurs-guerres-en-series-9220377,"De la Normandie au Vietnam, les États-Unis mettent leurs guerres en séries",https://proxycast.radiofrance.fr/6281bfe6-d249-4aba-8c8a-187f75ca3bd3/10076-19.03.2026-ITEMA_24446351-2026C36128S0078-NET_MFC_D54BF6CF-CB59-4F6E-B63E-E62C04459D00-21-dea2552cfd1548b039b0e2b4f75c14ea.mp3?project=c9985698-c0ee-4af3-b0ed-f1a8c7c2d4cd,https://embed.radiofrance.fr/franceculture/player?id_diffusion=af2ac46e-124c-4a04-a275-b1b54347f035,af2ac46e-124c-4a04-a275-b1b54347f035_5
2026-03-20T08:00:00+00:00,1773993600,"Jean-Jacques Annaud. Silence, moteur, histoire !","Le cinéaste Jean-Jacques Annaud porte à l’écran des récits historiques où s'entremêlent le romanesque, le spectaculaire et la reconstitution. De ""La Guerre du feu"" à ""Notre-Dame brûle"", retour sur une filmographie fidèle à l’histoire. ",https://www.franceculture.fr/franceculture/podcasts/le-cours-de-l-histoire/jean-jacques-annaud-silence-moteur-histoire-7128010,"Jean-Jacques Annaud. Silence, moteur, histoire !",https://proxycast.radiofrance.fr/c8e3b03f-52b0-422b-92ef-22000769f1b2/10076-20.03.2026-ITEMA_24447788-2026C36128S0079-NET_MFC_95EF3EE2-DA1C-4BB8-BE98-CC5D7CC167D7-21-9f752b1737e671394280d71a868494cd.mp3?project=c9985698-c0ee-4af3-b0ed-f1a8c7c2d4cd,https://embed.radiofrance.fr/franceculture/player?id_diffusion=633539db-c47f-4f11-bebd-e9f7073135a2,633539db-c47f-4f11-bebd-e9f7073135a2_5
2026-03-23T08:00:00+00:00,1774252800,"Israël-États-Unis, histoire d'une relation privilégiée","Le 15 mai 1948, les États-Unis reconnaissent l’État d’Israël dès sa proclamation. Les décennies suivantes, leurs relations se resserrent et des aides militaires se mettent en place. En pleine guerre froide, Israël devient un allié de premier plan pour les États-Unis au Moyen-Orient. ",https://www.franceculture.fr/franceculture/podcasts/le-cours-de-l-histoire/israel-etats-unis-histoire-d-une-relation-privilegiee-8584441,"Israël-États-Unis, histoire d'une relation privilégiée",https://proxycast.radiofrance.fr/085d79d2-1988-43d6-af79-898fe667c029/10076-23.03.2026-ITEMA_24450372-2026C36128S0082-NET_MFC_B97E6AAC-091B-461B-9E29-B4998F2D7207-21-f0814b0604fe405db8470c87db22c950.mp3?project=c9985698-c0ee-4af3-b0ed-f1a8c7c2d4cd,https://embed.radiofrance.fr/franceculture/player?id_diffusion=53b827a4-2a50-4981-a6ae-2f327c77ab77,53b827a4-2a50-4981-a6ae-2f327c77ab77_5
2026-03-24T08:00:00+00:00,1774339200,"Monarchies du Golfe, la diplomatie se noie dans le pétrole","Source de pouvoir et cause de conflits, l’or noir a façonné les frontières du golfe Persique et renforcé les dynasties au pouvoir. Les pays producteurs de pétrole prennent le contrôle du marché des mains des occidentaux et s’imposent comme puissances régionales, voire internationales.",https://www.franceculture.fr/franceculture/podcasts/le-cours-de-l-histoire/monarchies-du-golfe-la-diplomatie-se-noie-dans-le-petrole-1667656,"Monarchies du Golfe, la diplomatie se noie dans le pétrole",https://proxycast.radiofrance.fr/48ea726f-f729-4619-a947-a86608023b47/10076-24.03.2026-ITEMA_24451736-2026C36128S0083-NET_MFC_1186F5BB-356A-4206-8BB4-EF2CB6A2DFA6-21-d7a46d0781440bb30a38afc9ffd97e2c.mp3?project=c9985698-c0ee-4af3-b0ed-f1a8c7c2d4cd,https://embed.radiofrance.fr/franceculture/player?id_diffusion=4dfbf042-9fef-4c7d-a9bd-e8c1f17d9d5f,4dfbf042-9fef-4c7d-a9bd-e8c1f17d9d5f_5
2026-03-25T08:00:00+00:00,1774425600,"Hezbollah, histoire d'une organisation armée","Né en 1982 dans le contexte de la guerre civile libanaise et de l’opération “Paix en Galilée”, la deuxième invasion du Liban par Israël, le Hezbollah se révèle difficile à saisir. Milice armée, organisation islamique chiite, parti politique, entrepreneur social, comment le Hezbollah a-t-il évolué ? ",https://www.franceculture.fr/franceculture/podcasts/le-cours-de-l-histoire/hezbollah-histoire-d-une-organisation-armee-7415108,"Hezbollah, histoire d'une organisation armée",https://proxycast.radiofrance.fr/014bf1d5-0914-4004-94ed-e0a68147cefd/10076-25.03.2026-ITEMA_24453034-2026C36128S0084-NET_MFC_9C18DE2D-0299-47BE-AC5A-0B65E5B1ACA1-21-978213ab1b0b9b1117e5ee5b899e085c.mp3?project=c9985698-c0ee-4af3-b0ed-f1a8c7c2d4cd,https://embed.radiofrance.fr/franceculture/player?id_diffusion=c1f48b40-0abe-4fe5-aaf8-2feec7bca546,c1f48b40-0abe-4fe5-aaf8-2feec7bca546_5
2026-03-26T08:00:00+00:00,1774512000,"Les Kurdes, histoire d'un peuple prisonnier des frontières des autres","Peuple sans frontières, les Kurdes sont devenus progressivement un acteur central au Moyen-Orient. À partir des années 1980, ils sont pris en tenaille dans la guerre Iran-Irak, et la répression s’abat sur eux. Quelles sont les conséquences des guerres au Moyen-Orient pour les Kurdes ? ",https://www.franceculture.fr/franceculture/podcasts/le-cours-de-l-histoire/les-kurdes-histoire-d-un-peuple-prisonnier-des-frontieres-6526228,"Les Kurdes, histoire d'un peuple prisonnier des frontières des autres",https://proxycast.radiofrance.fr/4a8a136f-a5c9-42bb-9e25-3512206ccdc2/10076-26.03.2026-ITEMA_24454278-2026C36128S0085-NET_MFC_9074A25C-ADCE-4F1E-A611-9ECB8D50BF5E-21-c055077707cdb2ee3bca26714d9b1e5d.mp3?project=c9985698-c0ee-4af3-b0ed-f1a8c7c2d4cd,https://embed.radiofrance.fr/franceculture/player?id_diffusion=3ebadec9-be75-4206-9237-6b9ea2473ab5,3ebadec9-be75-4206-9237-6b9ea2473ab5_5
2026-03-27T08:00:00+00:00,1774598400,"Catherine Hiegel, le jeu du théâtre et de l’histoire","Au théâtre, en costume d’époque, Catherine Hiegel joue le répertoire classique de Marivaux et de Molière, comme le théâtre de boulevard de Georges Feydeau. Dans ""Les règles du savoir-vivre dans la société moderne"" de Jean-Luc Lagarce, elle tourne en dérision les bonnes manières d’une époque. ",https://www.franceculture.fr/franceculture/podcasts/le-cours-de-l-histoire/catherine-hiegel-le-jeu-du-theatre-et-de-l-histoire-3838153,"Catherine Hiegel, le jeu du théâtre et de l’histoire",https://proxycast.radiofrance.fr/bd3ca51a-0295-4534-866b-c2531a944adb/10076-27.03.2026-ITEMA_24455144-2026C36128E0003-NET_MFC_E8C7B058-2B44-4309-B3CE-C2BF1BC4F93A-21-4ffcf2ed70d5c16b41930bea5292ec33.mp3?project=c9985698-c0ee-4af3-b0ed-f1a8c7c2d4cd,https://embed.radiofrance.fr/franceculture/player?id_diffusion=1d9495b3-1cef-4957-a78d-30e899cc4e33,1d9495b3-1cef-4957-a78d-30e899cc4e33_5
2026-03-30T07:00:00+00:00,1774854000,"Saint-Exupéry, un homme prend son envol","Né en 1900, Antoine de Saint-Exupéry est à la fois un fils dévoué, un pilote tête brûlée, un écrivain poète, et un mari amoureux et volage. Comment se prend-il de passion pour l’aviation ? Comment commence-t-il à écrire ?

",https://www.franceculture.fr/franceculture/podcasts/le-cours-de-l-histoire/saint-exupery-un-homme-prend-son-envol-6478035,"Saint-Exupéry, un homme prend son envol",https://proxycast.radiofrance.fr/efdc93d1-3228-4a50-ae20-61447b35a4b0/10076-30.03.2026-ITEMA_24458389-2026C36128S0089-NET_MFC_F37CCFA6-8DAA-4A35-90D5-FAAF57791BF4-21-3a1643137544281d2202a6dbb55854c5.mp3?project=c9985698-c0ee-4af3-b0ed-f1a8c7c2d4cd,https://embed.radiofrance.fr/franceculture/player?id_diffusion=808db865-fcc8-4803-a964-43fef306479a,808db865-fcc8-4803-a964-43fef306479a_5
2026-03-31T07:00:00+00:00,1774940400,"Long-courrier vers le sud, histoire de l’Aéropostale","Antoine de Saint-Exupéry fait son baptême de l’air à 12 ans. Il obtient son diplôme de pilote à 21 ans, puis intègre l’Aéropostale. Toulouse, Dakar, Buenos Aires… Dans les airs, Saint-Exupéry transporte du courrier et imagine ses premiers romans. ",https://www.franceculture.fr/franceculture/podcasts/le-cours-de-l-histoire/long-courrier-vers-le-sud-histoire-de-l-aeropostale-8691950,"Long-courrier vers le sud, histoire de l’Aéropostale",https://proxycast.radiofrance.fr/41572d89-072b-4674-b3d4-66d45be7c78d/10076-31.03.2026-ITEMA_24459621-2026C36128S0090-NET_MFC_6B82F655-DC1A-43FA-AA88-1CBE1FEC60BB-21-e7fadc9ac205248fcd0c83406e2e31eb.mp3?project=c9985698-c0ee-4af3-b0ed-f1a8c7c2d4cd,https://embed.radiofrance.fr/franceculture/player?id_diffusion=6e8f463a-8e3b-4122-b103-58d9fba610b4,6e8f463a-8e3b-4122-b103-58d9fba610b4_5
2026-04-01T07:00:00+00:00,1775026800,"Petit Prince et grand succès, histoire d’un phénomène littéraire ","En 1942, Antoine de Saint-Exupéry est en exil à New York. Dans sa maison de Bevin House à Long Island, il écrit en quelques mois ""Le Petit Prince"". Empreint à la fois d’espoir de vivre et de mélancolie, le conte devient rapidement un phénomène littéraire à l’échelle mondiale.",https://www.franceculture.fr/franceculture/podcasts/le-cours-de-l-histoire/petit-prince-et-grand-succes-histoire-d-un-phenomene-litteraire-1469189,"Petit Prince et grand succès, histoire d’un phénomène littéraire ",https://proxycast.radiofrance.fr/92910470-2190-4e33-b499-3294d7c1efcc/10076-01.04.2026-ITEMA_24460977-2026C36128S0091-NET_MFC_AB8EC2D8-9439-4516-98E3-27BC9E670DB7-21-3c344a25b7b9f56e042a2a3eb5f847ae.mp3?project=c9985698-c0ee-4af3-b0ed-f1a8c7c2d4cd,https://embed.radiofrance.fr/franceculture/player?id_diffusion=e023ca2a-f633-4b73-8abb-c79bb13c367a,e023ca2a-f633-4b73-8abb-c79bb13c367a_5
2026-04-02T07:00:00+00:00,1775113200,"Saint-Exupéry, dernier vol d’un pilote de guerre  ","Lorsque la Seconde Guerre mondiale éclate, Antoine de Saint-Exupéry entend mettre ses capacités de pilote, et d'écrivain, au service de la lutte contre les puissances de l’Axe. Il trouve la mort en 1944, dans des circonstances mystérieuses qui n’ont à ce jour pas été éclaircies. ",https://www.franceculture.fr/franceculture/podcasts/le-cours-de-l-histoire/saint-exupery-dernier-vol-d-un-pilote-de-guerre-3269160,"Saint-Exupéry, dernier vol d’un pilote de guerre  ",https://proxycast.radiofrance.fr/b03c3e8f-27be-45ec-9e9c-ae086ef7376b/10076-02.04.2026-ITEMA_24462273-2026C36128S0092-NET_MFC_31131E56-1FED-4387-A376-2319633A2FA3-21-cad1680aef41aede2805274a268455e6.mp3?project=c9985698-c0ee-4af3-b0ed-f1a8c7c2d4cd,https://embed.radiofrance.fr/franceculture/player?id_diffusion=eaf17fa8-ab39-4f63-9fd1-cd6024a361f1,eaf17fa8-ab39-4f63-9fd1-cd6024a361f1_5
2026-04-03T07:00:00+00:00,1775199600,"Esclavage en Méditerranée, nouveaux regards historiques","Aux 17ᵉ et 18ᵉ siècles, des pirates et des corsaires, barbaresques et chrétiens, traversent la Méditerranée de part en part et réduisent les populations côtières en esclavage. Quelles sources nous permettent de retracer la vie quotidienne des personnes esclavisées en Méditerranée ? 
",https://www.franceculture.fr/franceculture/podcasts/le-cours-de-l-histoire/esclavage-en-mediterranee-nouveaux-regards-historiques-6836629,"Esclavage en Méditerranée, nouveaux regards historiques",https://proxycast.radiofrance.fr/95f6cc34-91c3-45a6-81c3-ef8557466949/10076-03.04.2026-ITEMA_24463692-2026C36128S0093-NET_MFC_2BC7BB1E-FC07-4A90-9EDB-1ED2E399F0F6-21-4ce08baf013cd030767476fce6f9c633.mp3?project=c9985698-c0ee-4af3-b0ed-f1a8c7c2d4cd,https://embed.radiofrance.fr/franceculture/player?id_diffusion=8e5040b0-a770-4d54-b317-edd55343bcde,8e5040b0-a770-4d54-b317-edd55343bcde_5
2026-04-06T07:00:00+00:00,1775458800,En être ou pas ? Devenir citoyen dans la Grèce antique,"Dans la Grèce antique, la citoyenneté se fabrique tout au long de la vie. De la reconnaissance par le père à l’inscription du nom sur une liste, les étapes de citoyenneté rythment la vie de l’individu. En quoi l’archéologie permet-elle de renouveler le regard sur la citoyenneté en Grèce antique ?",https://www.franceculture.fr/franceculture/podcasts/le-cours-de-l-histoire/en-etre-ou-pas-devenir-citoyen-dans-la-grece-antique-4809618,En être ou pas ? Devenir citoyen dans la Grèce antique,https://proxycast.radiofrance.fr/fda9bbda-575f-4ec7-bd7a-f57b658c5edc/10076-06.04.2026-ITEMA_24466332-2026C36128S0096-NET_MFC_7DC17FA1-7E91-4FB1-BE5F-6DD78FCE423F-21-a3d8782a63104062bd324754c6c64516.mp3?project=c9985698-c0ee-4af3-b0ed-f1a8c7c2d4cd,https://embed.radiofrance.fr/franceculture/player?id_diffusion=7bd607af-1676-4947-b8c2-82d73ea4897f,7bd607af-1676-4947-b8c2-82d73ea4897f_5
2026-04-07T07:00:00+00:00,1775545200,"Pour la beauté du grec, déchiffrer des lettres antiques","Déchiffrer les messages en grec ancien, inscrits sur des pierres et des vases antiques, est un jeu d'enfant. Apprendre, ou réviser, l’alphabet grec permet aussi de mieux comprendre la construction des mots et des sociétés contemporaines. À vos épigraphes, le cours de grec ancien va commencer !",https://www.franceculture.fr/franceculture/podcasts/le-cours-de-l-histoire/pour-la-beaute-du-grec-dechiffrer-des-lettres-antiques-9250684,"Pour la beauté du grec, déchiffrer des lettres antiques",https://proxycast.radiofrance.fr/65fda6e1-e99a-4ea1-8fa6-4ccbd53b768a/10076-07.04.2026-ITEMA_24467553-2026C36128S0097-NET_MFC_E66E7D12-239F-4791-BE38-91582DBD6DE7-21-c0823b6d0fde7db28db7603d054cde0f.mp3?project=c9985698-c0ee-4af3-b0ed-f1a8c7c2d4cd,https://embed.radiofrance.fr/franceculture/player?id_diffusion=cfd24c47-6f33-4891-99b7-4999e6c24e27,cfd24c47-6f33-4891-99b7-4999e6c24e27_5
2026-04-08T07:00:00+00:00,1775631600,Nu et musclé ? Les masculinités en Grèce antique,"L’image des hommes grecs de l’Antiquité s'est construite à travers les sculptures et les textes qui sont parvenus jusqu'à nous, au prix de quelques clichés tenaces. Au-delà de la nudité musclée, comment définir ces masculinités antiques, entre vulnérabilité et domination ?",https://www.franceculture.fr/franceculture/podcasts/le-cours-de-l-histoire/nu-et-muscle-les-masculinites-en-grece-antique-5191250,Nu et musclé ? Les masculinités en Grèce antique,https://proxycast.radiofrance.fr/4c70e391-d342-484c-956c-317daba7b4cc/10076-08.04.2026-ITEMA_24468845-2026C36128S0098-NET_MFC_2942768D-3599-4BD0-B273-CD9DD7C122F7-21-45bae92b31ad7ec3133b513bef9da415.mp3?project=c9985698-c0ee-4af3-b0ed-f1a8c7c2d4cd,https://embed.radiofrance.fr/franceculture/player?id_diffusion=18efbada-625f-432e-b569-695ea019d31d,18efbada-625f-432e-b569-695ea019d31d_5
2026-04-09T07:00:00+00:00,1775718000,Œdipe a-t-il vraiment tué son père ? Contre-enquête sur des tragédies antiques,"Au 5ᵉ siècle avant notre ère, les tragédies grecques reprennent des thèmes de la mythologie et de l’épopée. Certains dramaturges, comme Sophocle, laissent des incertitudes dans leur intrigue. Du crime d’Œdipe au suicide d’Antigone, sommes-nous vraiment sûrs qu’ils ont eu lieu ?",https://www.franceculture.fr/franceculture/podcasts/le-cours-de-l-histoire/oedipe-a-t-il-vraiment-tue-son-pere-contre-enquete-sur-des-tragedies-antiques-4520697,Œdipe a-t-il vraiment tué son père ? Contre-enquête sur des tragédies antiques,https://proxycast.radiofrance.fr/6b55d717-bce0-4ffc-8c64-8b310766aa54/10076-09.04.2026-ITEMA_24470118-2026C36128S0099-NET_MFC_522CEC0F-6568-4AE7-9BD8-556840A675B8-21-91221dbe1efc92d0edf1e6a898fbbc6c.mp3?project=c9985698-c0ee-4af3-b0ed-f1a8c7c2d4cd,https://embed.radiofrance.fr/franceculture/player?id_diffusion=2aa57cf6-3796-47c8-a2a5-50fda3c83470,2aa57cf6-3796-47c8-a2a5-50fda3c83470_5
2026-04-10T07:00:00+00:00,1775804400,"Éric Vuillard, l’histoire à l’ordre du jour","Par le récit des combats de la Première Guerre mondiale, de la conquête de l’Ouest, ou du 14 juillet 1789, Éric Vuillard décrit les violences expansionnistes, économiques et sociales. Dans son ouvrage ""Les Orphelins. Une histoire de Billy the Kid"", il dresse le portrait d’un États-Unien déshérité.",https://www.franceculture.fr/franceculture/podcasts/le-cours-de-l-histoire/eric-vuillard-l-histoire-a-l-ordre-du-jour-3122152,"Éric Vuillard, l’histoire à l’ordre du jour",https://proxycast.radiofrance.fr/5cab01e0-a9c5-4200-9374-d08c90905b57/10076-10.04.2026-ITEMA_24471600-2026C36128S0100-NET_MFC_8DB39FEA-A456-46B3-8657-06042F302B14-21-5aff9b6024a6d19f8e825322fe22b370.mp3?project=c9985698-c0ee-4af3-b0ed-f1a8c7c2d4cd,https://embed.radiofrance.fr/franceculture/player?id_diffusion=16cee417-ddfd-456e-b079-b85398ba07b7,16cee417-ddfd-456e-b079-b85398ba07b7_5
2026-04-13T07:00:00+00:00,1776063600,"Comment le monde ibérique a-t-il inventé la ""pureté de sang"" ?","L’Espagne et le Portugal de l’époque moderne mettent en place une politique de conversion, de discrimination et d’expulsion vis-à-vis des juifs et des musulmans, notamment à travers le statut de “pureté de sang”. En quoi est-ce un jalon dans l’histoire de la formation des catégories raciales ?",https://www.franceculture.fr/franceculture/podcasts/le-cours-de-l-histoire/comment-le-monde-iberique-a-t-il-invente-la-purete-de-sang-3326793,"Comment le monde ibérique a-t-il inventé la ""pureté de sang"" ?",https://proxycast.radiofrance.fr/6c4840d8-f2f4-49aa-8de6-ece671be1f70/10076-13.04.2026-ITEMA_24474261-2026C36128S0103-NET_MFC_07235C98-3BDC-4943-A914-2EBA5714D9E7-21-ee4ce74ac51aeccb1eb3f02835d4a4bd.mp3?project=c9985698-c0ee-4af3-b0ed-f1a8c7c2d4cd,https://embed.radiofrance.fr/franceculture/player?id_diffusion=9e0a853a-5054-4252-8a39-1edf07b6c334,9e0a853a-5054-4252-8a39-1edf07b6c334_5
2026-04-14T07:00:00+00:00,1776150000,"De l'esclavage à la race, le monde pensé en noir et blanc","En 1684, le terme de “race” est utilisé pour la première fois pour désigner un groupe d’humains. Tandis que l’Europe s’enrichit du commerce colonial, les savants s’intéressent aux déplacements des populations. Quand l’esclavage est combattu au 18ᵉ siècle, les théories racistes voient le jour.",https://www.franceculture.fr/franceculture/podcasts/le-cours-de-l-histoire/le-cours-de-l-histoire-emission-du-mardi-14-avril-2026-5023700,"De l'esclavage à la race, le monde pensé en noir et blanc",https://proxycast.radiofrance.fr/b07628d0-b67a-4e0b-b260-51749d27b236/10076-14.04.2026-ITEMA_24475619-2026C36128S0104-NET_MFC_D26F2879-CC87-468A-9548-8536A4FA7111-21-afbea35a083dbedf94f62a8500cb38f2.mp3?project=c9985698-c0ee-4af3-b0ed-f1a8c7c2d4cd,https://embed.radiofrance.fr/franceculture/player?id_diffusion=26b2926a-d24a-4c1f-b9ff-2094147c468f,26b2926a-d24a-4c1f-b9ff-2094147c468f_5
2026-04-15T07:00:00+00:00,1776236400,"Racisme scientifique et médical, des pseudo-théories pour mieux dominer","À partir du 19ᵉ siècle, des scientifiques et des médecins mettent en place des théories pseudo-scientifiques à caractère raciste. Palpation des crânes, chirurgie, dissection : tous les moyens sont bons pour forger des discours racistes qui vont circuler des États-Unis à l’Europe.",https://www.franceculture.fr/franceculture/podcasts/le-cours-de-l-histoire/racisme-scientifique-et-medical-des-pseudo-theories-pour-mieux-dominer-5608372,"Racisme scientifique et médical, des pseudo-théories pour mieux dominer",https://proxycast.radiofrance.fr/aecf6660-255d-4522-8fcf-5881d8f2d50a/10076-15.04.2026-ITEMA_24476954-2026C36128S0105-NET_MFC_C7B1DE09-FCCF-4DF4-97A6-358DB1E17BAA-21-049dcc9b9e066ab662383d571905a44b.mp3?project=c9985698-c0ee-4af3-b0ed-f1a8c7c2d4cd,https://embed.radiofrance.fr/franceculture/player?id_diffusion=bf8eeeb8-8608-4c9c-bb49-bb480c0d89fb,bf8eeeb8-8608-4c9c-bb49-bb480c0d89fb_5
2026-04-16T07:00:00+00:00,1776322800,"Race et République, histoire d'un tabou français","En 1794, sous la Première République, la Convention abolit l’esclavage dans les colonies françaises. Pourtant, les discriminations envers les personnes racisées continuent tout au long de l’histoire de la République. Comment expliquer cette contradiction avec les valeurs d’égalité et de fraternité ?",https://www.franceculture.fr/franceculture/podcasts/le-cours-de-l-histoire/race-et-republique-histoire-d-un-tabou-francais-3356169,"Race et République, histoire d'un tabou français",https://proxycast.radiofrance.fr/efa09cec-052b-43cf-a928-b2c68172d0af/10076-16.04.2026-ITEMA_24478242-2026C36128S0106-NET_MFC_A1D98267-9FE3-4898-AD2A-1B5CD24EB317-21-0b11f73d2cba94f65fa3d00130d3cc5d.mp3?project=c9985698-c0ee-4af3-b0ed-f1a8c7c2d4cd,https://embed.radiofrance.fr/franceculture/player?id_diffusion=7c3419c8-9dfb-4b76-86e5-e8097b3fe147,7c3419c8-9dfb-4b76-86e5-e8097b3fe147_5
2026-04-17T07:00:00+00:00,1776409200,"Marc Bloch et Samuel Paty, quels symboles pour le Panthéon ?"," Le 23 juin 2026, l’historien et résistant Marc Bloch entrera au Panthéon. La panthéonisation de Samuel Paty, professeur d’histoire-géographie assassiné en 2020, est quant à elle à l’état de projet. Qui peut alors être panthéonisé ? Le Panthéon peut-il accueillir des victimes et des anonymes ?",https://www.franceculture.fr/franceculture/podcasts/le-cours-de-l-histoire/marc-bloch-et-samuel-paty-quels-symboles-pour-le-pantheon-5061726,"Marc Bloch et Samuel Paty, quels symboles pour le Panthéon ?",https://proxycast.radiofrance.fr/efb39a0d-c3b7-481d-a936-5e3e8e020fbd/10076-17.04.2026-ITEMA_24479103-2026C36128S0107-NET_MFC_AC7E36D2-B30A-4BB6-A650-D34BC7543EF9-21-e9da3e5352926f291f1045c7fd6672d2.mp3?project=c9985698-c0ee-4af3-b0ed-f1a8c7c2d4cd,https://embed.radiofrance.fr/franceculture/player?id_diffusion=e330992f-1352-44bd-a7da-6a63c05f6091,e330992f-1352-44bd-a7da-6a63c05f6091_5
2026-04-20T07:00:00+00:00,1776668400,"John Eliot Gardiner, passe ton Bach d’abord !","De Jean-Sébastien Bach à Benjamin Britten, en passant par Jean-Philippe Rameau et Claudio Monteverdi, le chef d’orchestre Sir John Eliot Gardiner propose une approche érudite et passionnée de la musique. Comment l’histoire accompagne-t-elle le métier de chef d’orchestre ?",https://www.franceculture.fr/franceculture/podcasts/le-cours-de-l-histoire/john-eliot-gardiner-passe-ton-bach-d-abord-2537835,"John Eliot Gardiner, passe ton Bach d’abord !",https://proxycast.radiofrance.fr/7a533500-4404-4280-86a9-a40aed438ddc/10076-20.04.2026-ITEMA_24482501-2026C36128E0004-NET_MFC_023089CF-4746-4081-9C6B-CC8E37D81796-21-eccae6528405c392553ef3c6702c5ebb.mp3?project=c9985698-c0ee-4af3-b0ed-f1a8c7c2d4cd,https://embed.radiofrance.fr/franceculture/player?id_diffusion=da3c668c-49bd-45e1-b43c-0dd48a1368f2,da3c668c-49bd-45e1-b43c-0dd48a1368f2_5
2026-04-21T07:00:00+00:00,1776754800,"Lyonel Trouillot, l'histoire haïtienne sur le bout de la langue","Comment raconter les injustices sociales présentes dans l’histoire d’Haïti sans les essentialiser ? Le poète et romancier haïtien Lyonel Trouillot relève le défi. Dans ses romans, les échos de voix oubliées résonnent avec justesse, pour dépeindre des sociétés aux contradictions variées.",https://www.franceculture.fr/franceculture/podcasts/le-cours-de-l-histoire/lyonel-trouillot-l-histoire-haitienne-sur-le-bout-de-la-langue-4530330,"Lyonel Trouillot, l'histoire haïtienne sur le bout de la langue",https://proxycast.radiofrance.fr/86d54d38-14c8-44be-af35-01ac44cbd037/10076-21.04.2026-ITEMA_24483828-2026C36128E0005-NET_MFC_7B5BEB31-FBD2-47BF-89D2-8D6610E24E69-21-025f2dcc642279c750ae108627b1ba06.mp3?project=c9985698-c0ee-4af3-b0ed-f1a8c7c2d4cd,https://embed.radiofrance.fr/franceculture/player?id_diffusion=dc45b03b-d997-4bec-a400-f8c0f87e05db,dc45b03b-d997-4bec-a400-f8c0f87e05db_5
2026-04-22T07:00:00+00:00,1776841200,"Du collage à la sculpture, des artistes s’emparent du passé pour créer","Sculptures, collages, installations vidéo : quand des artistes contemporains font de l’histoire la matière première de leur inspiration, la création permet de formuler de nouveaux discours sur le passé et d’interroger la mémoire collective.

",https://www.franceculture.fr/franceculture/podcasts/le-cours-de-l-histoire/du-collage-a-la-sculpture-des-artistes-s-emparent-du-passe-pour-creer-5174451,"Du collage à la sculpture, des artistes s’emparent du passé pour créer",https://proxycast.radiofrance.fr/083707cd-61e2-4337-9eb7-26464b2cb04d/10076-22.04.2026-ITEMA_24485176-2026C36128E0006-NET_MFC_24F06C94-8D4C-429C-881D-710DBF056D68-21-cb62a975c6886730b91570079d7345f2.mp3?project=c9985698-c0ee-4af3-b0ed-f1a8c7c2d4cd,https://embed.radiofrance.fr/franceculture/player?id_diffusion=032e28b7-33bf-43f3-a142-4a22abb2108d,032e28b7-33bf-43f3-a142-4a22abb2108d_5
2026-04-23T07:00:00+00:00,1776927600,"Baru, une histoire populaire à la pointe du crayon","Baru, alias Hervé Barulea, trace à travers son œuvre de bandes dessinées le portrait de la classe ouvrière, entre les hauts-fourneaux de la Lorraine des aciers et les ouvriers immigrés italiens. Comment mobiliser l’émotion de l’histoire et de l’archive pour imaginer des histoires dessinées ?",https://www.franceculture.fr/franceculture/podcasts/le-cours-de-l-histoire/baru-une-histoire-populaire-a-la-pointe-du-crayon-5380430,"Baru, une histoire populaire à la pointe du crayon",https://proxycast.radiofrance.fr/63e16a9d-cd21-46e3-a7b6-921501f95512/10076-23.04.2026-ITEMA_24486527-2026C36128E0007-NET_MFC_87E43ABD-D450-487E-9669-7A71849A431E-21-07d21f9b47bff4b9d991bb1e17b6401c.mp3?project=c9985698-c0ee-4af3-b0ed-f1a8c7c2d4cd,https://embed.radiofrance.fr/franceculture/player?id_diffusion=6c08e1b5-ab21-448c-89d9-374b3ebd907e,6c08e1b5-ab21-448c-89d9-374b3ebd907e_5
2026-04-24T07:00:00+00:00,1777014000,"LE COURS DE L'HISTOIRE, émission du vendredi 24 avril 2026", ,,"LE COURS DE L'HISTOIRE, émission du vendredi 24 avril 2026",https://proxycast.radiofrance.fr/7ab8b409-159f-4024-bdac-9ea572ea080e/10076-24.04.2026-ITEMA_24488032-2026C36128E0008-NET_MFC_E271A74C-D8AE-4E9C-94EC-30228D83EE1C-21-642be0282d2174e55562bf039c123a2b.mp3?project=c9985698-c0ee-4af3-b0ed-f1a8c7c2d4cd,https://embed.radiofrance.fr/franceculture/player?id_diffusion=494c3554-df4c-4fff-ac42-a0054d11af57,494c3554-df4c-4fff-ac42-a0054d11af57_5
2026-04-27T07:00:00+00:00,1777273200,"Dangers sur l’eau, veiller à la sécurité des gens de mer","À l’époque moderne, le monde de la mer est périlleux. Noyades, maladies, naufrages… les risques du métier pour les gens de mer ne se comptent plus. Du secours aux naufragés à la caisse des Invalides, l’État royal met en place diverses mesures pour protéger les marins et garantir le commerce. ",https://www.franceculture.fr/franceculture/podcasts/le-cours-de-l-histoire/dangers-sur-l-eau-veiller-a-la-securite-des-gens-de-mer-7766161,"Dangers sur l’eau, veiller à la sécurité des gens de mer",https://proxycast.radiofrance.fr/0bac1737-6627-49b2-af77-6dca9fbd78fc/10076-27.04.2026-ITEMA_24490790-2026C36128S0117-NET_MFC_4F0B4CC9-DDA5-475B-ABA4-23AE9D49EB9B-21-1afa362a359e4206c91de35833dbc8eb.mp3?project=c9985698-c0ee-4af3-b0ed-f1a8c7c2d4cd,https://embed.radiofrance.fr/franceculture/player?id_diffusion=f8eff171-cc5f-4710-8865-c10e1b01958c,f8eff171-cc5f-4710-8865-c10e1b01958c_5
2026-04-28T07:00:00+00:00,1777359600,"Corps ouvriers et produits chimiques, l’histoire toxique de l’industrialisation",Avec l’industrialisation émergent de nouveaux produits et de nouveaux usages toxiques qui nuisent gravement à la santé des travailleurs et des travailleuses. Comment ces produits sont-ils progressivement identifiés et prohibés ?,https://www.franceculture.fr/franceculture/podcasts/le-cours-de-l-histoire/corps-ouvriers-et-produits-chimiques-l-histoire-toxique-de-l-industrialisation-5048813,"Corps ouvriers et produits chimiques, l’histoire toxique de l’industrialisation",https://proxycast.radiofrance.fr/f2c21d1a-e781-4df7-ab43-98e595830ace/10076-28.04.2026-ITEMA_24492141-2026C36128S0118-NET_MFC_68C9F196-0E02-4D9E-9D61-1FF739528EE7-21-1c81e7210b1abc1e33466e2a51293427.mp3?project=c9985698-c0ee-4af3-b0ed-f1a8c7c2d4cd,https://embed.radiofrance.fr/franceculture/player?id_diffusion=eaabd970-17a2-4c48-ba20-65eb0eb3b260,eaabd970-17a2-4c48-ba20-65eb0eb3b260_5
2026-04-29T07:00:00+00:00,1777446000,"Coup de grisou et silicose, les mines à pleins poumons","Protection des enfants, limitation de la durée de travail et prévention des accidents, les conquêtes sociales obtenues par les mouvements miniers sont avant-gardistes. Paradoxalement, la reconnaissance des maladies professionnelles tarde, malgré le combat des organisations syndicales.",https://www.franceculture.fr/franceculture/podcasts/le-cours-de-l-histoire/coup-de-grisou-et-silicose-les-mines-a-pleins-poumons-4395004,"Coup de grisou et silicose, les mines à pleins poumons",https://proxycast.radiofrance.fr/c5257952-e7fe-4f11-bf8f-520075211297/10076-29.04.2026-ITEMA_24493495-2026C36128S0119-NET_MFC_6C266C11-479E-4AF6-AC10-A4B6BD032A15-21-12e617a30e18b7e1ebf7e4fcb10d06bb.mp3?project=c9985698-c0ee-4af3-b0ed-f1a8c7c2d4cd,https://embed.radiofrance.fr/franceculture/player?id_diffusion=2323afb3-9d23-4a91-b9c7-07818a8eedde,2323afb3-9d23-4a91-b9c7-07818a8eedde_5
2026-04-30T07:00:00+00:00,1777532400,"Amiante au travail, histoire d’un scandale de santé publique","Au 20ᵉ siècle, l’utilisation de l'amiante se développe dans les industries et bâtiments publics. L’exposition à ses poussières représente un risque grave pour les ouvriers et ouvrières, et pour le reste de la population française. Cancers du poumon, mésothéliomes, les maladies apparaissent. ",https://www.franceculture.fr/franceculture/podcasts/le-cours-de-l-histoire/amiante-au-travail-histoire-d-un-scandale-de-sante-publique-6468428,"Amiante au travail, histoire d’un scandale de santé publique",https://proxycast.radiofrance.fr/3445d221-85e7-40c6-8441-dc38921b5fec/10076-30.04.2026-ITEMA_24494784-2026C36128S0120-NET_MFC_4B61D751-D1E9-4331-974C-04FA23C58E9A-21-028cdb82d69a83743f4e39fe5a429ad9.mp3?project=c9985698-c0ee-4af3-b0ed-f1a8c7c2d4cd,https://embed.radiofrance.fr/franceculture/player?id_diffusion=8ef6fa07-65d9-4d2c-ae47-c4b565077af3,8ef6fa07-65d9-4d2c-ae47-c4b565077af3_5
2026-05-01T07:00:00+00:00,1777618800,"Gilles Perret, filmer l’histoire des luttes sociales","À travers documentaires et fictions, Gilles Perret filme les mutations économiques et les ambitions de réforme sociale. Du travail agricole aux mémoires ouvrières, il porte à l’écran une histoire sociale incarnée et faite de rencontres. ",https://www.franceculture.fr/franceculture/podcasts/le-cours-de-l-histoire/gilles-perret-filmer-l-histoire-des-luttes-sociales-3119678,"Gilles Perret, filmer l’histoire des luttes sociales",https://proxycast.radiofrance.fr/4456bfcc-82ae-44f0-addc-7abb4a4e9dc6/10076-01.05.2026-ITEMA_24496285-2026C36128S0121-NET_MFC_A4429A2F-5C1E-447B-A191-BFFF9108E510-21-086d45a2f8198cc9d6771015b2a7da8d.mp3?project=c9985698-c0ee-4af3-b0ed-f1a8c7c2d4cd,https://embed.radiofrance.fr/franceculture/player?id_diffusion=992d2b83-65c6-45ac-9ea1-8afe6634544f,992d2b83-65c6-45ac-9ea1-8afe6634544f_5
